Order ID	Product	Famille	Quantity	Average	Release Date	Due Date	Days Limit	Processing time/ day	Processing time/ hour	Rotation								
										A	P	H	F	C	E	N	M	V
1	N1	N	19	334,18	9/1/2025	20/2/2025	42	0,057	1,368	1	0	0	0	0	0	1	0	0
2	N1	N	19	334,18	9/1/2025	20/2/2025	42	0,057	1,368	1	0	0	0	0	0	1	0	0
3	N1	N	19	334,18	9/1/2025	20/2/2025	42	0,057	1,368	1	0	0	0	0	0	1	0	0
4	N1	N	19	334,18	9/1/2025	20/2/2025	42	0,057	1,368	1	0	0	0	0	0	1	0	0
5	N1	N	19	334,18	9/1/2025	20/2/2025	42	0,057	1,368	1	0	0	0	0	0	1	0	0
6	N1	N	19	334,18	9/1/2025	20/2/2025	42	0,057	1,368	1	0	0	0	0	0	1	0	0
7	E1	E	18	333,66	14/1/2025	25/2/2025	42	0,054	1,296	1	0	0	0	0	1	0	0	0
8	E1	E	18	333,66	14/1/2025	25/2/2025	42	0,054	1,296	1	0	0	0	0	1	0	0	0
9	E1	E	18	333,66	14/1/2025	25/2/2025	42	0,054	1,296	1	0	0	0	0	1	0	0	0
10	E2	E	19	333,66	12/1/2025	23/2/2025	42	0,057	1,368	1	0	0	0	0	1	0	0	0
11	E2	E	19	333,66	12/1/2025	23/2/2025	42	0,057	1,368	1	0	0	0	0	1	0	0	0
12	E2	E	19	333,66	12/1/2025	23/2/2025	42	0,057	1,368	1	0	0	0	0	1	0	0	0
13	A1	A	37	407,17	13/1/2025	24/2/2025	42	0,091	2,184	1	1	1	0	0	0	0	0	0
14	A1	A	111	407,17	13/1/2025	24/2/2025	42	0,273	6,552	1	1	1	0	0	0	0	0	0
15	A2	A	38	407,17	22/1/2025	5/3/2025	42	0,093	2,232	1	1	1	0	0	0	0	0	0
16	P1	P	108	409,15	17/1/2025	28/2/2025	42	0,264	6,336	1	1	0	0	0	0	0	0	0
17	P1	P	108	409,15	17/1/2025	28/2/2025	42	0,264	6,336	1	1	0	0	0	0	0	0	0
18	P1	P	108	409,15	17/1/2025	28/2/2025	42	0,264	6,336	1	1	0	0	0	0	0	0	0
19	A3	A	54	407,17	17/1/2025	28/2/2025	42	0,133	3,192	1	1	1	0	0	0	0	0	0
20	A3	A	54	407,17	17/1/2025	28/2/2025	42	0,133	3,192	1	1	1	0	0	0	0	0	0
21	A3	A	54	407,17	17/1/2025	28/2/2025	42	0,133	3,192	1	1	1	0	0	0	0	0	0
22	N2	N	70	334,18	21/1/2025	4/3/2025	42	0,209	5,016	1	0	0	0	0	0	1	0	0
23	A1	A	111	407,17	24/1/2025	7/3/2025	42	0,273	6,552	1	1	1	0	0	0	0	0	0
24	A2	A	38	407,17	22/1/2025	5/3/2025	42	0,093	2,232	1	1	1	0	0	0	0	0	0
25	A1	A	111	407,17	24/1/2025	7/3/2025	42	0,273	6,552	1	1	1	0	0	0	0	0	0
26	A2	A	38	407,17	22/1/2025	5/3/2025	42	0,093	2,232	1	1	1	0	0	0	0	0	0
27	A1	A	111	407,17	24/1/2025	7/3/2025	42	0,273	6,552	1	1	1	0	0	0	0	0	0
28	A1	A	111	407,17	24/1/2025	7/3/2025	42	0,273	6,552	1	1	1	0	0	0	0	0	0
29	P2	P	23	409,15	10/1/2025	21/2/2025	42	0,056	1,344	1	1	0	0	0	0	0	0	0
30	A1	A	111	407,17	24/1/2025	7/3/2025	42	0,273	6,552	1	1	1	0	0	0	0	0	0
31	P1	P	108	409,15	17/1/2025	28/2/2025	42	0,264	6,336	1	1	0	0	0	0	0	0	0
32	P1	P	108	409,15	17/1/2025	28/2/2025	42	0,264	6,336	1	1	0	0	0	0	0	0	0
33	P1	P	108	409,15	17/1/2025	28/2/2025	42	0,264	6,336	1	1	0	0	0	0	0	0	0
34	A3	A	54	407,17	17/1/2025	28/2/2025	42	0,133	3,192	1	1	1	0	0	0	0	0	0
35	A3	A	54	407,17	17/1/2025	28/2/2025	42	0,133	3,192	1	1	1	0	0	0	0	0	0
36	A3	A	54	407,17	17/1/2025	28/2/2025	42	0,133	3,192	1	1	1	0	0	0	0	0	0
37	A2	A	38	407,17	22/1/2025	5/3/2025	42	0,093	2,232	1	1	1	0	0	0	0	0	0
38	N2	N	70	334,18	21/1/2025	4/3/2025	42	0,209	5,016	1	0	0	0	0	0	1	0	0
39	A1	A	111	407,17	24/1/2025	7/3/2025	42	0,273	6,552	1	1	1	0	0	0	0	0	0
40	A2	A	38	407,17	22/1/2025	5/3/2025	42	0,093	2,232	1	1	1	0	0	0	0	0	0
41	A1	A	111	407,17	24/1/2025	7/3/2025	42	0,273	6,552	1	1	1	0	0	0	0	0	0
42	A2	A	19	407,17	22/1/2025	5/3/2025	42	0,047	1,128	1	1	1	0	0	0	0	0	0
43	A1	A	111	407,17	24/1/2025	7/3/2025	42	0,273	6,552	1	1	1	0	0	0	0	0	0
44	C1	C	18	411,11	10/2/2025	24/3/2025	42	0,044	1,056	1	0	0	0	1	0	0	0	0
45	A1	A	18	407,17	11/2/2025	25/3/2025	42	0,044	1,056	1	1	1	0	0	0	0	0	0
46	A1	A	18	407,17	11/2/2025	25/3/2025	42	0,044	1,056	1	1	1	0	0	0	0	0	0
47	A1	A	18	407,17	11/2/2025	25/3/2025	42	0,044	1,056	1	1	1	0	0	0	0	0	0
48	A1	A	18	407,17	11/2/2025	25/3/2025	42	0,044	1,056	1	1	1	0	0	0	0	0	0
49	A1	A	18	407,17	11/2/2025	25/3/2025	42	0,044	1,056	1	1	1	0	0	0	0	0	0
50	A1	A	18	407,17	11/2/2025	25/3/2025	42	0,044	1,056	1	1	1	0	0	0	0	0	0
51	A1	A	18	407,17	11/2/2025	25/3/2025	42	0,044	1,056	1	1	1	0	0	0	0	0	0
52	A1	A	18	407,17	11/2/2025	25/3/2025	42	0,044	1,056	1	1	1	0	0	0	0	0	0
53	H1	H	99	402,02	7/1/2025	18/2/2025	42	0,246	5,904	0	0	1	1	0	0	0	0	0
54	P1	P	108	409,15	17/1/2025	28/2/2025	42	0,264	6,336	1	1	0	0	0	0	0	0	0
55	P1	P	108	409,15	17/1/2025	28/2/2025	42	0,264	6,336	1	1	0	0	0	0	0	0	0
56	A3	A	54	407,17	17/1/2025	28/2/2025	42	0,133	3,192	1	1	1	0	0	0	0	0	0
57	A3	A	54	407,17	17/1/2025	28/2/2025	42	0,133	3,192	1	1	1	0	0	0	0	0	0
58	A3	A	54	407,17	17/1/2025	28/2/2025	42	0,133	3,192	1	1	1	0	0	0	0	0	0
59	N2	N	70	334,18	21/1/2025	4/3/2025	42	0,209	5,016	1	0	0	0	0	0	1	0	0
60	N1	N	19	334,18	12/2/2025	26/3/2025	42	0,057	1,368	1	0	0	0	0	0	1	0	0
61	N1	N	19	334,18	12/2/2025	26/3/2025	42	0,057	1,368	1	0	0	0	0	0	1	0	0
62	N1	N	19	334,18	12/2/2025	26/3/2025	42	0,057	1,368	1	0	0	0	0	0	1	0	0
63	N1	N	19	334,18	12/2/2025	26/3/2025	42	0,057	1,368	1	0	0	0	0	0	1	0	0
64	N1	N	19	334,18	12/2/2025	26/3/2025	42	0,057	1,368	1	0	0	0	0	0	1	0	0
65	N1	N	19	334,18	12/2/2025	26/3/2025	42	0,057	1,368	1	0	0	0	0	0	1	0	0
66	N1	N	19	334,18	12/2/2025	26/3/2025	42	0,057	1,368	1	0	0	0	0	0	1	0	0
67	N1	N	19	334,18	12/2/2025	26/3/2025	42	0,057	1,368	1	0	0	0	0	0	1	0	0
68	E3	E	95	333,66	20/1/2025	3/3/2025	42	0,285	6,84	1	0	0	0	0	1	0	0	0
69	N1	N	310	334,18	6/2/2025	20/3/2025	42	0,928	22,272	1	0	0	0	0	0	1	0	0
70	A2	A	38	407,17	22/1/2025	5/3/2025	42	0,093	2,232	1	1	1	0	0	0	0	0	0
71	A1	A	111	407,17	24/1/2025	7/3/2025	42	0,273	6,552	1	1	1	0	0	0	0	0	0
72	A2	A	38	407,17	22/1/2025	5/3/2025	42	0,093	2,232	1	1	1	0	0	0	0	0	0
73	A2	A	38	407,17	22/1/2025	5/3/2025	42	0,093	2,232	1	1	1	0	0	0	0	0	0
74	A1	A	111	407,17	27/1/2025	10/3/2025	42	0,273	6,552	1	1	1	0	0	0	0	0	0
75	A1	A	111	407,17	7/2/2025	21/3/2025	42	0,273	6,552	1	1	1	0	0	0	0	0	0
76	A1	A	37	407,17	7/2/2025	21/3/2025	42	0,091	2,184	1	1	1	0	0	0	0	0	0
77	E4	E	18	333,66	7/2/2025	21/3/2025	42	0,054	1,296	1	0	0	0	0	1	0	0	0
78	P1	P	108	409,15	17/1/2025	28/2/2025	42	0,264	6,336	1	1	0	0	0	0	0	0	0
79	P1	P	108	409,15	17/1/2025	28/2/2025	42	0,264	6,336	1	1	0	0	0	0	0	0	0
80	P1	P	108	409,15	17/1/2025	28/2/2025	42	0,264	6,336	1	1	0	0	0	0	0	0	0
81	P1	P	108	409,15	17/1/2025	28/2/2025	42	0,264	6,336	1	1	0	0	0	0	0	0	0
82	P3	P	19	409,15	18/2/2025	1/4/2025	42	0,046	1,104	1	1	0	0	0	0	0	0	0
83	P3	P	19	409,15	18/2/2025	1/4/2025	42	0,046	1,104	1	1	0	0	0	0	0	0	0
84	P3	P	19	409,15	18/2/2025	1/4/2025	42	0,046	1,104	1	1	0	0	0	0	0	0	0
85	A3	A	108	407,17	17/1/2025	28/2/2025	42	0,265	6,36	1	1	1	0	0	0	0	0	0
86	A1	A	111	407,17	7/2/2025	21/3/2025	42	0,273	6,552	1	1	1	0	0	0	0	0	0
87	A1	A	111	407,17	7/2/2025	21/3/2025	42	0,273	6,552	1	1	1	0	0	0	0	0	0
88	P3	P	19	409,15	18/2/2025	1/4/2025	42	0,046	1,104	1	1	0	0	0	0	0	0	0
89	P3	P	19	409,15	18/2/2025	1/4/2025	42	0,046	1,104	1	1	0	0	0	0	0	0	0
90	P1	P	163	409,15	17/1/2025	28/2/2025	42	0,398	9,552	1	1	0	0	0	0	0	0	0
91	A3	A	108	407,17	17/1/2025	28/2/2025	42	0,265	6,36	1	1	1	0	0	0	0	0	0
92	A2	A	38	407,17	29/1/2025	12/3/2025	42	0,093	2,232	1	1	1	0	0	0	0	0	0
93	A2	A	38	407,17	29/1/2025	12/3/2025	42	0,093	2,232	1	1	1	0	0	0	0	0	0
94	E4	E	18	333,66	7/2/2025	21/3/2025	42	0,054	1,296	1	0	0	0	0	1	0	0	0
95	P3	P	19	409,15	18/2/2025	1/4/2025	42	0,046	1,104	1	1	0	0	0	0	0	0	0
96	N1	N	19	334,18	24/2/2025	7/4/2025	42	0,057	1,368	1	0	0	0	0	0	1	0	0
97	N1	N	19	334,18	24/2/2025	7/4/2025	42	0,057	1,368	1	0	0	0	0	0	1	0	0
98	N1	N	19	334,18	24/2/2025	7/4/2025	42	0,057	1,368	1	0	0	0	0	0	1	0	0
99	N1	N	19	334,18	24/2/2025	7/4/2025	42	0,057	1,368	1	0	0	0	0	0	1	0	0
100	N1	N	19	334,18	24/2/2025	7/4/2025	42	0,057	1,368	1	0	0	0	0	0	1	0	0
101	N1	N	19	334,18	24/2/2025	7/4/2025	42	0,057	1,368	1	0	0	0	0	0	1	0	0
102	N1	N	19	334,18	24/2/2025	7/4/2025	42	0,057	1,368	1	0	0	0	0	0	1	0	0
103	N1	N	19	334,18	24/2/2025	7/4/2025	42	0,057	1,368	1	0	0	0	0	0	1	0	0
104	H2	H	19	402,02	12/1/2025	23/2/2025	42	0,047	1,128	0	0	1	1	0	0	0	0	0
105	A2	A	19	407,17	29/1/2025	12/3/2025	42	0,047	1,128	1	1	1	0	0	0	0	0	0
106	A1	A	111	407,17	7/2/2025	21/3/2025	42	0,273	6,552	1	1	1	0	0	0	0	0	0
107	A1	A	111	407,17	7/2/2025	21/3/2025	42	0,273	6,552	1	1	1	0	0	0	0	0	0
108	E2	E	19	333,66	12/1/2025	23/2/2025	42	0,057	1,368	1	0	0	0	0	1	0	0	0
109	A1	A	111	407,17	7/2/2025	21/3/2025	42	0,273	6,552	1	1	1	0	0	0	0	0	0
110	A1	A	111	407,17	7/2/2025	21/3/2025	42	0,273	6,552	1	1	1	0	0	0	0	0	0
111	P3	P	19	409,15	12/1/2025	23/2/2025	42	0,046	1,104	1	1	0	0	0	0	0	0	0
112	P3	P	19	409,15	12/1/2025	23/2/2025	42	0,046	1,104	1	1	0	0	0	0	0	0	0
113	P3	P	19	409,15	12/1/2025	23/2/2025	42	0,046	1,104	1	1	0	0	0	0	0	0	0
114	E2	E	19	333,66	12/1/2025	23/2/2025	42	0,057	1,368	1	0	0	0	0	1	0	0	0
115	A2	A	38	407,17	29/1/2025	12/3/2025	42	0,093	2,232	1	1	1	0	0	0	0	0	0
116	N3	N	358	334,18	23/1/2025	6/3/2025	42	1,071	25,704	1	0	0	0	0	0	1	0	0
117	A1	A	111	407,17	7/2/2025	21/3/2025	42	0,273	6,552	1	1	1	0	0	0	0	0	0
118	N1	N	310	334,18	12/2/2025	26/3/2025	42	0,928	22,272	1	0	0	0	0	0	1	0	0
119	H1	H	99	402,02	7/1/2025	18/2/2025	42	0,246	5,904	0	0	1	1	0	0	0	0	0
120	F1	F	504	394,98	6/2/2025	20/3/2025	42	1,276	30,624	1	0	0	1	1	1	1	1	1
121	F1	F	504	394,98	6/2/2025	20/3/2025	42	1,276	30,624	1	0	0	1	1	1	1	1	1
122	H2	H	19	402,02	12/1/2025	23/2/2025	42	0,047	1,128	0	0	1	1	0	0	0	0	0
123	P3	P	19	409,15	12/1/2025	23/2/2025	42	0,046	1,104	1	1	0	0	0	0	0	0	0
124	A1	A	111	407,17	24/1/2025	7/3/2025	42	0,273	6,552	1	1	1	0	0	0	0	0	0
125	E2	E	19	333,66	12/1/2025	23/2/2025	42	0,057	1,368	1	0	0	0	0	1	0	0	0
126	A2	A	38	407,17	29/1/2025	12/3/2025	42	0,093	2,232	1	1	1	0	0	0	0	0	0
127	A1	A	111	407,17	24/1/2025	7/3/2025	42	0,273	6,552	1	1	1	0	0	0	0	0	0
128	E2	E	19	333,66	12/1/2025	23/2/2025	42	0,057	1,368	1	0	0	0	0	1	0	0	0
129	A2	A	38	407,17	29/1/2025	12/3/2025	42	0,093	2,232	1	1	1	0	0	0	0	0	0
130	A1	A	111	407,17	24/1/2025	7/3/2025	42	0,273	6,552	1	1	1	0	0	0	0	0	0
131	A1	A	111	407,17	24/1/2025	7/3/2025	42	0,273	6,552	1	1	1	0	0	0	0	0	0
132	P1	P	163	409,15	17/1/2025	28/2/2025	42	0,398	9,552	1	1	0	0	0	0	0	0	0
133	A3	A	54	407,17	17/1/2025	28/2/2025	42	0,133	3,192	1	1	1	0	0	0	0	0	0
134	A3	A	54	407,17	17/1/2025	28/2/2025	42	0,133	3,192	1	1	1	0	0	0	0	0	0
135	A3	A	54	407,17	17/1/2025	28/2/2025	42	0,133	3,192	1	1	1	0	0	0	0	0	0
136	A2	A	38	407,17	29/1/2025	12/3/2025	42	0,093	2,232	1	1	1	0	0	0	0	0	0
137	N2	N	70	334,18	21/1/2025	4/3/2025	42	0,209	5,016	1	0	0	0	0	0	1	0	0
138	N1	N	310	334,18	12/2/2025	26/3/2025	42	0,928	22,272	1	0	0	0	0	0	1	0	0
139	E1	E	18	333,66	7/3/2025	18/4/2025	42	0,054	1,296	1	0	0	0	0	1	0	0	0
140	A1	A	111	407,17	25/2/2025	8/4/2025	42	0,273	6,552	1	1	1	0	0	0	0	0	0
141	N2	N	70	334,18	2/2/2025	16/3/2025	42	0,209	5,016	1	0	0	0	0	0	1	0	0
142	N2	N	70	334,18	2/2/2025	16/3/2025	42	0,209	5,016	1	0	0	0	0	0	1	0	0
143	N2	N	70	334,18	2/2/2025	16/3/2025	42	0,209	5,016	1	0	0	0	0	0	1	0	0
144	P1	P	163	409,15	17/1/2025	28/2/2025	42	0,398	9,552	1	1	0	0	0	0	0	0	0
145	A3	A	54	407,17	17/1/2025	28/2/2025	42	0,133	3,192	1	1	1	0	0	0	0	0	0
146	A3	A	54	407,17	17/1/2025	28/2/2025	42	0,133	3,192	1	1	1	0	0	0	0	0	0
147	A2	A	38	407,17	29/1/2025	12/3/2025	42	0,093	2,232	1	1	1	0	0	0	0	0	0
148	A1	A	111	407,17	25/2/2025	8/4/2025	42	0,273	6,552	1	1	1	0	0	0	0	0	0
149	A4	A	78	407,17	5/3/2025	16/4/2025	42	0,192	4,608	1	1	1	0	0	0	0	0	0
150	E4	E	18	333,66	26/2/2025	9/4/2025	42	0,054	1,296	1	0	0	0	0	1	0	0	0
151	P3	P	19	409,15	12/1/2025	23/2/2025	42	0,046	1,104	1	1	0	0	0	0	0	0	0
152	A3	A	54	407,17	17/1/2025	28/2/2025	42	0,133	3,192	1	1	1	0	0	0	0	0	0
153	A2	A	19	407,17	29/1/2025	12/3/2025	42	0,047	1,128	1	1	1	0	0	0	0	0	0
154	A1	A	111	407,17	25/2/2025	8/4/2025	42	0,273	6,552	1	1	1	0	0	0	0	0	0
155	E1	E	18	333,66	7/3/2025	18/4/2025	42	0,054	1,296	1	0	0	0	0	1	0	0	0
156	P1	P	163	409,15	17/1/2025	28/2/2025	42	0,398	9,552	1	1	0	0	0	0	0	0	0
157	A1	A	111	407,17	25/2/2025	8/4/2025	42	0,273	6,552	1	1	1	0	0	0	0	0	0
158	N2	N	70	334,18	2/2/2025	16/3/2025	42	0,209	5,016	1	0	0	0	0	0	1	0	0
159	A4	A	78	407,17	5/3/2025	16/4/2025	42	0,192	4,608	1	1	1	0	0	0	0	0	0
160	A4	A	78	407,17	5/3/2025	16/4/2025	42	0,192	4,608	1	1	1	0	0	0	0	0	0
161	H1	H	99	402,02	8/1/2025	19/2/2025	42	0,246	5,904	0	0	1	1	0	0	0	0	0
162	P3	P	19	409,15	17/1/2025	28/2/2025	42	0,046	1,104	1	1	0	0	0	0	0	0	0
163	P3	P	19	409,15	17/1/2025	28/2/2025	42	0,046	1,104	1	1	0	0	0	0	0	0	0
164	A4	A	77	407,17	6/3/2025	17/4/2025	42	0,189	4,536	1	1	1	0	0	0	0	0	0
165	N1	N	19	334,18	13/3/2025	24/4/2025	42	0,057	1,368	1	0	0	0	0	0	1	0	0
166	N1	N	19	334,18	13/3/2025	24/4/2025	42	0,057	1,368	1	0	0	0	0	0	1	0	0
167	N1	N	19	334,18	13/3/2025	24/4/2025	42	0,057	1,368	1	0	0	0	0	0	1	0	0
168	N1	N	19	334,18	13/3/2025	24/4/2025	42	0,057	1,368	1	0	0	0	0	0	1	0	0
169	N1	N	19	334,18	13/3/2025	24/4/2025	42	0,057	1,368	1	0	0	0	0	0	1	0	0
170	N1	N	19	334,18	13/3/2025	24/4/2025	42	0,057	1,368	1	0	0	0	0	0	1	0	0
171	E1	E	18	333,66	8/1/2025	19/2/2025	42	0,054	1,296	1	0	0	0	0	1	0	0	0
172	E2	E	19	333,66	12/1/2025	23/2/2025	42	0,057	1,368	1	0	0	0	0	1	0	0	0
173	E2	E	19	333,66	12/1/2025	23/2/2025	42	0,057	1,368	1	0	0	0	0	1	0	0	0
174	E2	E	19	333,66	12/1/2025	23/2/2025	42	0,057	1,368	1	0	0	0	0	1	0	0	0
175	A2	A	38	407,17	29/1/2025	12/3/2025	42	0,093	2,232	1	1	1	0	0	0	0	0	0
176	F1	F	192	394,98	27/2/2025	10/4/2025	42	0,486	11,664	1	0	0	1	1	1	1	1	1
177	A2	A	38	407,17	29/1/2025	12/3/2025	42	0,093	2,232	1	1	1	0	0	0	0	0	0
178	A3	A	54	407,17	17/1/2025	28/2/2025	42	0,133	3,192	1	1	1	0	0	0	0	0	0
179	A3	A	54	407,17	17/1/2025	28/2/2025	42	0,133	3,192	1	1	1	0	0	0	0	0	0
180	A3	A	54	407,17	17/1/2025	28/2/2025	42	0,133	3,192	1	1	1	0	0	0	0	0	0
181	A2	A	38	407,17	29/1/2025	12/3/2025	42	0,093	2,232	1	1	1	0	0	0	0	0	0
182	A1	A	93	407,17	25/2/2025	8/4/2025	42	0,228	5,472	1	1	1	0	0	0	0	0	0
183	A4	A	78	407,17	5/3/2025	16/4/2025	42	0,192	4,608	1	1	1	0	0	0	0	0	0
184	E1	E	18	333,66	8/1/2025	19/2/2025	42	0,054	1,296	1	0	0	0	0	1	0	0	0
185	P1	P	108	409,15	21/2/2025	4/4/2025	42	0,264	6,336	1	1	0	0	0	0	0	0	0
186	P1	P	108	409,15	21/2/2025	4/4/2025	42	0,264	6,336	1	1	0	0	0	0	0	0	0
187	P1	P	54	409,15	21/2/2025	4/4/2025	42	0,132	3,168	1	1	0	0	0	0	0	0	0
188	E4	E	18	333,66	26/2/2025	9/4/2025	42	0,054	1,296	1	0	0	0	0	1	0	0	0
189	N1	N	19	334,18	19/3/2025	30/4/2025	42	0,057	1,368	1	0	0	0	0	0	1	0	0
190	N1	N	19	334,18	19/3/2025	30/4/2025	42	0,057	1,368	1	0	0	0	0	0	1	0	0
191	N1	N	19	334,18	19/3/2025	30/4/2025	42	0,057	1,368	1	0	0	0	0	0	1	0	0
192	N1	N	19	334,18	19/3/2025	30/4/2025	42	0,057	1,368	1	0	0	0	0	0	1	0	0
193	N1	N	19	334,18	19/3/2025	30/4/2025	42	0,057	1,368	1	0	0	0	0	0	1	0	0
194	N1	N	19	334,18	19/3/2025	30/4/2025	42	0,057	1,368	1	0	0	0	0	0	1	0	0
195	N1	N	19	334,18	19/3/2025	30/4/2025	42	0,057	1,368	1	0	0	0	0	0	1	0	0
196	N1	N	19	334,18	19/3/2025	30/4/2025	42	0,057	1,368	1	0	0	0	0	0	1	0	0
197	A5	A	312	407,17	24/1/2025	7/3/2025	42	0,766	18,384	1	1	1	0	0	0	0	0	0
198	A3	A	108	407,17	21/2/2025	4/4/2025	42	0,265	6,36	1	1	1	0	0	0	0	0	0
199	A3	A	108	407,17	21/2/2025	4/4/2025	42	0,265	6,36	1	1	1	0	0	0	0	0	0
200	A2	A	38	407,17	29/1/2025	12/3/2025	42	0,093	2,232	1	1	1	0	0	0	0	0	0
201	A3	A	108	407,17	21/2/2025	4/4/2025	42	0,265	6,36	1	1	1	0	0	0	0	0	0
202	A3	A	54	407,17	21/2/2025	4/4/2025	42	0,133	3,192	1	1	1	0	0	0	0	0	0
203	A3	A	108	407,17	21/2/2025	4/4/2025	42	0,265	6,36	1	1	1	0	0	0	0	0	0
204	A3	A	54	407,17	21/2/2025	4/4/2025	42	0,133	3,192	1	1	1	0	0	0	0	0	0
205	C2	C	92	411,11	29/1/2025	12/3/2025	42	0,224	5,376	1	0	0	0	1	0	0	0	0
206	N1	N	310	334,18	18/2/2025	1/4/2025	42	0,928	22,272	1	0	0	0	0	0	1	0	0
207	H2	H	19	402,02	12/1/2025	23/2/2025	42	0,047	1,128	0	0	1	1	0	0	0	0	0
208	P3	P	19	409,15	12/1/2025	23/2/2025	42	0,046	1,104	1	1	0	0	0	0	0	0	0
209	P3	P	19	409,15	12/1/2025	23/2/2025	42	0,046	1,104	1	1	0	0	0	0	0	0	0
210	P3	P	19	409,15	12/1/2025	23/2/2025	42	0,046	1,104	1	1	0	0	0	0	0	0	0
211	A2	A	38	407,17	29/1/2025	12/3/2025	42	0,093	2,232	1	1	1	0	0	0	0	0	0
212	H3	H	23	402,02	2/2/2025	16/3/2025	42	0,057	1,368	0	0	1	1	0	0	0	0	0
213	A4	A	78	407,17	5/3/2025	16/4/2025	42	0,192	4,608	1	1	1	0	0	0	0	0	0
214	A4	A	78	407,17	5/3/2025	16/4/2025	42	0,192	4,608	1	1	1	0	0	0	0	0	0
215	P3	P	18	409,15	20/3/2025	1/5/2025	42	0,045	1,08	1	1	0	0	0	0	0	0	0
216	P3	P	18	409,15	20/3/2025	1/5/2025	42	0,045	1,08	1	1	0	0	0	0	0	0	0
217	H2	H	19	402,02	12/1/2025	23/2/2025	42	0,047	1,128	0	0	1	1	0	0	0	0	0
218	P3	P	19	409,15	12/1/2025	23/2/2025	42	0,046	1,104	1	1	0	0	0	0	0	0	0
219	P3	P	19	409,15	12/1/2025	23/2/2025	42	0,046	1,104	1	1	0	0	0	0	0	0	0
220	E5	E	18	333,66	17/1/2025	28/2/2025	42	0,054	1,296	1	0	0	0	0	1	0	0	0
221	A2	A	19	407,17	29/1/2025	12/3/2025	42	0,047	1,128	1	1	1	0	0	0	0	0	0
222	N3	N	358	334,18	23/1/2025	6/3/2025	42	1,071	25,704	1	0	0	0	0	0	1	0	0
223	P1	P	108	409,15	21/2/2025	4/4/2025	42	0,264	6,336	1	1	0	0	0	0	0	0	0
224	P1	P	108	409,15	21/2/2025	4/4/2025	42	0,264	6,336	1	1	0	0	0	0	0	0	0
225	P1	P	54	409,15	21/2/2025	4/4/2025	42	0,132	3,168	1	1	0	0	0	0	0	0	0
226	A4	A	78	407,17	5/3/2025	16/4/2025	42	0,192	4,608	1	1	1	0	0	0	0	0	0
227	E5	E	18	333,66	17/1/2025	28/2/2025	42	0,054	1,296	1	0	0	0	0	1	0	0	0
228	P3	P	19	409,15	23/1/2025	6/3/2025	42	0,046	1,104	1	1	0	0	0	0	0	0	0
229	P3	P	19	409,15	23/1/2025	6/3/2025	42	0,046	1,104	1	1	0	0	0	0	0	0	0
230	N4	N	67	334,18	11/2/2025	25/3/2025	42	0,2	4,8	1	0	0	0	0	0	1	0	0
231	N4	N	67	334,18	11/2/2025	25/3/2025	42	0,2	4,8	1	0	0	0	0	0	1	0	0
232	A4	A	78	407,17	5/3/2025	16/4/2025	42	0,192	4,608	1	1	1	0	0	0	0	0	0
233	P3	P	19	409,15	20/3/2025	1/5/2025	42	0,046	1,104	1	1	0	0	0	0	0	0	0
234	H1	H	74	402,02	6/3/2025	17/4/2025	42	0,184	4,416	0	0	1	1	0	0	0	0	0
235	H1	H	99	402,02	8/1/2025	19/2/2025	42	0,246	5,904	0	0	1	1	0	0	0	0	0
236	H1	H	99	402,02	8/1/2025	19/2/2025	42	0,246	5,904	0	0	1	1	0	0	0	0	0
237	E1	E	18	333,66	8/1/2025	19/2/2025	42	0,054	1,296	1	0	0	0	0	1	0	0	0
238	F1	F	120	394,98	27/2/2025	10/4/2025	42	0,304	7,296	1	0	0	1	1	1	1	1	1
239	H2	H	19	402,02	17/2/2025	31/3/2025	42	0,047	1,128	0	0	1	1	0	0	0	0	0
240	F2	F	49	394,98	26/2/2025	9/4/2025	42	0,124	2,976	1	0	0	1	1	1	1	1	1
241	V1	V	50	334,18	26/2/2025	9/4/2025	42	0,15	3,6	1	0	0	0	0	0	0	0	1
242	A4	A	78	407,17	5/3/2025	16/4/2025	42	0,192	4,608	1	1	1	0	0	0	0	0	0
243	P3	P	19	409,15	20/3/2025	1/5/2025	42	0,046	1,104	1	1	0	0	0	0	0	0	0
244	H2	H	19	402,02	12/1/2025	23/2/2025	42	0,047	1,128	0	0	1	1	0	0	0	0	0
245	E2	E	19	333,66	12/1/2025	23/2/2025	42	0,057	1,368	1	0	0	0	0	1	0	0	0
246	A4	A	78	407,17	5/3/2025	16/4/2025	42	0,192	4,608	1	1	1	0	0	0	0	0	0
247	A4	A	78	407,17	5/3/2025	16/4/2025	42	0,192	4,608	1	1	1	0	0	0	0	0	0
248	A2	A	38	407,17	12/3/2025	23/4/2025	42	0,093	2,232	1	1	1	0	0	0	0	0	0
249	N1	N	310	334,18	18/2/2025	1/4/2025	42	0,928	22,272	1	0	0	0	0	0	1	0	0
250	H1	H	99	402,02	8/1/2025	19/2/2025	42	0,246	5,904	0	0	1	1	0	0	0	0	0
251	H1	H	99	402,02	8/1/2025	19/2/2025	42	0,246	5,904	0	0	1	1	0	0	0	0	0
252	H1	H	99	402,02	8/1/2025	19/2/2025	42	0,246	5,904	0	0	1	1	0	0	0	0	0
253	P3	P	19	409,15	14/2/2025	28/3/2025	42	0,046	1,104	1	1	0	0	0	0	0	0	0
254	H2	H	19	402,02	17/2/2025	31/3/2025	42	0,047	1,128	0	0	1	1	0	0	0	0	0
255	A4	A	78	407,17	5/3/2025	16/4/2025	42	0,192	4,608	1	1	1	0	0	0	0	0	0
256	P1	P	54	409,15	28/2/2025	11/4/2025	42	0,132	3,168	1	1	0	0	0	0	0	0	0
257	P3	P	19	409,15	2/4/2025	14/5/2025	42	0,046	1,104	1	1	0	0	0	0	0	0	0
258	A2	A	38	407,17	12/3/2025	23/4/2025	42	0,093	2,232	1	1	1	0	0	0	0	0	0
259	E1	E	18	333,66	8/1/2025	19/2/2025	42	0,054	1,296	1	0	0	0	0	1	0	0	0
260	A5	A	504	407,17	24/1/2025	7/3/2025	42	1,238	29,712	1	1	1	0	0	0	0	0	0
261	E5	E	18	333,66	17/1/2025	28/2/2025	42	0,054	1,296	1	0	0	0	0	1	0	0	0
262	P3	P	19	409,15	14/2/2025	28/3/2025	42	0,046	1,104	1	1	0	0	0	0	0	0	0
263	P3	P	19	409,15	14/2/2025	28/3/2025	42	0,046	1,104	1	1	0	0	0	0	0	0	0
264	H2	H	19	402,02	17/2/2025	31/3/2025	42	0,047	1,128	0	0	1	1	0	0	0	0	0
265	N1	N	166	334,18	26/3/2025	7/5/2025	42	0,497	11,928	1	0	0	0	0	0	1	0	0
266	F2	F	245	394,98	26/2/2025	9/4/2025	42	0,62	14,88	1	0	0	1	1	1	1	1	1
267	V1	V	250	334,18	26/2/2025	9/4/2025	42	0,748	17,952	1	0	0	0	0	0	0	0	1
268	A6	A	25	407,17	11/3/2025	22/4/2025	42	0,061	1,464	1	1	1	0	0	0	0	0	0
269	F2	F	24	394,98	17/3/2025	28/4/2025	42	0,061	1,464	1	0	0	1	1	1	1	1	1
270	E1	E	18	333,66	14/1/2025	25/2/2025	42	0,054	1,296	1	0	0	0	0	1	0	0	0
271	E5	E	18	333,66	17/1/2025	28/2/2025	42	0,054	1,296	1	0	0	0	0	1	0	0	0
272	P3	P	19	409,15	14/2/2025	28/3/2025	42	0,046	1,104	1	1	0	0	0	0	0	0	0
273	H2	H	19	402,02	17/2/2025	31/3/2025	42	0,047	1,128	0	0	1	1	0	0	0	0	0
274	A4	A	78	407,17	5/3/2025	16/4/2025	42	0,192	4,608	1	1	1	0	0	0	0	0	0
275	A4	A	78	407,17	5/3/2025	16/4/2025	42	0,192	4,608	1	1	1	0	0	0	0	0	0
276	N1	N	190	334,18	11/3/2025	22/4/2025	42	0,569	13,656	1	0	0	0	0	0	1	0	0
277	H2	H	19	402,02	17/2/2025	31/3/2025	42	0,047	1,128	0	0	1	1	0	0	0	0	0
278	A4	A	78	407,17	5/3/2025	16/4/2025	42	0,192	4,608	1	1	1	0	0	0	0	0	0
279	A2	A	38	407,17	12/3/2025	23/4/2025	42	0,093	2,232	1	1	1	0	0	0	0	0	0
280	F1	F	336	394,98	16/1/2025	27/2/2025	42	0,851	20,424	1	0	0	1	1	1	1	1	1
281	H4	H	99	402,02	29/1/2025	12/3/2025	42	0,246	5,904	0	0	1	1	0	0	0	0	0
282	V2	V	21	334,18	25/2/2025	8/4/2025	42	0,063	1,512	1	0	0	0	0	0	0	0	1
283	A7	A	198	407,17	18/2/2025	1/4/2025	42	0,486	11,664	1	1	1	0	0	0	0	0	0
284	H2	H	19	402,02	17/2/2025	31/3/2025	42	0,047	1,128	0	0	1	1	0	0	0	0	0
285	A4	A	78	407,17	5/3/2025	16/4/2025	42	0,192	4,608	1	1	1	0	0	0	0	0	0
286	A4	A	78	407,17	5/3/2025	16/4/2025	42	0,192	4,608	1	1	1	0	0	0	0	0	0
287	A2	A	38	407,17	12/3/2025	23/4/2025	42	0,093	2,232	1	1	1	0	0	0	0	0	0
288	A2	A	38	407,17	12/3/2025	23/4/2025	42	0,093	2,232	1	1	1	0	0	0	0	0	0
289	E4	E	18	333,66	3/4/2025	15/5/2025	42	0,054	1,296	1	0	0	0	0	1	0	0	0
290	A2	A	38	407,17	12/3/2025	23/4/2025	42	0,093	2,232	1	1	1	0	0	0	0	0	0
291	N3	N	406	334,18	23/1/2025	6/3/2025	42	1,215	29,16	1	0	0	0	0	0	1	0	0
292	C3	C	25	411,11	10/2/2025	24/3/2025	42	0,061	1,464	1	0	0	0	1	0	0	0	0
293	H2	H	19	402,02	18/2/2025	1/4/2025	42	0,047	1,128	0	0	1	1	0	0	0	0	0
294	H2	H	19	402,02	18/2/2025	1/4/2025	42	0,047	1,128	0	0	1	1	0	0	0	0	0
295	F1	F	144	394,98	20/2/2025	3/4/2025	42	0,365	8,76	1	0	0	1	1	1	1	1	1
296	A4	A	78	407,17	5/3/2025	16/4/2025	42	0,192	4,608	1	1	1	0	0	0	0	0	0
297	P1	P	108	409,15	21/2/2025	4/4/2025	42	0,264	6,336	1	1	0	0	0	0	0	0	0
298	P1	P	108	409,15	21/2/2025	4/4/2025	42	0,264	6,336	1	1	0	0	0	0	0	0	0
299	P1	P	108	409,15	21/2/2025	4/4/2025	42	0,264	6,336	1	1	0	0	0	0	0	0	0
300	A4	A	78	407,17	5/3/2025	16/4/2025	42	0,192	4,608	1	1	1	0	0	0	0	0	0
301	A4	A	78	407,17	5/3/2025	16/4/2025	42	0,192	4,608	1	1	1	0	0	0	0	0	0
302	N1	N	19	334,18	11/4/2025	23/5/2025	42	0,057	1,368	1	0	0	0	0	0	1	0	0
303	N1	N	19	334,18	11/4/2025	23/5/2025	42	0,057	1,368	1	0	0	0	0	0	1	0	0
304	N1	N	19	334,18	11/4/2025	23/5/2025	42	0,057	1,368	1	0	0	0	0	0	1	0	0
305	N1	N	19	334,18	11/4/2025	23/5/2025	42	0,057	1,368	1	0	0	0	0	0	1	0	0
306	N4	N	67	334,18	11/2/2025	25/3/2025	42	0,2	4,8	1	0	0	0	0	0	1	0	0
307	N1	N	23	334,18	15/4/2025	27/5/2025	42	0,069	1,656	1	0	0	0	0	0	1	0	0
308	F1	F	72	394,98	11/2/2025	25/3/2025	42	0,182	4,368	1	0	0	1	1	1	1	1	1
309	H1	H	99	402,02	20/1/2025	3/3/2025	42	0,246	5,904	0	0	1	1	0	0	0	0	0
310	A3	A	108	407,17	21/2/2025	4/4/2025	42	0,265	6,36	1	1	1	0	0	0	0	0	0
311	A3	A	54	407,17	21/2/2025	4/4/2025	42	0,133	3,192	1	1	1	0	0	0	0	0	0
312	A4	A	78	407,17	5/3/2025	16/4/2025	42	0,192	4,608	1	1	1	0	0	0	0	0	0
313	A4	A	78	407,17	5/3/2025	16/4/2025	42	0,192	4,608	1	1	1	0	0	0	0	0	0
314	A2	A	38	407,17	12/3/2025	23/4/2025	42	0,093	2,232	1	1	1	0	0	0	0	0	0
315	E4	E	18	333,66	3/4/2025	15/5/2025	42	0,054	1,296	1	0	0	0	0	1	0	0	0
316	A4	A	78	407,17	6/3/2025	17/4/2025	42	0,191	4,584	1	1	1	0	0	0	0	0	0
317	A4	A	78	407,17	5/3/2025	16/4/2025	42	0,192	4,608	1	1	1	0	0	0	0	0	0
318	A2	A	38	407,17	12/3/2025	23/4/2025	42	0,093	2,232	1	1	1	0	0	0	0	0	0
319	H1	H	24	402,02	1/4/2025	13/5/2025	42	0,06	1,44	0	0	1	1	0	0	0	0	0
320	H1	H	49	402,02	21/3/2025	2/5/2025	42	0,122	2,928	0	0	1	1	0	0	0	0	0
321	H1	H	49	402,02	1/4/2025	13/5/2025	42	0,122	2,928	0	0	1	1	0	0	0	0	0
322	H2	H	19	402,02	12/1/2025	23/2/2025	42	0,047	1,128	0	0	1	1	0	0	0	0	0
323	A2	A	38	407,17	12/3/2025	23/4/2025	42	0,093	2,232	1	1	1	0	0	0	0	0	0
324	A1	A	111	407,17	16/4/2025	28/5/2025	42	0,273	6,552	1	1	1	0	0	0	0	0	0
325	E1	E	18	333,66	14/1/2025	25/2/2025	42	0,054	1,296	1	0	0	0	0	1	0	0	0
326	H5	H	45	402,02	7/2/2025	21/3/2025	42	0,112	2,688	0	0	1	1	0	0	0	0	0
327	H3	H	23	402,02	19/2/2025	2/4/2025	42	0,057	1,368	0	0	1	1	0	0	0	0	0
328	A2	A	38	407,17	12/3/2025	23/4/2025	42	0,093	2,232	1	1	1	0	0	0	0	0	0
329	A1	A	111	407,17	16/4/2025	28/5/2025	42	0,273	6,552	1	1	1	0	0	0	0	0	0
330	N1	N	238	334,18	8/4/2025	20/5/2025	42	0,712	17,088	1	0	0	0	0	0	1	0	0
331	P1	P	108	409,15	21/2/2025	4/4/2025	42	0,264	6,336	1	1	0	0	0	0	0	0	0
332	A3	A	108	407,17	1/4/2025	13/5/2025	42	0,265	6,36	1	1	1	0	0	0	0	0	0
333	A3	A	108	407,17	1/4/2025	13/5/2025	42	0,265	6,36	1	1	1	0	0	0	0	0	0
334	P1	P	108	409,15	21/2/2025	4/4/2025	42	0,264	6,336	1	1	0	0	0	0	0	0	0
335	P1	P	108	409,15	21/2/2025	4/4/2025	42	0,264	6,336	1	1	0	0	0	0	0	0	0
336	A2	A	38	407,17	12/3/2025	23/4/2025	42	0,093	2,232	1	1	1	0	0	0	0	0	0
337	A1	A	74	407,17	16/4/2025	28/5/2025	42	0,182	4,368	1	1	1	0	0	0	0	0	0
338	E1	E	18	333,66	14/1/2025	25/2/2025	42	0,054	1,296	1	0	0	0	0	1	0	0	0
339	P3	P	19	409,15	14/2/2025	28/3/2025	42	0,046	1,104	1	1	0	0	0	0	0	0	0
340	A4	A	78	407,17	10/4/2025	22/5/2025	42	0,192	4,608	1	1	1	0	0	0	0	0	0
341	A4	A	39	407,17	10/4/2025	22/5/2025	42	0,096	2,304	1	1	1	0	0	0	0	0	0
342	A7	A	198	407,17	2/3/2025	13/4/2025	42	0,486	11,664	1	1	1	0	0	0	0	0	0
343	A2	A	19	407,17	12/3/2025	23/4/2025	42	0,047	1,128	1	1	1	0	0	0	0	0	0
344	E1	E	18	333,66	8/1/2025	19/2/2025	42	0,054	1,296	1	0	0	0	0	1	0	0	0
345	E1	E	18	333,66	14/1/2025	25/2/2025	42	0,054	1,296	1	0	0	0	0	1	0	0	0
346	E2	E	19	333,66	17/1/2025	28/2/2025	42	0,057	1,368	1	0	0	0	0	1	0	0	0
347	E2	E	19	333,66	17/1/2025	28/2/2025	42	0,057	1,368	1	0	0	0	0	1	0	0	0
348	P1	P	108	409,15	21/2/2025	4/4/2025	42	0,264	6,336	1	1	0	0	0	0	0	0	0
349	P1	P	108	409,15	21/2/2025	4/4/2025	42	0,264	6,336	1	1	0	0	0	0	0	0	0
350	P1	P	108	409,15	21/2/2025	4/4/2025	42	0,264	6,336	1	1	0	0	0	0	0	0	0
351	A3	A	108	407,17	21/2/2025	4/4/2025	42	0,265	6,36	1	1	1	0	0	0	0	0	0
352	A3	A	54	407,17	21/2/2025	4/4/2025	42	0,133	3,192	1	1	1	0	0	0	0	0	0
353	E2	E	19	333,66	12/1/2025	23/2/2025	42	0,057	1,368	1	0	0	0	0	1	0	0	0
354	A2	A	38	407,17	12/3/2025	23/4/2025	42	0,093	2,232	1	1	1	0	0	0	0	0	0
355	A3	A	108	407,17	1/4/2025	13/5/2025	42	0,265	6,36	1	1	1	0	0	0	0	0	0
356	A3	A	108	407,17	1/4/2025	13/5/2025	42	0,265	6,36	1	1	1	0	0	0	0	0	0
357	P1	P	108	409,15	1/4/2025	13/5/2025	42	0,264	6,336	1	1	0	0	0	0	0	0	0
358	P1	P	108	409,15	1/4/2025	13/5/2025	42	0,264	6,336	1	1	0	0	0	0	0	0	0
359	P1	P	108	409,15	1/4/2025	13/5/2025	42	0,264	6,336	1	1	0	0	0	0	0	0	0
360	E2	E	19	333,66	12/1/2025	23/2/2025	42	0,057	1,368	1	0	0	0	0	1	0	0	0
361	C3	C	25	411,11	10/2/2025	24/3/2025	42	0,061	1,464	1	0	0	0	1	0	0	0	0
362	P3	P	19	409,15	13/2/2025	27/3/2025	42	0,046	1,104	1	1	0	0	0	0	0	0	0
363	P3	P	19	409,15	23/4/2025	4/6/2025	42	0,046	1,104	1	1	0	0	0	0	0	0	0
364	A2	A	38	407,17	12/3/2025	23/4/2025	42	0,093	2,232	1	1	1	0	0	0	0	0	0
365	A1	A	111	407,17	16/4/2025	28/5/2025	42	0,273	6,552	1	1	1	0	0	0	0	0	0
366	E1	E	18	333,66	14/1/2025	25/2/2025	42	0,054	1,296	1	0	0	0	0	1	0	0	0
367	P3	P	18	409,15	23/4/2025	4/6/2025	42	0,045	1,08	1	1	0	0	0	0	0	0	0
368	P3	P	19	409,15	14/3/2025	25/4/2025	42	0,046	1,104	1	1	0	0	0	0	0	0	0
369	E4	E	18	333,66	3/4/2025	15/5/2025	42	0,054	1,296	1	0	0	0	0	1	0	0	0
370	H5	H	45	402,02	6/2/2025	20/3/2025	42	0,112	2,688	0	0	1	1	0	0	0	0	0
371	N3	N	358	334,18	21/2/2025	4/4/2025	42	1,071	25,704	1	0	0	0	0	0	1	0	0
372	P3	P	18	409,15	23/4/2025	4/6/2025	42	0,045	1,08	1	1	0	0	0	0	0	0	0
373	A8	A	391	407,17	6/3/2025	17/4/2025	42	0,96	23,04	1	1	1	0	0	0	0	0	0
374	C4	C	19	411,11	6/3/2025	17/4/2025	42	0,046	1,104	1	0	0	0	1	0	0	0	0
375	A6	A	19	407,17	14/3/2025	25/4/2025	42	0,047	1,128	1	1	1	0	0	0	0	0	0
376	P3	P	19	409,15	23/4/2025	4/6/2025	42	0,045	1,08	1	1	0	0	0	0	0	0	0
377	A1	A	111	407,17	16/4/2025	28/5/2025	42	0,273	6,552	1	1	1	0	0	0	0	0	0
378	A1	A	111	407,17	16/4/2025	28/5/2025	42	0,273	6,552	1	1	1	0	0	0	0	0	0
379	A2	A	19	407,17	12/3/2025	23/4/2025	42	0,047	1,128	1	1	1	0	0	0	0	0	0
380	E1	E	18	333,66	14/1/2025	25/2/2025	42	0,054	1,296	1	0	0	0	0	1	0	0	0
381	P3	P	19	409,15	13/2/2025	27/3/2025	42	0,046	1,104	1	1	0	0	0	0	0	0	0
382	P3	P	18	409,15	23/4/2025	4/6/2025	42	0,045	1,08	1	1	0	0	0	0	0	0	0
383	A6	A	19	407,17	14/3/2025	25/4/2025	42	0,047	1,128	1	1	1	0	0	0	0	0	0
384	A6	A	19	407,17	14/3/2025	25/4/2025	42	0,047	1,128	1	1	1	0	0	0	0	0	0
385	P1	P	108	409,15	1/4/2025	13/5/2025	42	0,264	6,336	1	1	0	0	0	0	0	0	0
386	A2	A	19	407,17	8/4/2025	20/5/2025	42	0,047	1,128	1	1	1	0	0	0	0	0	0
387	A1	A	93	407,17	16/4/2025	28/5/2025	42	0,228	5,472	1	1	1	0	0	0	0	0	0
388	A1	A	111	407,17	16/4/2025	28/5/2025	42	0,273	6,552	1	1	1	0	0	0	0	0	0
389	P1	P	108	409,15	1/4/2025	13/5/2025	42	0,264	6,336	1	1	0	0	0	0	0	0	0
390	E1	E	18	333,66	14/1/2025	25/2/2025	42	0,054	1,296	1	0	0	0	0	1	0	0	0
391	P3	P	19	409,15	1/4/2025	13/5/2025	42	0,046	1,104	1	1	0	0	0	0	0	0	0
392	A2	A	19	407,17	8/4/2025	20/5/2025	42	0,047	1,128	1	1	1	0	0	0	0	0	0
393	P3	P	19	409,15	14/3/2025	25/4/2025	42	0,046	1,104	1	1	0	0	0	0	0	0	0
394	P3	P	19	409,15	14/3/2025	25/4/2025	42	0,046	1,104	1	1	0	0	0	0	0	0	0
395	H6	H	195	402,02	25/3/2025	6/5/2025	42	0,485	11,64	0	0	1	1	0	0	0	0	0
396	E4	E	20	333,66	3/4/2025	15/5/2025	42	0,059	1,416	1	0	0	0	0	1	0	0	0
397	A2	A	19	407,17	8/4/2025	20/5/2025	42	0,047	1,128	1	1	1	0	0	0	0	0	0
398	A1	A	111	407,17	21/4/2025	2/6/2025	42	0,273	6,552	1	1	1	0	0	0	0	0	0
399	P3	P	19	409,15	13/2/2025	27/3/2025	42	0,046	1,104	1	1	0	0	0	0	0	0	0
400	P3	P	19	409,15	14/3/2025	25/4/2025	42	0,046	1,104	1	1	0	0	0	0	0	0	0
401	P3	P	19	409,15	14/3/2025	25/4/2025	42	0,046	1,104	1	1	0	0	0	0	0	0	0
402	A2	A	19	407,17	8/4/2025	20/5/2025	42	0,047	1,128	1	1	1	0	0	0	0	0	0
403	A2	A	19	407,17	8/4/2025	20/5/2025	42	0,047	1,128	1	1	1	0	0	0	0	0	0
404	A1	A	111	407,17	16/4/2025	28/5/2025	42	0,273	6,552	1	1	1	0	0	0	0	0	0
405	P3	P	19	409,15	14/3/2025	25/4/2025	42	0,046	1,104	1	1	0	0	0	0	0	0	0
406	P3	P	19	409,15	14/3/2025	25/4/2025	42	0,046	1,104	1	1	0	0	0	0	0	0	0
407	A2	A	19	407,17	8/4/2025	20/5/2025	42	0,047	1,128	1	1	1	0	0	0	0	0	0
408	A1	A	111	407,17	16/4/2025	28/5/2025	42	0,273	6,552	1	1	1	0	0	0	0	0	0
409	H1	H	99	402,02	20/1/2025	3/3/2025	42	0,246	5,904	0	0	1	1	0	0	0	0	0
410	E3	E	63	333,66	12/2/2025	26/3/2025	42	0,189	4,536	1	0	0	0	0	1	0	0	0
411	C5	C	98	411,11	22/1/2025	5/3/2025	42	0,238	5,712	1	0	0	0	1	0	0	0	0
412	C4	C	19	411,11	6/3/2025	17/4/2025	42	0,046	1,104	1	0	0	0	1	0	0	0	0
413	C6	C	19	411,11	6/3/2025	17/4/2025	42	0,046	1,104	1	0	0	0	1	0	0	0	0
414	N1	N	190	334,18	11/3/2025	22/4/2025	42	0,569	13,656	1	0	0	0	0	0	1	0	0
415	C2	C	92	411,11	7/3/2025	18/4/2025	42	0,224	5,376	1	0	0	0	1	0	0	0	0
416	H3	H	23	402,02	18/3/2025	29/4/2025	42	0,057	1,368	0	0	1	1	0	0	0	0	0
417	V2	V	21	334,18	27/3/2025	8/5/2025	42	0,063	1,512	1	0	0	0	0	0	0	0	1
418	N1	N	238	334,18	8/4/2025	20/5/2025	42	0,712	17,088	1	0	0	0	0	0	1	0	0
419	A3	A	54	407,17	1/4/2025	13/5/2025	42	0,133	3,192	1	1	1	0	0	0	0	0	0
420	A3	A	54	407,17	1/5/2025	12/6/2025	42	0,133	3,192	1	1	1	0	0	0	0	0	0
421	A3	A	54	407,17	1/5/2025	12/6/2025	42	0,133	3,192	1	1	1	0	0	0	0	0	0
422	P3	P	19	409,15	14/3/2025	25/4/2025	42	0,046	1,104	1	1	0	0	0	0	0	0	0
423	A2	A	19	407,17	8/4/2025	20/5/2025	42	0,047	1,128	1	1	1	0	0	0	0	0	0
424	A7	A	10	407,17	17/4/2025	29/5/2025	42	0,025	0,6	1	1	1	0	0	0	0	0	0
425	A8	A	391	407,17	6/3/2025	17/4/2025	42	0,96	23,04	1	1	1	0	0	0	0	0	0
426	P1	P	108	409,15	1/4/2025	13/5/2025	42	0,264	6,336	1	1	0	0	0	0	0	0	0
427	A3	A	54	407,17	1/4/2025	13/5/2025	42	0,133	3,192	1	1	1	0	0	0	0	0	0
428	E1	E	18	333,66	14/1/2025	25/2/2025	42	0,054	1,296	1	0	0	0	0	1	0	0	0
429	H2	H	19	402,02	18/2/2025	1/4/2025	42	0,047	1,128	0	0	1	1	0	0	0	0	0
430	H2	H	19	402,02	18/2/2025	1/4/2025	42	0,047	1,128	0	0	1	1	0	0	0	0	0
431	A2	A	19	407,17	8/4/2025	20/5/2025	42	0,047	1,128	1	1	1	0	0	0	0	0	0
432	N2	N	70	334,18	2/2/2025	16/3/2025	42	0,209	5,016	1	0	0	0	0	0	1	0	0
433	H2	H	19	402,02	18/2/2025	1/4/2025	42	0,047	1,128	0	0	1	1	0	0	0	0	0
434	P3	P	19	409,15	27/3/2025	8/5/2025	42	0,046	1,104	1	1	0	0	0	0	0	0	0
435	A3	A	54	407,17	6/5/2025	17/6/2025	42	0,133	3,192	1	1	1	0	0	0	0	0	0
436	A3	A	54	407,17	1/4/2025	13/5/2025	42	0,133	3,192	1	1	1	0	0	0	0	0	0
437	N2	N	70	334,18	2/2/2025	16/3/2025	42	0,209	5,016	1	0	0	0	0	0	1	0	0
438	H2	H	19	402,02	18/2/2025	1/4/2025	42	0,047	1,128	0	0	1	1	0	0	0	0	0
439	H2	H	19	402,02	18/2/2025	1/4/2025	42	0,047	1,128	0	0	1	1	0	0	0	0	0
440	P3	P	19	409,15	14/3/2025	25/4/2025	42	0,046	1,104	1	1	0	0	0	0	0	0	0
441	P3	P	19	409,15	27/3/2025	8/5/2025	42	0,046	1,104	1	1	0	0	0	0	0	0	0
442	N4	N	22	334,18	20/3/2025	1/5/2025	42	0,066	1,584	1	0	0	0	0	0	1	0	0
443	N4	N	67	334,18	11/2/2025	25/3/2025	42	0,2	4,8	1	0	0	0	0	0	1	0	0
444	N4	N	67	334,18	11/2/2025	25/3/2025	42	0,2	4,8	1	0	0	0	0	0	1	0	0
445	N4	N	67	334,18	11/2/2025	25/3/2025	42	0,2	4,8	1	0	0	0	0	0	1	0	0
446	N4	N	67	334,18	11/2/2025	25/3/2025	42	0,2	4,8	1	0	0	0	0	0	1	0	0
447	E1	E	18	333,66	14/1/2025	25/2/2025	42	0,054	1,296	1	0	0	0	0	1	0	0	0
448	H2	H	19	402,02	18/2/2025	1/4/2025	42	0,047	1,128	0	0	1	1	0	0	0	0	0
449	A2	A	19	407,17	8/4/2025	20/5/2025	42	0,047	1,128	1	1	1	0	0	0	0	0	0
450	A2	A	19	407,17	8/4/2025	20/5/2025	42	0,047	1,128	1	1	1	0	0	0	0	0	0
451	A2	A	19	407,17	8/4/2025	20/5/2025	42	0,047	1,128	1	1	1	0	0	0	0	0	0
452	A2	A	19	407,17	8/4/2025	20/5/2025	42	0,047	1,128	1	1	1	0	0	0	0	0	0
453	H2	H	19	402,02	18/2/2025	1/4/2025	42	0,047	1,128	0	0	1	1	0	0	0	0	0
454	H2	H	19	402,02	18/2/2025	1/4/2025	42	0,047	1,128	0	0	1	1	0	0	0	0	0
455	P1	P	108	409,15	1/4/2025	13/5/2025	42	0,264	6,336	1	1	0	0	0	0	0	0	0
456	P1	P	108	409,15	1/4/2025	13/5/2025	42	0,264	6,336	1	1	0	0	0	0	0	0	0
457	A2	A	19	407,17	8/4/2025	20/5/2025	42	0,047	1,128	1	1	1	0	0	0	0	0	0
458	N2	N	70	334,18	2/2/2025	16/3/2025	42	0,209	5,016	1	0	0	0	0	0	1	0	0
459	H2	H	19	402,02	18/2/2025	1/4/2025	42	0,047	1,128	0	0	1	1	0	0	0	0	0
460	H1	H	99	402,02	2/3/2025	13/4/2025	42	0,246	5,904	0	0	1	1	0	0	0	0	0
461	P3	P	19	409,15	27/3/2025	8/5/2025	42	0,046	1,104	1	1	0	0	0	0	0	0	0
462	P1	P	108	409,15	1/4/2025	13/5/2025	42	0,264	6,336	1	1	0	0	0	0	0	0	0
463	A2	A	19	407,17	8/4/2025	20/5/2025	42	0,047	1,128	1	1	1	0	0	0	0	0	0
464	E1	E	18	333,66	14/1/2025	25/2/2025	42	0,054	1,296	1	0	0	0	0	1	0	0	0
465	H2	H	19	402,02	18/2/2025	1/4/2025	42	0,047	1,128	0	0	1	1	0	0	0	0	0
466	H2	H	19	402,02	18/2/2025	1/4/2025	42	0,047	1,128	0	0	1	1	0	0	0	0	0
467	P3	P	19	409,15	27/3/2025	8/5/2025	42	0,046	1,104	1	1	0	0	0	0	0	0	0
468	P3	P	19	409,15	27/3/2025	8/5/2025	42	0,046	1,104	1	1	0	0	0	0	0	0	0
469	P3	P	19	409,15	27/3/2025	8/5/2025	42	0,046	1,104	1	1	0	0	0	0	0	0	0
470	A2	A	19	407,17	8/4/2025	20/5/2025	42	0,047	1,128	1	1	1	0	0	0	0	0	0
471	A2	A	19	407,17	8/4/2025	20/5/2025	42	0,047	1,128	1	1	1	0	0	0	0	0	0
472	A2	A	19	407,17	8/4/2025	20/5/2025	42	0,047	1,128	1	1	1	0	0	0	0	0	0
473	E2	E	19	333,66	14/4/2025	26/5/2025	42	0,057	1,368	1	0	0	0	0	1	0	0	0
474	C4	C	19	411,11	6/3/2025	17/4/2025	42	0,046	1,104	1	0	0	0	1	0	0	0	0
475	N1	N	238	334,18	8/4/2025	20/5/2025	42	0,712	17,088	1	0	0	0	0	0	1	0	0
476	E1	E	18	333,66	14/1/2025	25/2/2025	42	0,054	1,296	1	0	0	0	0	1	0	0	0
477	H2	H	19	402,02	18/2/2025	1/4/2025	42	0,047	1,128	0	0	1	1	0	0	0	0	0
478	H2	H	19	402,02	18/2/2025	1/4/2025	42	0,047	1,128	0	0	1	1	0	0	0	0	0
479	H2	H	19	402,02	18/2/2025	1/4/2025	42	0,047	1,128	0	0	1	1	0	0	0	0	0
480	P3	P	19	409,15	23/4/2025	4/6/2025	42	0,045	1,08	1	1	0	0	0	0	0	0	0
481	E1	E	18	333,66	7/4/2025	19/5/2025	42	0,054	1,296	1	0	0	0	0	1	0	0	0
482	A2	A	38	407,17	13/5/2025	24/6/2025	42	0,093	2,232	1	1	1	0	0	0	0	0	0
483	A2	A	19	407,17	8/4/2025	20/5/2025	42	0,047	1,128	1	1	1	0	0	0	0	0	0
484	E2	E	19	333,66	14/4/2025	26/5/2025	42	0,057	1,368	1	0	0	0	0	1	0	0	0
485	A1	A	37	407,17	16/5/2025	27/6/2025	42	0,091	2,184	1	1	1	0	0	0	0	0	0
486	E1	E	18	333,66	14/1/2025	25/2/2025	42	0,054	1,296	1	0	0	0	0	1	0	0	0
487	P3	P	19	409,15	27/3/2025	8/5/2025	42	0,046	1,104	1	1	0	0	0	0	0	0	0
488	E2	E	19	333,66	14/4/2025	26/5/2025	42	0,057	1,368	1	0	0	0	0	1	0	0	0
489	A1	A	37	407,17	16/5/2025	27/6/2025	42	0,091	2,184	1	1	1	0	0	0	0	0	0
490	P3	P	19	409,15	27/3/2025	8/5/2025	42	0,046	1,104	1	1	0	0	0	0	0	0	0
491	A8	A	391	407,17	6/3/2025	17/4/2025	42	0,96	23,04	1	1	1	0	0	0	0	0	0
492	N2	N	70	334,18	2/2/2025	16/3/2025	42	0,209	5,016	1	0	0	0	0	0	1	0	0
493	N4	N	67	334,18	11/2/2025	25/3/2025	42	0,2	4,8	1	0	0	0	0	0	1	0	0
494	H2	H	19	402,02	18/2/2025	1/4/2025	42	0,047	1,128	0	0	1	1	0	0	0	0	0
495	E6	E	25	333,66	20/2/2025	3/4/2025	42	0,075	1,8	1	0	0	0	0	1	0	0	0
496	P3	P	19	409,15	27/3/2025	8/5/2025	42	0,046	1,104	1	1	0	0	0	0	0	0	0
497	A6	A	19	407,17	14/3/2025	25/4/2025	42	0,047	1,128	1	1	1	0	0	0	0	0	0
498	A6	A	19	407,17	14/3/2025	25/4/2025	42	0,047	1,128	1	1	1	0	0	0	0	0	0
499	C7	C	148	411,11	26/3/2025	7/5/2025	42	0,36	8,64	1	0	0	0	1	0	0	0	0
500	A2	A	19	407,17	8/4/2025	20/5/2025	42	0,047	1,128	1	1	1	0	0	0	0	0	0
501	E2	E	19	333,66	14/4/2025	26/5/2025	42	0,057	1,368	1	0	0	0	0	1	0	0	0
502	A1	A	37	407,17	16/5/2025	27/6/2025	42	0,091	2,184	1	1	1	0	0	0	0	0	0
503	H4	H	198	402,02	7/3/2025	18/4/2025	42	0,493	11,832	0	0	1	1	0	0	0	0	0
504	N1	N	143	334,18	14/5/2025	25/6/2025	42	0,428	10,272	1	0	0	0	0	0	1	0	0
505	H2	H	19	402,02	18/2/2025	1/4/2025	42	0,047	1,128	0	0	1	1	0	0	0	0	0
506	H2	H	19	402,02	18/2/2025	1/4/2025	42	0,047	1,128	0	0	1	1	0	0	0	0	0
507	P3	P	19	409,15	27/3/2025	8/5/2025	42	0,046	1,104	1	1	0	0	0	0	0	0	0
508	P3	P	19	409,15	27/3/2025	8/5/2025	42	0,046	1,104	1	1	0	0	0	0	0	0	0
509	A8	A	391	407,17	6/3/2025	17/4/2025	42	0,96	23,04	1	1	1	0	0	0	0	0	0
510	E7	E	18	333,66	6/3/2025	17/4/2025	42	0,054	1,296	1	0	0	0	0	1	0	0	0
511	A6	A	19	407,17	14/3/2025	25/4/2025	42	0,047	1,128	1	1	1	0	0	0	0	0	0
512	A6	A	19	407,17	14/3/2025	25/4/2025	42	0,047	1,128	1	1	1	0	0	0	0	0	0
513	A6	A	19	407,17	14/3/2025	25/4/2025	42	0,047	1,128	1	1	1	0	0	0	0	0	0
514	A6	A	19	407,17	4/4/2025	16/5/2025	42	0,047	1,128	1	1	1	0	0	0	0	0	0
515	A6	A	19	407,17	4/4/2025	16/5/2025	42	0,047	1,128	1	1	1	0	0	0	0	0	0
516	A6	A	19	407,17	4/4/2025	16/5/2025	42	0,047	1,128	1	1	1	0	0	0	0	0	0
517	M1	M	17	334,18	22/4/2025	3/6/2025	42	0,051	1,224	1	0	0	0	0	0	0	1	0
518	M2	M	36	334,18	28/5/2025	9/7/2025	42	0,108	2,592	1	0	0	0	0	0	0	1	0
519	A2	A	19	407,17	15/5/2025	26/6/2025	42	0,047	1,128	1	1	1	0	0	0	0	0	0
520	A1	A	111	407,17	16/5/2025	27/6/2025	42	0,273	6,552	1	1	1	0	0	0	0	0	0
521	A1	A	111	407,17	22/5/2025	3/7/2025	42	0,273	6,552	1	1	1	0	0	0	0	0	0
522	N2	N	70	334,18	2/2/2025	16/3/2025	42	0,209	5,016	1	0	0	0	0	0	1	0	0
523	N4	N	67	334,18	11/2/2025	25/3/2025	42	0,2	4,8	1	0	0	0	0	0	1	0	0
524	P3	P	19	409,15	27/3/2025	8/5/2025	42	0,046	1,104	1	1	0	0	0	0	0	0	0
525	A6	A	19	407,17	14/3/2025	25/4/2025	42	0,047	1,128	1	1	1	0	0	0	0	0	0
526	P1	P	108	409,15	1/4/2025	13/5/2025	42	0,264	6,336	1	1	0	0	0	0	0	0	0
527	P1	P	108	409,15	1/4/2025	13/5/2025	42	0,264	6,336	1	1	0	0	0	0	0	0	0
528	P1	P	108	409,15	1/4/2025	13/5/2025	42	0,264	6,336	1	1	0	0	0	0	0	0	0
529	E1	E	18	333,66	7/4/2025	19/5/2025	42	0,054	1,296	1	0	0	0	0	1	0	0	0
530	E2	E	19	333,66	14/4/2025	26/5/2025	42	0,057	1,368	1	0	0	0	0	1	0	0	0
531	E2	E	19	333,66	14/4/2025	26/5/2025	42	0,057	1,368	1	0	0	0	0	1	0	0	0
532	A3	A	54	407,17	30/5/2025	11/7/2025	42	0,133	3,192	1	1	1	0	0	0	0	0	0
533	A3	A	54	407,17	3/6/2025	15/7/2025	42	0,133	3,192	1	1	1	0	0	0	0	0	0
534	A3	A	54	407,17	30/5/2025	11/7/2025	42	0,133	3,192	1	1	1	0	0	0	0	0	0
535	A3	A	54	407,17	30/5/2025	11/7/2025	42	0,133	3,192	1	1	1	0	0	0	0	0	0
536	P3	P	19	409,15	27/3/2025	8/5/2025	42	0,046	1,104	1	1	0	0	0	0	0	0	0
537	P3	P	19	409,15	27/3/2025	8/5/2025	42	0,046	1,104	1	1	0	0	0	0	0	0	0
538	A6	A	19	407,17	14/3/2025	25/4/2025	42	0,047	1,128	1	1	1	0	0	0	0	0	0
539	A6	A	19	407,17	14/3/2025	25/4/2025	42	0,047	1,128	1	1	1	0	0	0	0	0	0
540	A2	A	19	407,17	8/4/2025	20/5/2025	42	0,047	1,128	1	1	1	0	0	0	0	0	0
541	A2	A	19	407,17	15/5/2025	26/6/2025	42	0,047	1,128	1	1	1	0	0	0	0	0	0
542	A1	A	111	407,17	22/5/2025	3/7/2025	42	0,273	6,552	1	1	1	0	0	0	0	0	0
543	A7	A	19	407,17	25/4/2025	6/6/2025	42	0,047	1,128	1	1	1	0	0	0	0	0	0
544	A7	A	198	407,17	2/3/2025	13/4/2025	42	0,486	11,664	1	1	1	0	0	0	0	0	0
545	A8	A	391	407,17	6/3/2025	17/4/2025	42	0,96	23,04	1	1	1	0	0	0	0	0	0
546	A2	A	19	407,17	15/5/2025	26/6/2025	42	0,047	1,128	1	1	1	0	0	0	0	0	0
547	A2	A	19	407,17	15/5/2025	26/6/2025	42	0,047	1,128	1	1	1	0	0	0	0	0	0
548	A1	A	111	407,17	22/5/2025	3/7/2025	42	0,273	6,552	1	1	1	0	0	0	0	0	0
549	P3	P	19	409,15	27/3/2025	8/5/2025	42	0,046	1,104	1	1	0	0	0	0	0	0	0
550	E1	E	18	333,66	27/3/2025	8/5/2025	42	0,054	1,296	1	0	0	0	0	1	0	0	0
551	E1	E	18	333,66	7/4/2025	19/5/2025	42	0,054	1,296	1	0	0	0	0	1	0	0	0
552	E8	E	18	333,66	7/4/2025	19/5/2025	42	0,054	1,296	1	0	0	0	0	1	0	0	0
553	C4	C	19	411,11	7/4/2025	19/5/2025	42	0,046	1,104	1	0	0	0	1	0	0	0	0
554	C4	C	19	411,11	7/4/2025	19/5/2025	42	0,046	1,104	1	0	0	0	1	0	0	0	0
555	C4	C	19	411,11	7/4/2025	19/5/2025	42	0,046	1,104	1	0	0	0	1	0	0	0	0
556	H3	H	23	402,02	17/4/2025	29/5/2025	42	0,057	1,368	0	0	1	1	0	0	0	0	0
557	N1	N	238	334,18	14/5/2025	25/6/2025	42	0,712	17,088	1	0	0	0	0	0	1	0	0
558	H3	H	398	402,02	26/5/2025	7/7/2025	42	0,99	23,76	0	0	1	1	0	0	0	0	0
559	H2	H	19	402,02	18/2/2025	1/4/2025	42	0,047	1,128	0	0	1	1	0	0	0	0	0
560	P3	P	19	409,15	27/3/2025	8/5/2025	42	0,046	1,104	1	1	0	0	0	0	0	0	0
561	A2	A	19	407,17	15/5/2025	26/6/2025	42	0,047	1,128	1	1	1	0	0	0	0	0	0
562	A2	A	19	407,17	15/5/2025	26/6/2025	42	0,047	1,128	1	1	1	0	0	0	0	0	0
563	E4	E	18	333,66	8/5/2025	19/6/2025	42	0,054	1,296	1	0	0	0	0	1	0	0	0
564	A1	A	111	407,17	22/5/2025	3/7/2025	42	0,273	6,552	1	1	1	0	0	0	0	0	0
565	P3	P	19	409,15	27/3/2025	8/5/2025	42	0,046	1,104	1	1	0	0	0	0	0	0	0
566	E1	E	18	333,66	27/3/2025	8/5/2025	42	0,054	1,296	1	0	0	0	0	1	0	0	0
567	A2	A	19	407,17	15/5/2025	26/6/2025	42	0,047	1,128	1	1	1	0	0	0	0	0	0
568	A2	A	19	407,17	15/5/2025	26/6/2025	42	0,047	1,128	1	1	1	0	0	0	0	0	0
569	P3	P	19	409,15	27/3/2025	8/5/2025	42	0,046	1,104	1	1	0	0	0	0	0	0	0
570	P3	P	19	409,15	27/3/2025	8/5/2025	42	0,046	1,104	1	1	0	0	0	0	0	0	0
571	A2	A	19	407,17	15/5/2025	26/6/2025	42	0,047	1,128	1	1	1	0	0	0	0	0	0
572	H1	H	1	402,02	11/6/2025	23/7/2025	42	0,002	0,048	0	0	1	1	0	0	0	0	0
573	A2	A	19	407,17	15/5/2025	26/6/2025	42	0,047	1,128	1	1	1	0	0	0	0	0	0
574	P1	P	130	409,15	9/5/2025	20/6/2025	42	0,318	7,632	1	1	0	0	0	0	0	0	0
575	P1	P	130	409,15	9/5/2025	20/6/2025	42	0,318	7,632	1	1	0	0	0	0	0	0	0
576	P1	P	65	409,15	9/5/2025	20/6/2025	42	0,159	3,816	1	1	0	0	0	0	0	0	0
577	A1	A	111	407,17	4/6/2025	16/7/2025	42	0,273	6,552	1	1	1	0	0	0	0	0	0
578	A3	A	65	407,17	30/5/2025	11/7/2025	42	0,16	3,84	1	1	1	0	0	0	0	0	0
579	A3	A	65	407,17	30/5/2025	11/7/2025	42	0,16	3,84	1	1	1	0	0	0	0	0	0
580	P3	P	19	409,15	27/3/2025	8/5/2025	42	0,046	1,104	1	1	0	0	0	0	0	0	0
581	A2	A	19	407,17	15/5/2025	26/6/2025	42	0,047	1,128	1	1	1	0	0	0	0	0	0
582	A1	A	111	407,17	16/5/2025	27/6/2025	42	0,273	6,552	1	1	1	0	0	0	0	0	0
583	N1	N	238	334,18	14/5/2025	25/6/2025	42	0,712	17,088	1	0	0	0	0	0	1	0	0
584	P1	P	54	409,15	16/6/2025	28/7/2025	42	0,132	3,168	1	1	0	0	0	0	0	0	0
585	A7	A	198	407,17	2/3/2025	13/4/2025	42	0,486	11,664	1	1	1	0	0	0	0	0	0
586	C4	C	19	411,11	6/3/2025	17/4/2025	42	0,046	1,104	1	0	0	0	1	0	0	0	0
587	E1	E	18	333,66	1/5/2025	12/6/2025	42	0,054	1,296	1	0	0	0	0	1	0	0	0
588	P2	P	121	409,15	11/3/2025	22/4/2025	42	0,296	7,104	1	1	0	0	0	0	0	0	0
589	C4	C	19	411,11	7/4/2025	19/5/2025	42	0,046	1,104	1	0	0	0	1	0	0	0	0
590	A2	A	19	407,17	15/5/2025	26/6/2025	42	0,047	1,128	1	1	1	0	0	0	0	0	0
591	E4	E	18	333,66	8/5/2025	19/6/2025	42	0,054	1,296	1	0	0	0	0	1	0	0	0
592	A9	A	24	407,17	9/5/2025	20/6/2025	42	0,059	1,416	1	1	1	0	0	0	0	0	0
593	A1	A	111	407,17	16/5/2025	27/6/2025	42	0,273	6,552	1	1	1	0	0	0	0	0	0
594	H7	H	21	402,02	22/5/2025	3/7/2025	42	0,052	1,248	0	0	1	1	0	0	0	0	0
595	A2	A	19	407,17	15/5/2025	26/6/2025	42	0,047	1,128	1	1	1	0	0	0	0	0	0
596	N3	N	358	334,18	13/3/2025	24/4/2025	42	1,071	25,704	1	0	0	0	0	0	1	0	0
597	A2	A	19	407,17	15/5/2025	26/6/2025	42	0,047	1,128	1	1	1	0	0	0	0	0	0
598	A1	A	111	407,17	16/5/2025	27/6/2025	42	0,273	6,552	1	1	1	0	0	0	0	0	0
599	A3	A	54	407,17	30/5/2025	11/7/2025	42	0,133	3,192	1	1	1	0	0	0	0	0	0
600	A3	A	54	407,17	30/5/2025	11/7/2025	42	0,133	3,192	1	1	1	0	0	0	0	0	0
601	A3	A	54	407,17	30/5/2025	11/7/2025	42	0,133	3,192	1	1	1	0	0	0	0	0	0
602	P1	P	54	409,15	22/5/2025	3/7/2025	42	0,132	3,168	1	1	0	0	0	0	0	0	0
603	P1	P	54	409,15	22/5/2025	3/7/2025	42	0,132	3,168	1	1	0	0	0	0	0	0	0
604	P4	P	73	409,15	18/4/2025	30/5/2025	42	0,178	4,272	1	1	0	0	0	0	0	0	0
605	A2	A	19	407,17	15/5/2025	26/6/2025	42	0,047	1,128	1	1	1	0	0	0	0	0	0
606	A1	A	111	407,17	16/5/2025	27/6/2025	42	0,273	6,552	1	1	1	0	0	0	0	0	0
607	H1	H	24	402,02	25/4/2025	6/6/2025	42	0,06	1,44	0	0	1	1	0	0	0	0	0
608	P3	P	19	409,15	18/6/2025	30/7/2025	42	0,046	1,104	1	1	0	0	0	0	0	0	0
609	E1	E	18	333,66	1/5/2025	12/6/2025	42	0,054	1,296	1	0	0	0	0	1	0	0	0
610	H1	H	99	402,02	13/3/2025	24/4/2025	42	0,246	5,904	0	0	1	1	0	0	0	0	0
611	A2	A	19	407,17	15/5/2025	26/6/2025	42	0,047	1,128	1	1	1	0	0	0	0	0	0
612	A1	A	111	407,17	16/5/2025	27/6/2025	42	0,273	6,552	1	1	1	0	0	0	0	0	0
613	P1	P	54	409,15	22/5/2025	3/7/2025	42	0,132	3,168	1	1	0	0	0	0	0	0	0
614	P1	P	54	409,15	22/5/2025	3/7/2025	42	0,132	3,168	1	1	0	0	0	0	0	0	0
615	P1	P	54	409,15	22/5/2025	3/7/2025	42	0,132	3,168	1	1	0	0	0	0	0	0	0
616	E3	E	50	333,66	11/3/2025	22/4/2025	42	0,15	3,6	1	0	0	0	0	1	0	0	0
617	A10	A	490	407,17	23/5/2025	4/7/2025	42	1,203	28,872	1	1	1	0	0	0	0	0	0
618	E1	E	18	333,66	1/5/2025	12/6/2025	42	0,054	1,296	1	0	0	0	0	1	0	0	0
619	A2	A	19	407,17	15/5/2025	26/6/2025	42	0,047	1,128	1	1	1	0	0	0	0	0	0
620	A2	A	19	407,17	15/5/2025	26/6/2025	42	0,047	1,128	1	1	1	0	0	0	0	0	0
621	M1	M	75	334,18	5/6/2025	17/7/2025	42	0,224	5,376	1	0	0	0	0	0	0	1	0
622	A1	A	93	407,17	13/6/2025	25/7/2025	42	0,228	5,472	1	1	1	0	0	0	0	0	0
623	F1	F	144	394,98	18/6/2025	30/7/2025	42	0,365	8,76	1	0	0	1	1	1	1	1	1
624	N2	N	70	334,18	2/2/2025	16/3/2025	42	0,209	5,016	1	0	0	0	0	0	1	0	0
625	E1	E	18	333,66	1/5/2025	12/6/2025	42	0,054	1,296	1	0	0	0	0	1	0	0	0
626	H3	H	23	402,02	16/5/2025	27/6/2025	42	0,057	1,368	0	0	1	1	0	0	0	0	0
627	A1	A	93	407,17	13/6/2025	25/7/2025	42	0,228	5,472	1	1	1	0	0	0	0	0	0
628	A3	A	54	407,17	27/5/2025	8/7/2025	42	0,133	3,192	1	1	1	0	0	0	0	0	0
629	A3	A	54	407,17	27/5/2025	8/7/2025	42	0,133	3,192	1	1	1	0	0	0	0	0	0
630	A3	A	54	407,17	27/5/2025	8/7/2025	42	0,133	3,192	1	1	1	0	0	0	0	0	0
631	P1	P	54	409,15	22/5/2025	3/7/2025	42	0,132	3,168	1	1	0	0	0	0	0	0	0
632	P1	P	54	409,15	22/5/2025	3/7/2025	42	0,132	3,168	1	1	0	0	0	0	0	0	0
633	P1	P	54	409,15	22/5/2025	3/7/2025	42	0,132	3,168	1	1	0	0	0	0	0	0	0
634	P1	P	54	409,15	22/5/2025	3/7/2025	42	0,132	3,168	1	1	0	0	0	0	0	0	0
635	P1	P	54	409,15	22/5/2025	3/7/2025	42	0,132	3,168	1	1	0	0	0	0	0	0	0
636	F1	F	72	394,98	26/6/2025	7/8/2025	42	0,182	4,368	1	0	0	1	1	1	1	1	1
637	A2	A	19	407,17	15/5/2025	26/6/2025	42	0,047	1,128	1	1	1	0	0	0	0	0	0
638	A1	A	93	407,17	16/5/2025	27/6/2025	42	0,228	5,472	1	1	1	0	0	0	0	0	0
639	E2	E	19	333,66	1/5/2025	12/6/2025	42	0,057	1,368	1	0	0	0	0	1	0	0	0
640	N4	N	67	334,18	11/4/2025	23/5/2025	42	0,2	4,8	1	0	0	0	0	0	1	0	0
641	E4	E	18	333,66	6/5/2025	17/6/2025	42	0,054	1,296	1	0	0	0	0	1	0	0	0
642	A2	A	19	407,17	15/5/2025	26/6/2025	42	0,047	1,128	1	1	1	0	0	0	0	0	0
643	E2	E	19	333,66	18/6/2025	30/7/2025	42	0,057	1,368	1	0	0	0	0	1	0	0	0
644	P1	P	20	409,15	24/6/2025	5/8/2025	42	0,049	1,176	1	1	0	0	0	0	0	0	0
645	N1	N	190	334,18	5/6/2025	17/7/2025	42	0,569	13,656	1	0	0	0	0	0	1	0	0
646	P1	P	10	409,15	24/6/2025	5/8/2025	42	0,024	0,576	1	1	0	0	0	0	0	0	0
647	N4	N	67	334,18	11/4/2025	23/5/2025	42	0,2	4,8	1	0	0	0	0	0	1	0	0
648	M2	M	16	334,18	10/6/2025	22/7/2025	42	0,048	1,152	1	0	0	0	0	0	0	1	0
649	M1	M	24	334,18	24/6/2025	5/8/2025	42	0,072	1,728	1	0	0	0	0	0	0	1	0
650	V1	V	450	334,18	26/5/2025	7/7/2025	42	1,347	32,328	1	0	0	0	0	0	0	0	1
651	A8	A	391	407,17	6/3/2025	17/4/2025	42	0,96	23,04	1	1	1	0	0	0	0	0	0
652	A6	A	19	407,17	4/4/2025	16/5/2025	42	0,047	1,128	1	1	1	0	0	0	0	0	0
653	A6	A	19	407,17	4/4/2025	16/5/2025	42	0,047	1,128	1	1	1	0	0	0	0	0	0
654	A6	A	19	407,17	4/4/2025	16/5/2025	42	0,047	1,128	1	1	1	0	0	0	0	0	0
655	A6	A	19	407,17	4/4/2025	16/5/2025	42	0,047	1,128	1	1	1	0	0	0	0	0	0
656	A2	A	19	407,17	15/5/2025	26/6/2025	42	0,047	1,128	1	1	1	0	0	0	0	0	0
657	A2	A	19	407,17	15/5/2025	26/6/2025	42	0,047	1,128	1	1	1	0	0	0	0	0	0
658	A2	A	19	407,17	15/5/2025	26/6/2025	42	0,047	1,128	1	1	1	0	0	0	0	0	0
659	A1	A	111	407,17	16/5/2025	27/6/2025	42	0,273	6,552	1	1	1	0	0	0	0	0	0
660	A1	A	93	407,17	16/5/2025	27/6/2025	42	0,228	5,472	1	1	1	0	0	0	0	0	0
661	E2	E	19	333,66	27/6/2025	8/8/2025	42	0,057	1,368	1	0	0	0	0	1	0	0	0
662	E2	E	19	333,66	27/6/2025	8/8/2025	42	0,057	1,368	1	0	0	0	0	1	0	0	0
663	A1	A	111	407,17	25/6/2025	6/8/2025	42	0,273	6,552	1	1	1	0	0	0	0	0	0
664	A1	A	111	407,17	27/6/2025	8/8/2025	42	0,273	6,552	1	1	1	0	0	0	0	0	0
665	H2	H	19	402,02	18/2/2025	1/4/2025	42	0,047	1,128	0	0	1	1	0	0	0	0	0
666	E2	E	19	333,66	14/4/2025	26/5/2025	42	0,057	1,368	1	0	0	0	0	1	0	0	0
667	E2	E	19	333,66	25/6/2025	6/8/2025	42	0,057	1,368	1	0	0	0	0	1	0	0	0
668	N3	N	406	334,18	9/5/2025	20/6/2025	42	1,215	29,16	1	0	0	0	0	0	1	0	0
669	A6	A	19	407,17	4/4/2025	16/5/2025	42	0,047	1,128	1	1	1	0	0	0	0	0	0
670	A6	A	19	407,17	4/4/2025	16/5/2025	42	0,047	1,128	1	1	1	0	0	0	0	0	0
671	E2	E	19	333,66	14/4/2025	26/5/2025	42	0,057	1,368	1	0	0	0	0	1	0	0	0
672	E1	E	18	333,66	14/4/2025	26/5/2025	42	0,054	1,296	1	0	0	0	0	1	0	0	0
673	A2	A	19	407,17	15/5/2025	26/6/2025	42	0,047	1,128	1	1	1	0	0	0	0	0	0
674	E1	E	18	333,66	13/5/2025	24/6/2025	42	0,054	1,296	1	0	0	0	0	1	0	0	0
675	E2	E	19	333,66	27/6/2025	8/8/2025	42	0,057	1,368	1	0	0	0	0	1	0	0	0
676	E2	E	19	333,66	27/6/2025	8/8/2025	42	0,057	1,368	1	0	0	0	0	1	0	0	0
677	E2	E	19	333,66	27/6/2025	8/8/2025	42	0,057	1,368	1	0	0	0	0	1	0	0	0
678	H2	H	19	402,02	18/2/2025	1/4/2025	42	0,047	1,128	0	0	1	1	0	0	0	0	0
679	P3	P	19	409,15	22/5/2025	3/7/2025	42	0,046	1,104	1	1	0	0	0	0	0	0	0
680	P3	P	19	409,15	22/5/2025	3/7/2025	42	0,046	1,104	1	1	0	0	0	0	0	0	0
681	A6	A	19	407,17	4/4/2025	16/5/2025	42	0,047	1,128	1	1	1	0	0	0	0	0	0
682	A6	A	19	407,17	4/4/2025	16/5/2025	42	0,047	1,128	1	1	1	0	0	0	0	0	0
683	E2	E	19	333,66	14/4/2025	26/5/2025	42	0,057	1,368	1	0	0	0	0	1	0	0	0
684	E4	E	18	333,66	3/6/2025	15/7/2025	42	0,054	1,296	1	0	0	0	0	1	0	0	0
685	A11	A	152	407,17	28/5/2025	9/7/2025	42	0,373	8,952	1	1	1	0	0	0	0	0	0
686	A6	A	312	407,17	12/6/2025	24/7/2025	42	0,766	18,384	1	1	1	0	0	0	0	0	0
687	H3	H	304	402,02	12/6/2025	24/7/2025	42	0,756	18,144	0	0	1	1	0	0	0	0	0
688	E2	E	19	333,66	27/6/2025	8/8/2025	42	0,057	1,368	1	0	0	0	0	1	0	0	0
689	H2	H	19	402,02	18/2/2025	1/4/2025	42	0,047	1,128	0	0	1	1	0	0	0	0	0
690	F1	F	500	394,98	1/4/2025	13/5/2025	42	1,266	30,384	1	0	0	1	1	1	1	1	1
691	N4	N	67	334,18	11/4/2025	23/5/2025	42	0,2	4,8	1	0	0	0	0	0	1	0	0
692	A6	A	19	407,17	4/4/2025	16/5/2025	42	0,047	1,128	1	1	1	0	0	0	0	0	0
693	A6	A	19	407,17	4/4/2025	16/5/2025	42	0,047	1,128	1	1	1	0	0	0	0	0	0
694	E2	E	19	333,66	14/4/2025	26/5/2025	42	0,057	1,368	1	0	0	0	0	1	0	0	0
695	E1	E	18	333,66	14/4/2025	26/5/2025	42	0,054	1,296	1	0	0	0	0	1	0	0	0
696	A2	A	19	407,17	15/5/2025	26/6/2025	42	0,047	1,128	1	1	1	0	0	0	0	0	0
697	A3	A	54	407,17	27/5/2025	8/7/2025	42	0,133	3,192	1	1	1	0	0	0	0	0	0
698	A3	A	54	407,17	27/5/2025	8/7/2025	42	0,133	3,192	1	1	1	0	0	0	0	0	0
699	A3	A	54	407,17	27/5/2025	8/7/2025	42	0,133	3,192	1	1	1	0	0	0	0	0	0
700	A3	A	54	407,17	27/5/2025	8/7/2025	42	0,133	3,192	1	1	1	0	0	0	0	0	0
701	V1	V	550	334,18	11/6/2025	23/7/2025	42	1,646	39,504	1	0	0	0	0	0	0	0	1
702	A2	A	38	407,17	5/6/2025	17/7/2025	42	0,093	2,232	1	1	1	0	0	0	0	0	0
703	A2	A	57	407,17	5/6/2025	17/7/2025	42	0,14	3,36	1	1	1	0	0	0	0	0	0
704	H2	H	19	402,02	18/2/2025	1/4/2025	42	0,047	1,128	0	0	1	1	0	0	0	0	0
705	A6	A	19	407,17	4/4/2025	16/5/2025	42	0,047	1,128	1	1	1	0	0	0	0	0	0
706	A6	A	19	407,17	4/4/2025	16/5/2025	42	0,047	1,128	1	1	1	0	0	0	0	0	0
707	E1	E	18	333,66	14/4/2025	26/5/2025	42	0,054	1,296	1	0	0	0	0	1	0	0	0
708	H2	H	19	402,02	18/2/2025	1/4/2025	42	0,047	1,128	0	0	1	1	0	0	0	0	0
709	N2	N	70	334,18	2/2/2025	16/3/2025	42	0,209	5,016	1	0	0	0	0	0	1	0	0
710	F1	F	678	394,98	6/2/2025	20/3/2025	42	1,717	41,208	1	0	0	1	1	1	1	1	1
711	C4	C	19	411,11	6/3/2025	17/4/2025	42	0,046	1,104	1	0	0	0	1	0	0	0	0
712	A2	A	10	407,17	19/3/2025	30/4/2025	42	0,025	0,6	1	1	1	0	0	0	0	0	0
713	F1	F	500	394,98	3/4/2025	15/5/2025	42	1,266	30,384	1	0	0	1	1	1	1	1	1
714	N3	N	358	334,18	30/5/2025	11/7/2025	42	1,071	25,704	1	0	0	0	0	0	1	0	0
715	P1	P	54	409,15	22/5/2025	3/7/2025	42	0,132	3,168	1	1	0	0	0	0	0	0	0
716	P1	P	54	409,15	22/5/2025	3/7/2025	42	0,132	3,168	1	1	0	0	0	0	0	0	0
717	P1	P	54	409,15	22/5/2025	3/7/2025	42	0,132	3,168	1	1	0	0	0	0	0	0	0
718	P1	P	54	409,15	22/5/2025	3/7/2025	42	0,132	3,168	1	1	0	0	0	0	0	0	0
719	P1	P	54	409,15	22/5/2025	3/7/2025	42	0,132	3,168	1	1	0	0	0	0	0	0	0
720	E2	E	19	333,66	7/7/2025	18/8/2025	42	0,057	1,368	1	0	0	0	0	1	0	0	0
721	E2	E	19	333,66	7/7/2025	18/8/2025	42	0,057	1,368	1	0	0	0	0	1	0	0	0
722	E2	E	19	333,66	7/7/2025	18/8/2025	42	0,057	1,368	1	0	0	0	0	1	0	0	0
723	E2	E	19	333,66	7/7/2025	18/8/2025	42	0,057	1,368	1	0	0	0	0	1	0	0	0
724	C6	C	19	411,11	27/5/2025	8/7/2025	42	0,046	1,104	1	0	0	0	1	0	0	0	0
725	N1	N	190	334,18	5/6/2025	17/7/2025	42	0,569	13,656	1	0	0	0	0	0	1	0	0
726	E1	E	18	333,66	14/4/2025	26/5/2025	42	0,054	1,296	1	0	0	0	0	1	0	0	0
727	E1	E	18	333,66	22/4/2025	3/6/2025	42	0,054	1,296	1	0	0	0	0	1	0	0	0
728	E4	E	18	333,66	3/6/2025	15/7/2025	42	0,054	1,296	1	0	0	0	0	1	0	0	0
729	H2	H	19	402,02	18/2/2025	1/4/2025	42	0,047	1,128	0	0	1	1	0	0	0	0	0
730	H2	H	19	402,02	18/2/2025	1/4/2025	42	0,047	1,128	0	0	1	1	0	0	0	0	0
731	E1	E	18	333,66	22/4/2025	3/6/2025	42	0,054	1,296	1	0	0	0	0	1	0	0	0
732	A11	A	209	407,17	28/5/2025	9/7/2025	42	0,513	12,312	1	1	1	0	0	0	0	0	0
733	A2	A	38	407,17	5/6/2025	17/7/2025	42	0,093	2,232	1	1	1	0	0	0	0	0	0
734	E1	E	18	333,66	22/4/2025	3/6/2025	42	0,054	1,296	1	0	0	0	0	1	0	0	0
735	A2	A	57	407,17	5/6/2025	17/7/2025	42	0,14	3,36	1	1	1	0	0	0	0	0	0
736	N1	N	19	334,18	15/7/2025	26/8/2025	42	0,057	1,368	1	0	0	0	0	0	1	0	0
737	N1	N	19	334,18	15/7/2025	26/8/2025	42	0,057	1,368	1	0	0	0	0	0	1	0	0
738	N1	N	19	334,18	15/7/2025	26/8/2025	42	0,057	1,368	1	0	0	0	0	0	1	0	0
739	N1	N	19	334,18	15/7/2025	26/8/2025	42	0,057	1,368	1	0	0	0	0	0	1	0	0
740	N1	N	19	334,18	15/7/2025	26/8/2025	42	0,057	1,368	1	0	0	0	0	0	1	0	0
741	N1	N	19	334,18	15/7/2025	26/8/2025	42	0,057	1,368	1	0	0	0	0	0	1	0	0
742	A1	A	111	407,17	23/6/2025	4/8/2025	42	0,273	6,552	1	1	1	0	0	0	0	0	0
743	P3	P	19	409,15	1/6/2025	13/7/2025	42	0,046	1,104	1	1	0	0	0	0	0	0	0
744	H1	H	99	402,02	20/4/2025	1/6/2025	42	0,246	5,904	0	0	1	1	0	0	0	0	0
745	N3	N	215	334,18	11/7/2025	22/8/2025	42	0,643	15,432	1	0	0	0	0	0	1	0	0
746	F1	F	504	394,98	20/6/2025	1/8/2025	42	1,276	30,624	1	0	0	1	1	1	1	1	1
747	N2	N	65	334,18	17/7/2025	28/8/2025	42	0,194	4,656	1	0	0	0	0	0	1	0	0
748	H4	H	198	402,02	13/5/2025	24/6/2025	42	0,493	11,832	0	0	1	1	0	0	0	0	0
749	N1	N	190	334,18	5/6/2025	17/7/2025	42	0,569	13,656	1	0	0	0	0	0	1	0	0
750	P3	P	19	409,15	1/6/2025	13/7/2025	42	0,046	1,104	1	1	0	0	0	0	0	0	0
751	A6	A	19	407,17	4/4/2025	16/5/2025	42	0,047	1,128	1	1	1	0	0	0	0	0	0
752	A6	A	19	407,17	4/4/2025	16/5/2025	42	0,047	1,128	1	1	1	0	0	0	0	0	0
753	A11	A	171	407,17	28/5/2025	9/7/2025	42	0,42	10,08	1	1	1	0	0	0	0	0	0
754	E9	E	18	333,66	20/6/2025	1/8/2025	42	0,054	1,296	1	0	0	0	0	1	0	0	0
755	E9	E	18	333,66	20/6/2025	1/8/2025	42	0,054	1,296	1	0	0	0	0	1	0	0	0
756	F1	F	504	394,98	20/6/2025	1/8/2025	42	1,276	30,624	1	0	0	1	1	1	1	1	1
757	F1	F	504	394,98	20/6/2025	1/8/2025	42	1,276	30,624	1	0	0	1	1	1	1	1	1
758	E4	E	18	333,66	23/6/2025	4/8/2025	42	0,054	1,296	1	0	0	0	0	1	0	0	0
759	P3	P	19	409,15	1/6/2025	13/7/2025	42	0,046	1,104	1	1	0	0	0	0	0	0	0
760	A6	A	19	407,17	4/4/2025	16/5/2025	42	0,047	1,128	1	1	1	0	0	0	0	0	0
761	A6	A	19	407,17	4/4/2025	16/5/2025	42	0,047	1,128	1	1	1	0	0	0	0	0	0
762	E1	E	18	333,66	22/4/2025	3/6/2025	42	0,054	1,296	1	0	0	0	0	1	0	0	0
763	A2	A	38	407,17	5/6/2025	17/7/2025	42	0,093	2,232	1	1	1	0	0	0	0	0	0
764	E9	E	18	333,66	20/6/2025	1/8/2025	42	0,054	1,296	1	0	0	0	0	1	0	0	0
765	E9	E	18	333,66	20/6/2025	1/8/2025	42	0,054	1,296	1	0	0	0	0	1	0	0	0
766	P3	P	19	409,15	1/6/2025	13/7/2025	42	0,046	1,104	1	1	0	0	0	0	0	0	0
767	N4	N	67	334,18	29/4/2025	10/6/2025	42	0,2	4,8	1	0	0	0	0	0	1	0	0
768	N4	N	67	334,18	23/5/2025	4/7/2025	42	0,2	4,8	1	0	0	0	0	0	1	0	0
769	A6	A	19	407,17	4/4/2025	16/5/2025	42	0,047	1,128	1	1	1	0	0	0	0	0	0
770	A6	A	19	407,17	4/4/2025	16/5/2025	42	0,047	1,128	1	1	1	0	0	0	0	0	0
771	P1	P	54	409,15	22/5/2025	3/7/2025	42	0,132	3,168	1	1	0	0	0	0	0	0	0
772	P1	P	54	409,15	22/5/2025	3/7/2025	42	0,132	3,168	1	1	0	0	0	0	0	0	0
773	P1	P	54	409,15	22/5/2025	3/7/2025	42	0,132	3,168	1	1	0	0	0	0	0	0	0
774	P1	P	54	409,15	22/5/2025	3/7/2025	42	0,132	3,168	1	1	0	0	0	0	0	0	0
775	P1	P	54	409,15	22/5/2025	3/7/2025	42	0,132	3,168	1	1	0	0	0	0	0	0	0
776	P1	P	54	409,15	22/5/2025	3/7/2025	42	0,132	3,168	1	1	0	0	0	0	0	0	0
777	A2	A	57	407,17	5/6/2025	17/7/2025	42	0,14	3,36	1	1	1	0	0	0	0	0	0
778	N2	N	65	334,18	16/7/2025	27/8/2025	42	0,194	4,656	1	0	0	0	0	0	1	0	0
779	H2	H	19	402,02	18/2/2025	1/4/2025	42	0,047	1,128	0	0	1	1	0	0	0	0	0
780	H2	H	19	402,02	18/2/2025	1/4/2025	42	0,047	1,128	0	0	1	1	0	0	0	0	0
781	E1	E	18	333,66	22/4/2025	3/6/2025	42	0,054	1,296	1	0	0	0	0	1	0	0	0
782	E9	E	18	333,66	20/6/2025	1/8/2025	42	0,054	1,296	1	0	0	0	0	1	0	0	0
783	N2	N	65	334,18	16/7/2025	27/8/2025	42	0,195	4,68	1	0	0	0	0	0	1	0	0
784	A3	A	117	407,17	24/7/2025	4/9/2025	42	0,287	6,888	1	1	1	0	0	0	0	0	0
785	P1	P	108	409,15	24/7/2025	4/9/2025	42	0,264	6,336	1	1	0	0	0	0	0	0	0
786	F1	F	504	394,98	20/6/2025	1/8/2025	42	1,276	30,624	1	0	0	1	1	1	1	1	1
787	H2	H	19	402,02	18/2/2025	1/4/2025	42	0,047	1,128	0	0	1	1	0	0	0	0	0
788	H2	H	19	402,02	18/2/2025	1/4/2025	42	0,047	1,128	0	0	1	1	0	0	0	0	0
789	P3	P	19	409,15	1/6/2025	13/7/2025	42	0,046	1,104	1	1	0	0	0	0	0	0	0
790	P3	P	19	409,15	1/6/2025	13/7/2025	42	0,046	1,104	1	1	0	0	0	0	0	0	0
791	A11	A	209	407,17	28/5/2025	9/7/2025	42	0,513	12,312	1	1	1	0	0	0	0	0	0
792	A7	A	99	407,17	10/6/2025	22/7/2025	42	0,243	5,832	1	1	1	0	0	0	0	0	0
793	H3	H	46	402,02	8/7/2025	19/8/2025	42	0,114	2,736	0	0	1	1	0	0	0	0	0
794	A10	A	490	407,17	23/6/2025	4/8/2025	42	1,203	28,872	1	1	1	0	0	0	0	0	0
795	E1	E	18	333,66	22/7/2025	2/9/2025	42	0,054	1,296	1	0	0	0	0	1	0	0	0
796	H2	H	19	402,02	18/2/2025	1/4/2025	42	0,047	1,128	0	0	1	1	0	0	0	0	0
797	H2	H	19	402,02	18/2/2025	1/4/2025	42	0,047	1,128	0	0	1	1	0	0	0	0	0
798	E1	E	18	333,66	22/4/2025	3/6/2025	42	0,054	1,296	1	0	0	0	0	1	0	0	0
799	A2	A	38	407,17	5/6/2025	17/7/2025	42	0,093	2,232	1	1	1	0	0	0	0	0	0
800	P1	P	108	409,15	24/7/2025	4/9/2025	42	0,264	6,336	1	1	0	0	0	0	0	0	0
801	P1	P	108	409,15	24/7/2025	4/9/2025	42	0,264	6,336	1	1	0	0	0	0	0	0	0
802	P1	P	54	409,15	24/7/2025	4/9/2025	42	0,132	3,168	1	1	0	0	0	0	0	0	0
803	A2	A	57	407,17	5/6/2025	17/7/2025	42	0,14	3,36	1	1	1	0	0	0	0	0	0
804	N1	N	19	334,18	29/7/2025	9/9/2025	42	0,057	1,368	1	0	0	0	0	0	1	0	0
805	N1	N	19	334,18	29/7/2025	9/9/2025	42	0,057	1,368	1	0	0	0	0	0	1	0	0
806	N1	N	19	334,18	29/7/2025	9/9/2025	42	0,057	1,368	1	0	0	0	0	0	1	0	0
807	N1	N	19	334,18	29/7/2025	9/9/2025	42	0,057	1,368	1	0	0	0	0	0	1	0	0
808	A6	A	19	407,17	4/4/2025	16/5/2025	42	0,047	1,128	1	1	1	0	0	0	0	0	0
809	A1	A	37	407,17	23/6/2025	4/8/2025	42	0,091	2,184	1	1	1	0	0	0	0	0	0
810	A6	A	19	407,17	4/4/2025	16/5/2025	42	0,047	1,128	1	1	1	0	0	0	0	0	0
811	A6	A	19	407,17	4/4/2025	16/5/2025	42	0,047	1,128	1	1	1	0	0	0	0	0	0
812	H2	H	19	402,02	14/4/2025	26/5/2025	42	0,047	1,128	0	0	1	1	0	0	0	0	0
813	H2	H	19	402,02	13/5/2025	24/6/2025	42	0,047	1,128	0	0	1	1	0	0	0	0	0
814	A2	A	19	407,17	1/8/2025	12/9/2025	42	0,047	1,128	1	1	1	0	0	0	0	0	0
815	A9	A	49	407,17	21/7/2025	1/9/2025	42	0,12	2,88	1	1	1	0	0	0	0	0	0
816	P1	P	108	409,15	21/7/2025	1/9/2025	42	0,264	6,336	1	1	0	0	0	0	0	0	0
817	P1	P	108	409,15	21/7/2025	1/9/2025	42	0,264	6,336	1	1	0	0	0	0	0	0	0
818	A3	A	117	407,17	24/7/2025	4/9/2025	42	0,287	6,888	1	1	1	0	0	0	0	0	0
819	A6	A	19	407,17	4/4/2025	16/5/2025	42	0,047	1,128	1	1	1	0	0	0	0	0	0
820	A6	A	19	407,17	4/4/2025	16/5/2025	42	0,047	1,128	1	1	1	0	0	0	0	0	0
821	A6	A	19	407,17	4/4/2025	16/5/2025	42	0,047	1,128	1	1	1	0	0	0	0	0	0
822	A6	A	19	407,17	4/4/2025	16/5/2025	42	0,047	1,128	1	1	1	0	0	0	0	0	0
823	A6	A	19	407,17	4/4/2025	16/5/2025	42	0,047	1,128	1	1	1	0	0	0	0	0	0
824	H2	H	19	402,02	14/4/2025	26/5/2025	42	0,047	1,128	0	0	1	1	0	0	0	0	0
825	N1	N	19	334,18	4/8/2025	15/9/2025	42	0,057	1,368	1	0	0	0	0	0	1	0	0
826	N1	N	19	334,18	4/8/2025	15/9/2025	42	0,057	1,368	1	0	0	0	0	0	1	0	0
827	N1	N	19	334,18	4/8/2025	15/9/2025	42	0,057	1,368	1	0	0	0	0	0	1	0	0
828	A6	A	19	407,17	4/4/2025	16/5/2025	42	0,047	1,128	1	1	1	0	0	0	0	0	0
829	A6	A	19	407,17	4/4/2025	16/5/2025	42	0,047	1,128	1	1	1	0	0	0	0	0	0
830	A6	A	19	407,17	4/4/2025	16/5/2025	42	0,047	1,128	1	1	1	0	0	0	0	0	0
831	A6	A	19	407,17	4/4/2025	16/5/2025	42	0,047	1,128	1	1	1	0	0	0	0	0	0
832	A6	A	19	407,17	4/4/2025	16/5/2025	42	0,047	1,128	1	1	1	0	0	0	0	0	0
833	A6	A	19	407,17	4/4/2025	16/5/2025	42	0,047	1,128	1	1	1	0	0	0	0	0	0
834	A11	A	209	407,17	28/5/2025	9/7/2025	42	0,513	12,312	1	1	1	0	0	0	0	0	0
835	H5	H	46	402,02	17/6/2025	29/7/2025	42	0,114	2,736	0	0	1	1	0	0	0	0	0
836	A2	A	114	407,17	17/7/2025	28/8/2025	42	0,28	6,72	1	1	1	0	0	0	0	0	0
837	A6	A	19	407,17	4/4/2025	16/5/2025	42	0,047	1,128	1	1	1	0	0	0	0	0	0
838	A1	A	111	407,17	23/6/2025	4/8/2025	42	0,273	6,552	1	1	1	0	0	0	0	0	0
839	P1	P	108	409,15	21/7/2025	1/9/2025	42	0,264	6,336	1	1	0	0	0	0	0	0	0
840	P1	P	54	409,15	21/7/2025	1/9/2025	42	0,132	3,168	1	1	0	0	0	0	0	0	0
841	A6	A	19	407,17	4/4/2025	16/5/2025	42	0,047	1,128	1	1	1	0	0	0	0	0	0
842	A6	A	19	407,17	4/4/2025	16/5/2025	42	0,047	1,128	1	1	1	0	0	0	0	0	0
843	A6	A	19	407,17	4/4/2025	16/5/2025	42	0,047	1,128	1	1	1	0	0	0	0	0	0
844	A6	A	19	407,17	4/4/2025	16/5/2025	42	0,047	1,128	1	1	1	0	0	0	0	0	0
845	H2	H	19	402,02	14/4/2025	26/5/2025	42	0,047	1,128	0	0	1	1	0	0	0	0	0
846	N3	N	358	334,18	2/7/2025	13/8/2025	42	1,071	25,704	1	0	0	0	0	0	1	0	0
847	A1	A	111	407,17	23/6/2025	4/8/2025	42	0,273	6,552	1	1	1	0	0	0	0	0	0
848	A1	A	111	407,17	23/6/2025	4/8/2025	42	0,273	6,552	1	1	1	0	0	0	0	0	0
849	C5	C	97	411,11	30/6/2025	11/8/2025	42	0,236	5,664	1	0	0	0	1	0	0	0	0
850	C6	C	19	411,11	27/5/2025	8/7/2025	42	0,046	1,104	1	0	0	0	1	0	0	0	0
851	C6	C	19	411,11	27/5/2025	8/7/2025	42	0,046	1,104	1	0	0	0	1	0	0	0	0
852	A11	A	58	407,17	4/7/2025	15/8/2025	42	0,142	3,408	1	1	1	0	0	0	0	0	0
853	H2	H	19	402,02	13/5/2025	24/6/2025	42	0,047	1,128	0	0	1	1	0	0	0	0	0
854	H2	H	19	402,02	13/5/2025	24/6/2025	42	0,047	1,128	0	0	1	1	0	0	0	0	0
855	H2	H	19	402,02	13/5/2025	24/6/2025	42	0,047	1,128	0	0	1	1	0	0	0	0	0
856	N2	N	70	334,18	9/7/2025	20/8/2025	42	0,209	5,016	1	0	0	0	0	0	1	0	0
857	H2	H	19	402,02	13/5/2025	24/6/2025	42	0,047	1,128	0	0	1	1	0	0	0	0	0
858	N1	N	238	334,18	16/7/2025	27/8/2025	42	0,712	17,088	1	0	0	0	0	0	1	0	0
859	F1	F	504	394,98	21/7/2025	1/9/2025	42	1,276	30,624	1	0	0	1	1	1	1	1	1
860	F2	F	122	394,98	25/7/2025	5/9/2025	42	0,309	7,416	1	0	0	1	1	1	1	1	1
861	P3	P	19	409,15	27/3/2025	8/5/2025	42	0,046	1,104	1	1	0	0	0	0	0	0	0
862	P3	P	19	409,15	27/3/2025	8/5/2025	42	0,046	1,104	1	1	0	0	0	0	0	0	0
863	E4	E	18	333,66	23/6/2025	4/8/2025	42	0,054	1,296	1	0	0	0	0	1	0	0	0
864	P3	P	19	409,15	27/3/2025	8/5/2025	42	0,046	1,104	1	1	0	0	0	0	0	0	0
865	A6	A	19	407,17	4/4/2025	16/5/2025	42	0,047	1,128	1	1	1	0	0	0	0	0	0
866	A6	A	19	407,17	4/4/2025	16/5/2025	42	0,047	1,128	1	1	1	0	0	0	0	0	0
867	A6	A	19	407,17	4/4/2025	16/5/2025	42	0,047	1,128	1	1	1	0	0	0	0	0	0
868	C4	C	19	411,11	24/7/2025	4/9/2025	42	0,046	1,104	1	0	0	0	1	0	0	0	0
869	N1	N	19	334,18	15/8/2025	26/9/2025	42	0,057	1,368	1	0	0	0	0	0	1	0	0
870	N1	N	19	334,18	15/8/2025	26/9/2025	42	0,057	1,368	1	0	0	0	0	0	1	0	0
871	N1	N	19	334,18	15/8/2025	26/9/2025	42	0,057	1,368	1	0	0	0	0	0	1	0	0
872	C4	C	19	411,11	7/4/2025	19/5/2025	42	0,046	1,104	1	0	0	0	1	0	0	0	0
873	C4	C	19	411,11	7/4/2025	19/5/2025	42	0,046	1,104	1	0	0	0	1	0	0	0	0
874	C4	C	19	411,11	7/4/2025	19/5/2025	42	0,046	1,104	1	0	0	0	1	0	0	0	0
875	H5	H	45	402,02	17/6/2025	29/7/2025	42	0,112	2,688	0	0	1	1	0	0	0	0	0
876	H3	H	23	402,02	20/6/2025	1/8/2025	42	0,057	1,368	0	0	1	1	0	0	0	0	0
877	F3	F	193	394,98	27/6/2025	8/8/2025	42	0,489	11,736	1	0	0	1	1	1	1	1	1
878	F1	F	504	394,98	21/7/2025	1/9/2025	42	1,276	30,624	1	0	0	1	1	1	1	1	1
879	F1	F	504	394,98	21/7/2025	1/9/2025	42	1,276	30,624	1	0	0	1	1	1	1	1	1
880	F1	F	504	394,98	21/7/2025	1/9/2025	42	1,276	30,624	1	0	0	1	1	1	1	1	1
881	F1	F	504	394,98	23/7/2025	3/9/2025	42	1,276	30,624	1	0	0	1	1	1	1	1	1
882	E1	E	18	333,66	25/7/2025	5/9/2025	42	0,054	1,296	1	0	0	0	0	1	0	0	0
883	P2	P	195	409,15	24/7/2025	4/9/2025	42	0,477	11,448	1	1	0	0	0	0	0	0	0
884	P2	P	195	409,15	24/7/2025	4/9/2025	42	0,477	11,448	1	1	0	0	0	0	0	0	0
885	C4	C	19	411,11	24/7/2025	4/9/2025	42	0,046	1,104	1	0	0	0	1	0	0	0	0
886	A6	A	19	407,17	4/4/2025	16/5/2025	42	0,047	1,128	1	1	1	0	0	0	0	0	0
887	N1	N	238	334,18	16/7/2025	27/8/2025	42	0,712	17,088	1	0	0	0	0	0	1	0	0
888	P3	P	19	409,15	27/3/2025	8/5/2025	42	0,046	1,104	1	1	0	0	0	0	0	0	0
889	P3	P	19	409,15	27/3/2025	8/5/2025	42	0,046	1,104	1	1	0	0	0	0	0	0	0
890	N4	N	45	334,18	13/6/2025	25/7/2025	42	0,135	3,24	1	0	0	0	0	0	1	0	0
891	A6	A	19	407,17	4/4/2025	16/5/2025	42	0,047	1,128	1	1	1	0	0	0	0	0	0
892	A6	A	19	407,17	4/4/2025	16/5/2025	42	0,047	1,128	1	1	1	0	0	0	0	0	0
893	N1	N	238	334,18	16/7/2025	27/8/2025	42	0,712	17,088	1	0	0	0	0	0	1	0	0
894	E1	E	18	333,66	25/7/2025	5/9/2025	42	0,054	1,296	1	0	0	0	0	1	0	0	0
895	A8	A	391	407,17	24/7/2025	4/9/2025	42	0,96	23,04	1	1	1	0	0	0	0	0	0
896	A6	A	19	407,17	4/4/2025	16/5/2025	42	0,047	1,128	1	1	1	0	0	0	0	0	0
897	A6	A	19	407,17	4/4/2025	16/5/2025	42	0,047	1,128	1	1	1	0	0	0	0	0	0
898	P3	P	19	409,15	27/3/2025	8/5/2025	42	0,046	1,104	1	1	0	0	0	0	0	0	0
899	P3	P	19	409,15	27/3/2025	8/5/2025	42	0,046	1,104	1	1	0	0	0	0	0	0	0
900	N4	N	67	334,18	13/6/2025	25/7/2025	42	0,2	4,8	1	0	0	0	0	0	1	0	0
901	A6	A	19	407,17	4/4/2025	16/5/2025	42	0,047	1,128	1	1	1	0	0	0	0	0	0
902	A6	A	19	407,17	4/4/2025	16/5/2025	42	0,047	1,128	1	1	1	0	0	0	0	0	0
903	A9	A	49	407,17	21/7/2025	1/9/2025	42	0,12	2,88	1	1	1	0	0	0	0	0	0
904	A9	A	49	407,17	21/7/2025	1/9/2025	42	0,12	2,88	1	1	1	0	0	0	0	0	0
905	H2	H	19	402,02	22/7/2025	2/9/2025	42	0,047	1,128	0	0	1	1	0	0	0	0	0
906	P2	P	195	409,15	24/7/2025	4/9/2025	42	0,477	11,448	1	1	0	0	0	0	0	0	0
907	P3	P	19	409,15	27/3/2025	8/5/2025	42	0,046	1,104	1	1	0	0	0	0	0	0	0
908	A6	A	19	407,17	4/4/2025	16/5/2025	42	0,047	1,128	1	1	1	0	0	0	0	0	0
909	A6	A	19	407,17	4/4/2025	16/5/2025	42	0,047	1,128	1	1	1	0	0	0	0	0	0
910	P3	P	19	409,15	27/3/2025	8/5/2025	42	0,046	1,104	1	1	0	0	0	0	0	0	0
911	A6	A	19	407,17	4/4/2025	16/5/2025	42	0,047	1,128	1	1	1	0	0	0	0	0	0
912	A6	A	19	407,17	4/4/2025	16/5/2025	42	0,047	1,128	1	1	1	0	0	0	0	0	0
913	A6	A	19	407,17	4/4/2025	16/5/2025	42	0,047	1,128	1	1	1	0	0	0	0	0	0
914	A6	A	19	407,17	4/4/2025	16/5/2025	42	0,047	1,128	1	1	1	0	0	0	0	0	0
915	H2	H	19	402,02	22/7/2025	2/9/2025	42	0,047	1,128	0	0	1	1	0	0	0	0	0
916	E1	E	18	333,66	27/8/2025	8/10/2025	42	0,054	1,296	1	0	0	0	0	1	0	0	0
917	A6	A	19	407,17	4/4/2025	16/5/2025	42	0,047	1,128	1	1	1	0	0	0	0	0	0
918	H3	H	140	402,02	23/7/2025	3/9/2025	42	0,348	8,352	0	0	1	1	0	0	0	0	0
919	C8	C	18	411,11	22/8/2025	3/10/2025	42	0,044	1,056	1	0	0	0	1	0	0	0	0
920	P3	P	19	409,15	27/3/2025	8/5/2025	42	0,046	1,104	1	1	0	0	0	0	0	0	0
921	H1	H	99	402,02	21/5/2025	2/7/2025	42	0,246	5,904	0	0	1	1	0	0	0	0	0
922	E1	E	18	333,66	4/9/2025	16/10/2025	42	0,054	1,296	1	0	0	0	0	1	0	0	0
923	H2	H	20	402,02	22/7/2025	2/9/2025	42	0,05	1,2	0	0	1	1	0	0	0	0	0
924	A12	A	148	407,17	4/8/2025	15/9/2025	42	0,363	8,712	1	1	1	0	0	0	0	0	0
925	H2	H	19	402,02	13/5/2025	24/6/2025	42	0,047	1,128	0	0	1	1	0	0	0	0	0
926	N2	N	62	334,18	16/7/2025	27/8/2025	42	0,185	4,44	1	0	0	0	0	0	1	0	0
927	N1	N	19	334,18	5/9/2025	17/10/2025	42	0,057	1,368	1	0	0	0	0	0	1	0	0
928	N1	N	19	334,18	5/9/2025	17/10/2025	42	0,057	1,368	1	0	0	0	0	0	1	0	0
929	N1	N	19	334,18	5/9/2025	17/10/2025	42	0,057	1,368	1	0	0	0	0	0	1	0	0
930	N1	N	19	334,18	5/9/2025	17/10/2025	42	0,057	1,368	1	0	0	0	0	0	1	0	0
931	P2	P	195	409,15	1/5/2025	12/6/2025	42	0,477	11,448	1	1	0	0	0	0	0	0	0
932	A7	A	198	407,17	21/5/2025	2/7/2025	42	0,486	11,664	1	1	1	0	0	0	0	0	0
933	A8	A	391	407,17	24/7/2025	4/9/2025	42	0,96	23,04	1	1	1	0	0	0	0	0	0
934	A8	A	24	407,17	26/8/2025	7/10/2025	42	0,059	1,416	1	1	1	0	0	0	0	0	0
935	A8	A	391	407,17	24/7/2025	4/9/2025	42	0,96	23,04	1	1	1	0	0	0	0	0	0
936	A8	A	391	407,17	24/7/2025	4/9/2025	42	0,96	23,04	1	1	1	0	0	0	0	0	0
937	C4	C	19	411,11	24/7/2025	4/9/2025	42	0,046	1,104	1	0	0	0	1	0	0	0	0
938	N4	N	67	334,18	10/7/2025	21/8/2025	42	0,2	4,8	1	0	0	0	0	0	1	0	0
939	H2	H	19	402,02	13/5/2025	24/6/2025	42	0,047	1,128	0	0	1	1	0	0	0	0	0
940	E1	E	18	333,66	4/9/2025	16/10/2025	42	0,054	1,296	1	0	0	0	0	1	0	0	0
941	N1	N	238	334,18	30/7/2025	10/9/2025	42	0,712	17,088	1	0	0	0	0	0	1	0	0
942	E1	E	18	333,66	11/8/2025	22/9/2025	42	0,054	1,296	1	0	0	0	0	1	0	0	0
943	E1	E	18	333,66	11/8/2025	22/9/2025	42	0,054	1,296	1	0	0	0	0	1	0	0	0
944	C8	C	18	411,11	22/8/2025	3/10/2025	42	0,044	1,056	1	0	0	0	1	0	0	0	0
945	P3	P	19	409,15	4/9/2025	16/10/2025	42	0,046	1,104	1	1	0	0	0	0	0	0	0
946	F1	F	499	394,98	28/8/2025	9/10/2025	42	1,263	30,312	1	0	0	1	1	1	1	1	1
947	P3	P	19	409,15	4/9/2025	16/10/2025	42	0,046	1,104	1	1	0	0	0	0	0	0	0
948	H2	H	19	402,02	13/5/2025	24/6/2025	42	0,047	1,128	0	0	1	1	0	0	0	0	0
949	H2	H	19	402,02	13/5/2025	24/6/2025	42	0,047	1,128	0	0	1	1	0	0	0	0	0
950	C4	C	19	411,11	24/7/2025	4/9/2025	42	0,046	1,104	1	0	0	0	1	0	0	0	0
951	F1	F	499	394,98	28/8/2025	9/10/2025	42	1,263	30,312	1	0	0	1	1	1	1	1	1
952	N2	N	70	334,18	9/7/2025	20/8/2025	42	0,209	5,016	1	0	0	0	0	0	1	0	0
953	A1	A	111	407,17	17/7/2025	28/8/2025	42	0,273	6,552	1	1	1	0	0	0	0	0	0
954	E2	E	19	333,66	11/8/2025	22/9/2025	42	0,057	1,368	1	0	0	0	0	1	0	0	0
955	A9	A	24	407,17	12/5/2025	23/6/2025	42	0,059	1,416	1	1	1	0	0	0	0	0	0
956	A9	A	24	407,17	12/5/2025	23/6/2025	42	0,059	1,416	1	1	1	0	0	0	0	0	0
957	N3	N	406	334,18	23/7/2025	3/9/2025	42	1,215	29,16	1	0	0	0	0	0	1	0	0
958	C3	C	25	411,11	20/8/2025	1/10/2025	42	0,061	1,464	1	0	0	0	1	0	0	0	0
959	A7	A	99	407,17	10/6/2025	22/7/2025	42	0,243	5,832	1	1	1	0	0	0	0	0	0
960	F1	F	504	394,98	21/7/2025	1/9/2025	42	1,276	30,624	1	0	0	1	1	1	1	1	1
961	F1	F	504	394,98	23/7/2025	3/9/2025	42	1,276	30,624	1	0	0	1	1	1	1	1	1
962	F1	F	504	394,98	21/7/2025	1/9/2025	42	1,276	30,624	1	0	0	1	1	1	1	1	1
963	E7	E	18	333,66	24/7/2025	4/9/2025	42	0,054	1,296	1	0	0	0	0	1	0	0	0
964	F1	F	499	394,98	28/8/2025	9/10/2025	42	1,263	30,312	1	0	0	1	1	1	1	1	1
965	F2	F	490	394,98	27/8/2025	8/10/2025	42	1,241	29,784	1	0	0	1	1	1	1	1	1
966	E1	E	18	333,66	4/9/2025	16/10/2025	42	0,054	1,296	1	0	0	0	0	1	0	0	0
967	A1	A	111	407,17	17/7/2025	28/8/2025	42	0,273	6,552	1	1	1	0	0	0	0	0	0
968	A8	A	391	407,17	24/7/2025	4/9/2025	42	0,96	23,04	1	1	1	0	0	0	0	0	0
969	C4	C	19	411,11	24/7/2025	4/9/2025	42	0,046	1,104	1	0	0	0	1	0	0	0	0
970	C4	C	19	411,11	24/7/2025	4/9/2025	42	0,046	1,104	1	0	0	0	1	0	0	0	0
971	C4	C	19	411,11	24/7/2025	4/9/2025	42	0,046	1,104	1	0	0	0	1	0	0	0	0
972	N4	N	45	334,18	16/7/2025	27/8/2025	42	0,135	3,24	1	0	0	0	0	0	1	0	0
973	A1	A	111	407,17	17/7/2025	28/8/2025	42	0,273	6,552	1	1	1	0	0	0	0	0	0
974	N4	N	22	334,18	25/7/2025	5/9/2025	42	0,066	1,584	1	0	0	0	0	0	1	0	0
975	N4	N	22	334,18	25/7/2025	5/9/2025	42	0,066	1,584	1	0	0	0	0	0	1	0	0
976	C7	C	148	411,11	5/8/2025	16/9/2025	42	0,36	8,64	1	0	0	0	1	0	0	0	0
977	A1	A	111	407,17	17/7/2025	28/8/2025	42	0,273	6,552	1	1	1	0	0	0	0	0	0
978	A1	A	74	407,17	17/7/2025	28/8/2025	42	0,182	4,368	1	1	1	0	0	0	0	0	0
979	N2	N	64	334,18	16/7/2025	27/8/2025	42	0,191	4,584	1	0	0	0	0	0	1	0	0
980	A8	A	391	407,17	24/7/2025	4/9/2025	42	0,96	23,04	1	1	1	0	0	0	0	0	0
981	A8	A	391	407,17	24/7/2025	4/9/2025	42	0,96	23,04	1	1	1	0	0	0	0	0	0
982	A8	A	391	407,17	24/7/2025	4/9/2025	42	0,96	23,04	1	1	1	0	0	0	0	0	0
983	F1	F	499	394,98	26/8/2025	7/10/2025	42	1,263	30,312	1	0	0	1	1	1	1	1	1
984	F1	F	499	394,98	25/8/2025	6/10/2025	42	1,263	30,312	1	0	0	1	1	1	1	1	1
985	F2	F	490	394,98	28/8/2025	9/10/2025	42	1,241	29,784	1	0	0	1	1	1	1	1	1
986	F2	F	490	394,98	26/8/2025	7/10/2025	42	1,241	29,784	1	0	0	1	1	1	1	1	1
987	N2	N	70	334,18	9/7/2025	20/8/2025	42	0,209	5,016	1	0	0	0	0	0	1	0	0
988	E1	E	18	333,66	4/9/2025	16/10/2025	42	0,054	1,296	1	0	0	0	0	1	0	0	0
989	N1	N	238	334,18	11/8/2025	22/9/2025	42	0,712	17,088	1	0	0	0	0	0	1	0	0
990	H1	H	99	402,02	16/6/2025	28/7/2025	42	0,246	5,904	0	0	1	1	0	0	0	0	0
991	H7	H	21	402,02	11/8/2025	22/9/2025	42	0,052	1,248	0	0	1	1	0	0	0	0	0
992	V1	V	53	334,18	17/9/2025	29/10/2025	42	0,159	3,816	1	0	0	0	0	0	0	0	1
993	N3	N	358	334,18	5/9/2025	17/10/2025	42	1,071	25,704	1	0	0	0	0	0	1	0	0
994	A9	A	24	407,17	21/8/2025	2/10/2025	42	0,059	1,416	1	1	1	0	0	0	0	0	0
995	N4	N	45	334,18	29/7/2025	9/9/2025	42	0,135	3,24	1	0	0	0	0	0	1	0	0
996	F1	F	499	394,98	25/8/2025	6/10/2025	42	1,263	30,312	1	0	0	1	1	1	1	1	1
997	F1	F	499	394,98	26/8/2025	7/10/2025	42	1,263	30,312	1	0	0	1	1	1	1	1	1
998	F1	F	499	394,98	28/8/2025	9/10/2025	42	1,263	30,312	1	0	0	1	1	1	1	1	1
999	F2	F	490	394,98	26/8/2025	7/10/2025	42	1,241	29,784	1	0	0	1	1	1	1	1	1
1000	V1	V	500	334,18	9/9/2025	21/10/2025	42	1,496	35,904	1	0	0	0	0	0	0	0	1
1001	N1	N	238	334,18	11/8/2025	22/9/2025	42	0,712	17,088	1	0	0	0	0	0	1	0	0
1002	E1	E	18	333,66	4/9/2025	16/10/2025	42	0,054	1,296	1	0	0	0	0	1	0	0	0
								Total Processing time / day	Tota Processing time / hour									
								202,231	4853,544									