OrderID,Family,Line,Start,End,Due_Date,Delay_Days
53,H,1,2025-01-07 00:00:00.000000,2025-01-07 05:54:36.701594,2025-02-18,0.0
119,H,2,2025-01-07 00:00:00.000000,2025-01-07 05:54:36.701594,2025-02-18,0.0
161,H,1,2025-01-08 00:00:00.000000,2025-01-08 05:54:36.701594,2025-02-19,0.0
235,H,2,2025-01-08 00:00:00.000000,2025-01-08 05:54:36.701594,2025-02-19,0.0
236,H,1,2025-01-08 05:54:36.701594,2025-01-08 11:49:13.403188,2025-02-19,0.0
250,H,2,2025-01-08 05:54:36.701594,2025-01-08 11:49:13.403188,2025-02-19,0.0
251,H,1,2025-01-08 11:49:13.403188,2025-01-08 17:43:50.104782,2025-02-19,0.0
252,H,2,2025-01-08 11:49:13.403188,2025-01-08 17:43:50.104782,2025-02-19,0.0
104,H,1,2025-01-12 00:00:00.000000,2025-01-12 01:08:03.407377,2025-02-23,0.0
122,H,2,2025-01-12 00:00:00.000000,2025-01-12 01:08:03.407377,2025-02-23,0.0
207,H,1,2025-01-12 01:08:03.407377,2025-01-12 02:16:06.814754,2025-02-23,0.0
217,H,2,2025-01-12 01:08:03.407377,2025-01-12 02:16:06.814754,2025-02-23,0.0
244,H,1,2025-01-12 02:16:06.814754,2025-01-12 03:24:10.222131,2025-02-23,0.0
322,H,2,2025-01-12 02:16:06.814754,2025-01-12 03:24:10.222131,2025-02-23,0.0
280,F,1,2025-01-16 12:00:00.000000,2025-01-17 08:24:58.553848,2025-02-27,0.0
309,H,2,2025-01-20 00:00:00.000000,2025-01-20 05:54:36.701594,2025-03-03,0.0
171,E,1,2025-01-17 20:24:58.553848,2025-01-17 21:42:39.528453,2025-02-19,0.0
184,E,1,2025-01-17 21:42:39.528453,2025-01-17 23:00:20.503058,2025-02-19,0.0
237,E,1,2025-01-17 23:00:20.503058,2025-01-18 00:18:01.477663,2025-02-19,0.0
259,E,1,2025-01-18 00:18:01.477663,2025-01-18 01:35:42.452268,2025-02-19,0.0
344,E,1,2025-01-18 01:35:42.452268,2025-01-18 02:53:23.426873,2025-02-19,0.0
10,E,1,2025-01-18 02:53:23.426873,2025-01-18 04:15:23.344512,2025-02-23,0.0
11,E,1,2025-01-18 04:15:23.344512,2025-01-18 05:37:23.262151,2025-02-23,0.0
12,E,1,2025-01-18 05:37:23.262151,2025-01-18 06:59:23.179790,2025-02-23,0.0
108,E,1,2025-01-18 06:59:23.179790,2025-01-18 08:21:23.097429,2025-02-23,0.0
114,E,1,2025-01-18 08:21:23.097429,2025-01-18 09:43:23.015068,2025-02-23,0.0
125,E,1,2025-01-18 09:43:23.015068,2025-01-18 11:05:22.932707,2025-02-23,0.0
128,E,1,2025-01-18 11:05:22.932707,2025-01-18 12:27:22.850346,2025-02-23,0.0
172,E,1,2025-01-18 12:27:22.850346,2025-01-18 13:49:22.767985,2025-02-23,0.0
173,E,1,2025-01-18 13:49:22.767985,2025-01-18 15:11:22.685624,2025-02-23,0.0
174,E,1,2025-01-18 15:11:22.685624,2025-01-18 16:33:22.603263,2025-02-23,0.0
245,E,1,2025-01-18 16:33:22.603263,2025-01-18 17:55:22.520902,2025-02-23,0.0
353,E,1,2025-01-18 17:55:22.520902,2025-01-18 19:17:22.438541,2025-02-23,0.0
360,E,1,2025-01-18 19:17:22.438541,2025-01-18 20:39:22.356180,2025-02-23,0.0
7,E,1,2025-01-18 20:39:22.356180,2025-01-18 21:57:03.330785,2025-02-25,0.0
8,E,1,2025-01-18 21:57:03.330785,2025-01-18 23:14:44.305390,2025-02-25,0.0
9,E,1,2025-01-18 23:14:44.305390,2025-01-19 00:32:25.279995,2025-02-25,0.0
270,E,1,2025-01-19 00:32:25.279995,2025-01-19 01:50:06.254600,2025-02-25,0.0
325,E,1,2025-01-19 01:50:06.254600,2025-01-19 03:07:47.229205,2025-02-25,0.0
338,E,1,2025-01-19 03:07:47.229205,2025-01-19 04:25:28.203810,2025-02-25,0.0
345,E,1,2025-01-19 04:25:28.203810,2025-01-19 05:43:09.178415,2025-02-25,0.0
366,E,1,2025-01-19 05:43:09.178415,2025-01-19 07:00:50.153020,2025-02-25,0.0
380,E,1,2025-01-19 07:00:50.153020,2025-01-19 08:18:31.127625,2025-02-25,0.0
390,E,1,2025-01-19 08:18:31.127625,2025-01-19 09:36:12.102230,2025-02-25,0.0
428,E,1,2025-01-19 09:36:12.102230,2025-01-19 10:53:53.076835,2025-02-25,0.0
447,E,1,2025-01-19 10:53:53.076835,2025-01-19 12:11:34.051440,2025-02-25,0.0
464,E,1,2025-01-19 12:11:34.051440,2025-01-19 13:29:15.026045,2025-02-25,0.0
476,E,1,2025-01-19 13:29:15.026045,2025-01-19 14:46:56.000650,2025-02-25,0.0
486,E,1,2025-01-19 14:46:56.000650,2025-01-19 16:04:36.975255,2025-02-25,0.0
220,E,1,2025-01-19 16:04:36.975255,2025-01-19 17:22:17.949860,2025-02-28,0.0
227,E,1,2025-01-19 17:22:17.949860,2025-01-19 18:39:58.924465,2025-02-28,0.0
261,E,1,2025-01-19 18:39:58.924465,2025-01-19 19:57:39.899070,2025-02-28,0.0
271,E,1,2025-01-19 19:57:39.899070,2025-01-19 21:15:20.873675,2025-02-28,0.0
346,E,1,2025-01-19 21:15:20.873675,2025-01-19 22:37:20.791314,2025-02-28,0.0
347,E,1,2025-01-19 22:37:20.791314,2025-01-19 23:59:20.708953,2025-02-28,0.0
13,A,1,2025-01-20 11:59:20.708953,2025-01-20 14:10:11.922057,2025-02-24,0.0
409,H,2,2025-01-20 05:54:36.701594,2025-01-20 11:49:13.403188,2025-03-03,0.0
281,H,2,2025-01-29 00:00:00.000000,2025-01-29 05:54:36.701594,2025-03-12,0.0
14,A,1,2025-01-20 14:10:11.922057,2025-01-20 20:42:45.561368,2025-02-24,0.0
19,A,1,2025-01-20 20:42:45.561368,2025-01-20 23:53:44.088600,2025-02-28,0.0
20,A,1,2025-01-20 23:53:44.088600,2025-01-21 03:04:42.615832,2025-02-28,0.0
21,A,1,2025-01-21 03:04:42.615832,2025-01-21 06:15:41.143064,2025-02-28,0.0
34,A,1,2025-01-21 06:15:41.143064,2025-01-21 09:26:39.670296,2025-02-28,0.0
35,A,1,2025-01-21 09:26:39.670296,2025-01-21 12:37:38.197528,2025-02-28,0.0
36,A,1,2025-01-21 12:37:38.197528,2025-01-21 15:48:36.724760,2025-02-28,0.0
56,A,1,2025-01-21 15:48:36.724760,2025-01-21 18:59:35.251992,2025-02-28,0.0
57,A,1,2025-01-21 18:59:35.251992,2025-01-21 22:10:33.779224,2025-02-28,0.0
58,A,1,2025-01-21 22:10:33.779224,2025-01-22 01:21:32.306456,2025-02-28,0.0
85,A,1,2025-01-22 01:21:32.306456,2025-01-22 07:43:29.360920,2025-02-28,0.0
91,A,1,2025-01-22 07:43:29.360920,2025-01-22 14:05:26.415384,2025-02-28,0.0
133,A,1,2025-01-22 14:05:26.415384,2025-01-22 17:16:24.942616,2025-02-28,0.0
134,A,1,2025-01-22 17:16:24.942616,2025-01-22 20:27:23.469848,2025-02-28,0.0
135,A,1,2025-01-22 20:27:23.469848,2025-01-22 23:38:21.997080,2025-02-28,0.0
145,A,1,2025-01-22 23:38:21.997080,2025-01-23 02:49:20.524312,2025-02-28,0.0
146,A,1,2025-01-23 02:49:20.524312,2025-01-23 06:00:19.051544,2025-02-28,0.0
152,A,1,2025-01-23 06:00:19.051544,2025-01-23 09:11:17.578776,2025-02-28,0.0
178,A,1,2025-01-23 09:11:17.578776,2025-01-23 12:22:16.106008,2025-02-28,0.0
179,A,1,2025-01-23 12:22:16.106008,2025-01-23 15:33:14.633240,2025-02-28,0.0
180,A,1,2025-01-23 15:33:14.633240,2025-01-23 18:44:13.160472,2025-02-28,0.0
15,A,1,2025-01-23 18:44:13.160472,2025-01-23 20:58:36.568524,2025-03-05,0.0
24,A,1,2025-01-23 20:58:36.568524,2025-01-23 23:12:59.976576,2025-03-05,0.0
26,A,1,2025-01-23 23:12:59.976576,2025-01-24 01:27:23.384628,2025-03-05,0.0
37,A,1,2025-01-24 01:27:23.384628,2025-01-24 03:41:46.792680,2025-03-05,0.0
40,A,1,2025-01-24 03:41:46.792680,2025-01-24 05:56:10.200732,2025-03-05,0.0
42,A,1,2025-01-24 05:56:10.200732,2025-01-24 07:03:21.904758,2025-03-05,0.0
70,A,1,2025-01-24 07:03:21.904758,2025-01-24 09:17:45.312810,2025-03-05,0.0
72,A,1,2025-01-24 09:17:45.312810,2025-01-24 11:32:08.720862,2025-03-05,0.0
73,A,1,2025-01-24 11:32:08.720862,2025-01-24 13:46:32.128914,2025-03-05,0.0
23,A,1,2025-01-24 13:46:32.128914,2025-01-24 20:19:05.768225,2025-03-07,0.0
25,A,1,2025-01-24 20:19:05.768225,2025-01-25 02:51:39.407536,2025-03-07,0.0
27,A,1,2025-01-25 02:51:39.407536,2025-01-25 09:24:13.046847,2025-03-07,0.0
28,A,1,2025-01-25 09:24:13.046847,2025-01-25 15:56:46.686158,2025-03-07,0.0
30,A,1,2025-01-25 15:56:46.686158,2025-01-25 22:29:20.325469,2025-03-07,0.0
39,A,1,2025-01-25 22:29:20.325469,2025-01-26 05:01:53.964780,2025-03-07,0.0
41,A,1,2025-01-26 05:01:53.964780,2025-01-26 11:34:27.604091,2025-03-07,0.0
43,A,1,2025-01-26 11:34:27.604091,2025-01-26 18:07:01.243402,2025-03-07,0.0
71,A,1,2025-01-26 18:07:01.243402,2025-01-27 00:39:34.882713,2025-03-07,0.0
124,A,1,2025-01-27 00:39:34.882713,2025-01-27 07:12:08.522024,2025-03-07,0.0
127,A,1,2025-01-27 07:12:08.522024,2025-01-27 13:44:42.161335,2025-03-07,0.0
130,A,1,2025-01-27 13:44:42.161335,2025-01-27 20:17:15.800646,2025-03-07,0.0
131,A,1,2025-01-27 20:17:15.800646,2025-01-28 02:49:49.439957,2025-03-07,0.0
197,A,1,2025-01-28 02:49:49.439957,2025-01-28 21:13:14.263965,2025-03-07,0.0
260,A,1,2025-01-28 21:13:14.263965,2025-01-30 02:55:40.518132,2025-03-07,0.0
212,H,2,2025-02-02 00:00:00.000000,2025-02-02 01:22:23.072087,2025-03-16,0.0
74,A,1,2025-01-30 02:55:40.518132,2025-01-30 09:28:14.157443,2025-03-10,0.0
92,A,1,2025-01-30 09:28:14.157443,2025-01-30 11:42:37.565495,2025-03-12,0.0
93,A,1,2025-01-30 11:42:37.565495,2025-01-30 13:57:00.973547,2025-03-12,0.0
105,A,1,2025-01-30 13:57:00.973547,2025-01-30 15:04:12.677573,2025-03-12,0.0
115,A,1,2025-01-30 15:04:12.677573,2025-01-30 17:18:36.085625,2025-03-12,0.0
126,A,1,2025-01-30 17:18:36.085625,2025-01-30 19:32:59.493677,2025-03-12,0.0
129,A,1,2025-01-30 19:32:59.493677,2025-01-30 21:47:22.901729,2025-03-12,0.0
136,A,1,2025-01-30 21:47:22.901729,2025-01-31 00:01:46.309781,2025-03-12,0.0
147,A,1,2025-01-31 00:01:46.309781,2025-01-31 02:16:09.717833,2025-03-12,0.0
153,A,1,2025-01-31 02:16:09.717833,2025-01-31 03:23:21.421859,2025-03-12,0.0
175,A,1,2025-01-31 03:23:21.421859,2025-01-31 05:37:44.829911,2025-03-12,0.0
177,A,1,2025-01-31 05:37:44.829911,2025-01-31 07:52:08.237963,2025-03-12,0.0
181,A,1,2025-01-31 07:52:08.237963,2025-01-31 10:06:31.646015,2025-03-12,0.0
200,A,1,2025-01-31 10:06:31.646015,2025-01-31 12:20:55.054067,2025-03-12,0.0
211,A,1,2025-01-31 12:20:55.054067,2025-01-31 14:35:18.462119,2025-03-12,0.0
221,A,1,2025-01-31 14:35:18.462119,2025-01-31 15:42:30.166145,2025-03-12,0.0
29,P,1,2025-02-01 03:42:30.166145,2025-02-01 05:03:27.064593,2025-02-21,0.0
111,P,1,2025-02-01 05:03:27.064593,2025-02-01 06:10:19.285050,2025-02-23,0.0
112,P,1,2025-02-01 06:10:19.285050,2025-02-01 07:17:11.505507,2025-02-23,0.0
113,P,1,2025-02-01 07:17:11.505507,2025-02-01 08:24:03.725964,2025-02-23,0.0
123,P,1,2025-02-01 08:24:03.725964,2025-02-01 09:30:55.946421,2025-02-23,0.0
151,P,1,2025-02-01 09:30:55.946421,2025-02-01 10:37:48.166878,2025-02-23,0.0
208,P,1,2025-02-01 10:37:48.166878,2025-02-01 11:44:40.387335,2025-02-23,0.0
209,P,1,2025-02-01 11:44:40.387335,2025-02-01 12:51:32.607792,2025-02-23,0.0
210,P,1,2025-02-01 12:51:32.607792,2025-02-01 13:58:24.828249,2025-02-23,0.0
218,P,1,2025-02-01 13:58:24.828249,2025-02-01 15:05:17.048706,2025-02-23,0.0
219,P,1,2025-02-01 15:05:17.048706,2025-02-01 16:12:09.269163,2025-02-23,0.0
16,P,1,2025-02-01 16:12:09.269163,2025-02-01 22:32:15.574919,2025-02-28,0.0
17,P,1,2025-02-01 22:32:15.574919,2025-02-02 04:52:21.880675,2025-02-28,0.0
370,H,2,2025-02-06 00:00:00.000000,2025-02-06 02:41:11.227997,2025-03-20,0.0
18,P,1,2025-02-02 04:52:21.880675,2025-02-02 11:12:28.186431,2025-02-28,0.0
31,P,1,2025-02-02 11:12:28.186431,2025-02-02 17:32:34.492187,2025-02-28,0.0
32,P,1,2025-02-02 17:32:34.492187,2025-02-02 23:52:40.797943,2025-02-28,0.0
33,P,1,2025-02-02 23:52:40.797943,2025-02-03 06:12:47.103699,2025-02-28,0.0
54,P,1,2025-02-03 06:12:47.103699,2025-02-03 12:32:53.409455,2025-02-28,0.0
55,P,1,2025-02-03 12:32:53.409455,2025-02-03 18:52:59.715211,2025-02-28,0.0
78,P,1,2025-02-03 18:52:59.715211,2025-02-04 01:13:06.020967,2025-02-28,0.0
79,P,1,2025-02-04 01:13:06.020967,2025-02-04 07:33:12.326723,2025-02-28,0.0
80,P,1,2025-02-04 07:33:12.326723,2025-02-04 13:53:18.632479,2025-02-28,0.0
81,P,1,2025-02-04 13:53:18.632479,2025-02-04 20:13:24.938235,2025-02-28,0.0
90,P,1,2025-02-04 20:13:24.938235,2025-02-05 05:47:05.566366,2025-02-28,0.0
132,P,1,2025-02-05 05:47:05.566366,2025-02-05 15:20:46.194497,2025-02-28,0.0
144,P,1,2025-02-05 15:20:46.194497,2025-02-06 00:54:26.822628,2025-02-28,0.0
156,P,1,2025-02-06 00:54:26.822628,2025-02-06 10:28:07.450759,2025-02-28,0.0
120,F,2,2025-02-06 14:41:11.227997,2025-02-07 21:18:39.058769,2025-03-20,0.0
162,P,1,2025-02-06 10:28:07.450759,2025-02-06 11:34:59.671216,2025-02-28,0.0
163,P,1,2025-02-06 11:34:59.671216,2025-02-06 12:41:51.891673,2025-02-28,0.0
228,P,1,2025-02-06 12:41:51.891673,2025-02-06 13:48:44.112130,2025-03-06,0.0
229,P,1,2025-02-06 13:48:44.112130,2025-02-06 14:55:36.332587,2025-03-06,0.0
75,A,1,2025-02-07 12:00:00.000000,2025-02-07 18:32:33.639311,2025-03-21,0.0
76,A,1,2025-02-07 18:32:33.639311,2025-02-07 20:43:24.852415,2025-03-21,0.0
86,A,1,2025-02-07 20:43:24.852415,2025-02-08 03:15:58.491726,2025-03-21,0.0
121,F,2,2025-02-07 21:18:39.058769,2025-02-09 03:56:06.889541,2025-03-20,0.0
87,A,1,2025-02-08 03:15:58.491726,2025-02-08 09:48:32.131037,2025-03-21,0.0
106,A,1,2025-02-08 09:48:32.131037,2025-02-08 16:21:05.770348,2025-03-21,0.0
107,A,1,2025-02-08 16:21:05.770348,2025-02-08 22:53:39.409659,2025-03-21,0.0
109,A,1,2025-02-08 22:53:39.409659,2025-02-09 05:26:13.048970,2025-03-21,0.0
710,F,2,2025-02-09 03:56:06.889541,2025-02-10 21:07:56.471413,2025-03-20,0.0
110,A,1,2025-02-09 05:26:13.048970,2025-02-09 11:58:46.688281,2025-03-21,0.0
117,A,1,2025-02-09 11:58:46.688281,2025-02-09 18:31:20.327592,2025-03-21,0.0
326,H,1,2025-02-10 06:31:20.327592,2025-02-10 09:12:31.555589,2025-03-21,0.0
308,F,1,2025-02-11 12:00:00.000000,2025-02-11 16:22:29.690110,2025-03-25,0.0
1,N,2,2025-02-11 09:07:56.471413,2025-02-11 10:29:48.794113,2025-02-20,0.0
2,N,2,2025-02-11 10:29:48.794113,2025-02-11 11:51:41.116813,2025-02-20,0.0
3,N,2,2025-02-11 11:51:41.116813,2025-02-11 13:13:33.439513,2025-02-20,0.0
4,N,2,2025-02-11 13:13:33.439513,2025-02-11 14:35:25.762213,2025-02-20,0.0
5,N,2,2025-02-11 14:35:25.762213,2025-02-11 15:57:18.084913,2025-02-20,0.0
6,N,2,2025-02-11 15:57:18.084913,2025-02-11 17:19:10.407613,2025-02-20,0.0
22,N,1,2025-02-12 04:22:29.690110,2025-02-12 09:24:07.721111,2025-03-04,0.0
38,N,2,2025-02-11 17:19:10.407613,2025-02-11 22:20:48.438614,2025-03-04,0.0
59,N,2,2025-02-11 22:20:48.438614,2025-02-12 03:22:26.469615,2025-03-04,0.0
137,N,2,2025-02-12 03:22:26.469615,2025-02-12 08:24:04.500616,2025-03-04,0.0
116,N,2,2025-02-12 08:24:04.500616,2025-02-13 10:06:43.002022,2025-03-06,0.0
222,N,1,2025-02-12 09:24:07.721111,2025-02-13 11:06:46.222517,2025-03-06,0.0
291,N,2,2025-02-13 10:06:43.002022,2025-02-14 15:16:11.581829,2025-03-06,0.0
141,N,1,2025-02-13 11:06:46.222517,2025-02-13 16:08:24.253518,2025-03-16,0.0
142,N,1,2025-02-13 16:08:24.253518,2025-02-13 21:10:02.284519,2025-03-16,0.0
143,N,1,2025-02-13 21:10:02.284519,2025-02-14 02:11:40.315520,2025-03-16,0.0
158,N,1,2025-02-14 02:11:40.315520,2025-02-14 07:13:18.346521,2025-03-16,0.0
432,N,1,2025-02-14 07:13:18.346521,2025-02-14 12:14:56.377522,2025-03-16,0.0
437,N,1,2025-02-14 12:14:56.377522,2025-02-14 17:16:34.408523,2025-03-16,0.0
458,N,2,2025-02-14 15:16:11.581829,2025-02-14 20:17:49.612830,2025-03-16,0.0
492,N,1,2025-02-14 17:16:34.408523,2025-02-14 22:18:12.439524,2025-03-16,0.0
522,N,2,2025-02-14 20:17:49.612830,2025-02-15 01:19:27.643831,2025-03-16,0.0
624,N,1,2025-02-14 22:18:12.439524,2025-02-15 03:19:50.470525,2025-03-16,0.0
709,N,2,2025-02-15 01:19:27.643831,2025-02-15 06:21:05.674832,2025-03-16,0.0
69,N,1,2025-02-15 03:19:50.470525,2025-02-16 01:35:38.893531,2025-03-20,0.0
230,N,2,2025-02-15 06:21:05.674832,2025-02-15 11:09:48.075933,2025-03-25,0.0
231,N,2,2025-02-15 11:09:48.075933,2025-02-15 15:58:30.477034,2025-03-25,0.0
306,N,2,2025-02-15 15:58:30.477034,2025-02-15 20:47:12.878135,2025-03-25,0.0
443,N,2,2025-02-15 20:47:12.878135,2025-02-16 01:35:55.279236,2025-03-25,0.0
444,N,1,2025-02-16 01:35:38.893531,2025-02-16 06:24:21.294632,2025-03-25,0.0
445,N,2,2025-02-16 01:35:55.279236,2025-02-16 06:24:37.680337,2025-03-25,0.0
446,N,1,2025-02-16 06:24:21.294632,2025-02-16 11:13:03.695733,2025-03-25,0.0
493,N,2,2025-02-16 06:24:37.680337,2025-02-16 11:13:20.081438,2025-03-25,0.0
523,N,1,2025-02-16 11:13:03.695733,2025-02-16 16:01:46.096834,2025-03-25,0.0
60,N,2,2025-02-16 11:13:20.081438,2025-02-16 12:35:12.404138,2025-03-26,0.0
61,N,2,2025-02-16 12:35:12.404138,2025-02-16 13:57:04.726838,2025-03-26,0.0
62,N,2,2025-02-16 13:57:04.726838,2025-02-16 15:18:57.049538,2025-03-26,0.0
63,N,2,2025-02-16 15:18:57.049538,2025-02-16 16:40:49.372238,2025-03-26,0.0
64,N,1,2025-02-16 16:01:46.096834,2025-02-16 17:23:38.419534,2025-03-26,0.0
65,N,2,2025-02-16 16:40:49.372238,2025-02-16 18:02:41.694938,2025-03-26,0.0
66,N,1,2025-02-16 17:23:38.419534,2025-02-16 18:45:30.742234,2025-03-26,0.0
67,N,2,2025-02-16 18:02:41.694938,2025-02-16 19:24:34.017638,2025-03-26,0.0
118,N,1,2025-02-16 18:45:30.742234,2025-02-17 17:01:19.165240,2025-03-26,0.0
138,N,2,2025-02-16 19:24:34.017638,2025-02-17 17:40:22.440644,2025-03-26,0.0
45,A,1,2025-02-18 05:01:19.165240,2025-02-18 06:04:58.674317,2025-03-25,0.0
46,A,2,2025-02-18 05:40:22.440644,2025-02-18 06:44:01.949721,2025-03-25,0.0
47,A,1,2025-02-18 06:04:58.674317,2025-02-18 07:08:38.183394,2025-03-25,0.0
48,A,2,2025-02-18 06:44:01.949721,2025-02-18 07:47:41.458798,2025-03-25,0.0
49,A,1,2025-02-18 07:08:38.183394,2025-02-18 08:12:17.692471,2025-03-25,0.0
50,A,2,2025-02-18 07:47:41.458798,2025-02-18 08:51:20.967875,2025-03-25,0.0
51,A,1,2025-02-18 08:12:17.692471,2025-02-18 09:15:57.201548,2025-03-25,0.0
52,A,2,2025-02-18 08:51:20.967875,2025-02-18 09:55:00.476952,2025-03-25,0.0
283,A,1,2025-02-18 09:15:57.201548,2025-02-18 20:56:11.801399,2025-04-01,0.0
239,H,2,2025-02-18 21:55:00.476952,2025-02-18 23:03:03.884329,2025-03-31,0.0
254,H,1,2025-02-19 08:56:11.801399,2025-02-19 10:04:15.208776,2025-03-31,0.0
264,H,2,2025-02-18 23:03:03.884329,2025-02-19 00:11:07.291706,2025-03-31,0.0
273,H,2,2025-02-19 00:11:07.291706,2025-02-19 01:19:10.699083,2025-03-31,0.0
277,H,2,2025-02-19 01:19:10.699083,2025-02-19 02:27:14.106460,2025-03-31,0.0
284,H,2,2025-02-19 02:27:14.106460,2025-02-19 03:35:17.513837,2025-03-31,0.0
293,H,2,2025-02-19 03:35:17.513837,2025-02-19 04:43:20.921214,2025-04-01,0.0
294,H,2,2025-02-19 04:43:20.921214,2025-02-19 05:51:24.328591,2025-04-01,0.0
429,H,2,2025-02-19 05:51:24.328591,2025-02-19 06:59:27.735968,2025-04-01,0.0
430,H,2,2025-02-19 06:59:27.735968,2025-02-19 08:07:31.143345,2025-04-01,0.0
433,H,2,2025-02-19 08:07:31.143345,2025-02-19 09:15:34.550722,2025-04-01,0.0
438,H,2,2025-02-19 09:15:34.550722,2025-02-19 10:23:37.958099,2025-04-01,0.0
439,H,1,2025-02-19 10:04:15.208776,2025-02-19 11:12:18.616153,2025-04-01,0.0
448,H,2,2025-02-19 10:23:37.958099,2025-02-19 11:31:41.365476,2025-04-01,0.0
453,H,1,2025-02-19 11:12:18.616153,2025-02-19 12:20:22.023530,2025-04-01,0.0
454,H,2,2025-02-19 11:31:41.365476,2025-02-19 12:39:44.772853,2025-04-01,0.0
459,H,1,2025-02-19 12:20:22.023530,2025-02-19 13:28:25.430907,2025-04-01,0.0
465,H,2,2025-02-19 12:39:44.772853,2025-02-19 13:47:48.180230,2025-04-01,0.0
466,H,1,2025-02-19 13:28:25.430907,2025-02-19 14:36:28.838284,2025-04-01,0.0
477,H,2,2025-02-19 13:47:48.180230,2025-02-19 14:55:51.587607,2025-04-01,0.0
478,H,1,2025-02-19 14:36:28.838284,2025-02-19 15:44:32.245661,2025-04-01,0.0
479,H,2,2025-02-19 14:55:51.587607,2025-02-19 16:03:54.994984,2025-04-01,0.0
494,H,1,2025-02-19 15:44:32.245661,2025-02-19 16:52:35.653038,2025-04-01,0.0
505,H,2,2025-02-19 16:03:54.994984,2025-02-19 17:11:58.402361,2025-04-01,0.0
506,H,1,2025-02-19 16:52:35.653038,2025-02-19 18:00:39.060415,2025-04-01,0.0
559,H,2,2025-02-19 17:11:58.402361,2025-02-19 18:20:01.809738,2025-04-01,0.0
665,H,1,2025-02-19 18:00:39.060415,2025-02-19 19:08:42.467792,2025-04-01,0.0
678,H,2,2025-02-19 18:20:01.809738,2025-02-19 19:28:05.217115,2025-04-01,0.0
689,H,1,2025-02-19 19:08:42.467792,2025-02-19 20:16:45.875169,2025-04-01,0.0
704,H,2,2025-02-19 19:28:05.217115,2025-02-19 20:36:08.624492,2025-04-01,0.0
708,H,1,2025-02-19 20:16:45.875169,2025-02-19 21:24:49.282546,2025-04-01,0.0
729,H,2,2025-02-19 20:36:08.624492,2025-02-19 21:44:12.031869,2025-04-01,0.0
730,H,1,2025-02-19 21:24:49.282546,2025-02-19 22:32:52.689923,2025-04-01,0.0
779,H,2,2025-02-19 21:44:12.031869,2025-02-19 22:52:15.439246,2025-04-01,0.0
780,H,1,2025-02-19 22:32:52.689923,2025-02-19 23:40:56.097300,2025-04-01,0.0
787,H,2,2025-02-19 22:52:15.439246,2025-02-20 00:00:18.846623,2025-04-01,0.0
788,H,1,2025-02-19 23:40:56.097300,2025-02-20 00:48:59.504677,2025-04-01,0.0
796,H,2,2025-02-20 00:00:18.846623,2025-02-20 01:08:22.254000,2025-04-01,0.0
797,H,1,2025-02-20 00:48:59.504677,2025-02-20 01:57:02.912054,2025-04-01,0.0
327,H,2,2025-02-20 01:08:22.254000,2025-02-20 02:30:45.326087,2025-04-02,0.0
295,F,1,2025-02-20 13:57:02.912054,2025-02-20 22:42:02.292275,2025-04-03,0.0
240,F,2,2025-02-26 12:00:00.000000,2025-02-26 14:58:38.539103,2025-04-09,0.0
68,E,1,2025-02-21 10:42:02.292275,2025-02-21 17:32:01.880470,2025-03-03,0.0
77,E,1,2025-02-21 17:32:01.880470,2025-02-21 18:49:42.855075,2025-03-21,0.0
94,E,1,2025-02-21 18:49:42.855075,2025-02-21 20:07:23.829680,2025-03-21,0.0
410,E,1,2025-02-21 20:07:23.829680,2025-02-22 00:39:17.240799,2025-03-26,0.0
495,E,1,2025-02-22 00:39:17.240799,2025-02-22 02:27:10.816640,2025-04-03,0.0
198,A,1,2025-02-22 14:27:10.816640,2025-02-22 20:49:07.871104,2025-04-04,0.0
199,A,1,2025-02-22 20:49:07.871104,2025-02-23 03:11:04.925568,2025-04-04,0.0
201,A,1,2025-02-23 03:11:04.925568,2025-02-23 09:33:01.980032,2025-04-04,0.0
202,A,1,2025-02-23 09:33:01.980032,2025-02-23 12:44:00.507264,2025-04-04,0.0
203,A,1,2025-02-23 12:44:00.507264,2025-02-23 19:05:57.561728,2025-04-04,0.0
204,A,1,2025-02-23 19:05:57.561728,2025-02-23 22:16:56.088960,2025-04-04,0.0
310,A,1,2025-02-23 22:16:56.088960,2025-02-24 04:38:53.143424,2025-04-04,0.0
311,A,1,2025-02-24 04:38:53.143424,2025-02-24 07:49:51.670656,2025-04-04,0.0
351,A,1,2025-02-24 07:49:51.670656,2025-02-24 14:11:48.725120,2025-04-04,0.0
352,A,1,2025-02-24 14:11:48.725120,2025-02-24 17:22:47.252352,2025-04-04,0.0
362,P,1,2025-02-25 05:22:47.252352,2025-02-25 06:29:39.472809,2025-03-27,0.0
381,P,1,2025-02-25 06:29:39.472809,2025-02-25 07:36:31.693266,2025-03-27,0.0
399,P,1,2025-02-25 07:36:31.693266,2025-02-25 08:43:23.913723,2025-03-27,0.0
253,P,1,2025-02-25 08:43:23.913723,2025-02-25 09:50:16.134180,2025-03-28,0.0
262,P,1,2025-02-25 09:50:16.134180,2025-02-25 10:57:08.354637,2025-03-28,0.0
263,P,1,2025-02-25 10:57:08.354637,2025-02-25 12:04:00.575094,2025-03-28,0.0
272,P,1,2025-02-25 12:04:00.575094,2025-02-25 13:10:52.795551,2025-03-28,0.0
339,P,1,2025-02-25 13:10:52.795551,2025-02-25 14:17:45.016008,2025-03-28,0.0
82,P,1,2025-02-25 14:17:45.016008,2025-02-25 15:24:37.236465,2025-04-01,0.0
83,P,1,2025-02-25 15:24:37.236465,2025-02-25 16:31:29.456922,2025-04-01,0.0
84,P,1,2025-02-25 16:31:29.456922,2025-02-25 17:38:21.677379,2025-04-01,0.0
88,P,1,2025-02-25 17:38:21.677379,2025-02-25 18:45:13.897836,2025-04-01,0.0
89,P,1,2025-02-25 18:45:13.897836,2025-02-25 19:52:06.118293,2025-04-01,0.0
95,P,1,2025-02-25 19:52:06.118293,2025-02-25 20:58:58.338750,2025-04-01,0.0
185,P,1,2025-02-25 20:58:58.338750,2025-02-26 03:19:04.644506,2025-04-04,0.0
186,P,1,2025-02-26 03:19:04.644506,2025-02-26 09:39:10.950262,2025-04-04,0.0
187,P,1,2025-02-26 09:39:10.950262,2025-02-26 12:49:14.103140,2025-04-04,0.0
223,P,1,2025-02-26 12:49:14.103140,2025-02-26 19:09:20.408896,2025-04-04,0.0
266,F,2,2025-02-26 14:58:38.539103,2025-02-27 05:51:51.234617,2025-04-09,0.0
224,P,1,2025-02-26 19:09:20.408896,2025-02-27 01:29:26.714652,2025-04-04,0.0
225,P,1,2025-02-27 01:29:26.714652,2025-02-27 04:39:29.867530,2025-04-04,0.0
297,P,1,2025-02-27 04:39:29.867530,2025-02-27 10:59:36.173286,2025-04-04,0.0
176,F,2,2025-02-27 05:51:51.234617,2025-02-27 17:31:50.408244,2025-04-10,0.0
298,P,1,2025-02-27 10:59:36.173286,2025-02-27 17:19:42.479042,2025-04-04,0.0
299,P,1,2025-02-27 17:19:42.479042,2025-02-27 23:39:48.784798,2025-04-04,0.0
238,F,2,2025-02-27 17:31:50.408244,2025-02-28 00:49:19.891761,2025-04-10,0.0
331,P,1,2025-02-27 23:39:48.784798,2025-02-28 05:59:55.090554,2025-04-04,0.0
206,N,2,2025-02-28 12:49:19.891761,2025-03-01 11:05:08.314767,2025-04-01,0.0
334,P,1,2025-02-28 05:59:55.090554,2025-02-28 12:20:01.396310,2025-04-04,0.0
335,P,1,2025-02-28 12:20:01.396310,2025-02-28 18:40:07.702066,2025-04-04,0.0
348,P,1,2025-02-28 18:40:07.702066,2025-03-01 01:00:14.007822,2025-04-04,0.0
349,P,1,2025-03-01 01:00:14.007822,2025-03-01 07:20:20.313578,2025-04-04,0.0
350,P,1,2025-03-01 07:20:20.313578,2025-03-01 13:40:26.619334,2025-04-04,0.0
249,N,2,2025-03-01 11:05:08.314767,2025-03-02 09:20:56.737773,2025-04-01,0.0
256,P,1,2025-03-01 13:40:26.619334,2025-03-01 16:50:29.772212,2025-04-11,0.0
140,A,1,2025-03-02 04:50:29.772212,2025-03-02 11:23:03.411523,2025-04-08,0.0
371,N,2,2025-03-02 09:20:56.737773,2025-03-03 11:03:35.239179,2025-04-04,0.0
148,A,1,2025-03-02 11:23:03.411523,2025-03-02 17:55:37.050834,2025-04-08,0.0
154,A,1,2025-03-02 17:55:37.050834,2025-03-03 00:28:10.690145,2025-04-08,0.0
157,A,1,2025-03-03 00:28:10.690145,2025-03-03 07:00:44.329456,2025-04-08,0.0
182,A,1,2025-03-03 07:00:44.329456,2025-03-03 12:29:38.459689,2025-04-08,0.0
96,N,2,2025-03-03 11:03:35.239179,2025-03-03 12:25:27.561879,2025-04-07,0.0
97,N,2,2025-03-03 12:25:27.561879,2025-03-03 13:47:19.884579,2025-04-07,0.0
342,A,1,2025-03-03 12:29:38.459689,2025-03-04 00:09:53.059540,2025-04-13,0.0
98,N,2,2025-03-03 13:47:19.884579,2025-03-03 15:09:12.207279,2025-04-07,0.0
99,N,2,2025-03-03 15:09:12.207279,2025-03-03 16:31:04.529979,2025-04-07,0.0
100,N,2,2025-03-03 16:31:04.529979,2025-03-03 17:52:56.852679,2025-04-07,0.0
101,N,2,2025-03-03 17:52:56.852679,2025-03-03 19:14:49.175379,2025-04-07,0.0
102,N,2,2025-03-03 19:14:49.175379,2025-03-03 20:36:41.498079,2025-04-07,0.0
103,N,2,2025-03-03 20:36:41.498079,2025-03-03 21:58:33.820779,2025-04-07,0.0
544,A,2,2025-03-04 09:58:33.820779,2025-03-04 21:38:48.420630,2025-04-13,0.0
585,A,1,2025-03-04 00:09:53.059540,2025-03-04 11:50:07.659391,2025-04-13,0.0
460,H,1,2025-03-04 23:50:07.659391,2025-03-05 05:44:44.360985,2025-04-13,0.0
149,A,2,2025-03-05 00:00:00.000000,2025-03-05 04:35:51.206002,2025-04-16,0.0
159,A,2,2025-03-05 04:35:51.206002,2025-03-05 09:11:42.412004,2025-04-16,0.0
234,H,1,2025-03-06 00:00:00.000000,2025-03-06 04:25:03.797151,2025-04-17,0.0
160,A,2,2025-03-05 09:11:42.412004,2025-03-05 13:47:33.618006,2025-04-16,0.0
183,A,2,2025-03-05 13:47:33.618006,2025-03-05 18:23:24.824008,2025-04-16,0.0
213,A,2,2025-03-05 18:23:24.824008,2025-03-05 22:59:16.030010,2025-04-16,0.0
214,A,2,2025-03-05 22:59:16.030010,2025-03-06 03:35:07.236012,2025-04-16,0.0
226,A,2,2025-03-06 03:35:07.236012,2025-03-06 08:10:58.442014,2025-04-16,0.0
503,H,1,2025-03-07 00:00:00.000000,2025-03-07 11:49:13.403188,2025-04-18,0.0
232,A,2,2025-03-06 08:10:58.442014,2025-03-06 12:46:49.648016,2025-04-16,0.0
242,A,2,2025-03-06 12:46:49.648016,2025-03-06 17:22:40.854018,2025-04-16,0.0
246,A,2,2025-03-06 17:22:40.854018,2025-03-06 21:58:32.060020,2025-04-16,0.0
247,A,2,2025-03-06 21:58:32.060020,2025-03-07 02:34:23.266022,2025-04-16,0.0
255,A,2,2025-03-07 02:34:23.266022,2025-03-07 07:10:14.472024,2025-04-16,0.0
274,A,2,2025-03-07 07:10:14.472024,2025-03-07 11:46:05.678026,2025-04-16,0.0
275,A,2,2025-03-07 11:46:05.678026,2025-03-07 16:21:56.884028,2025-04-16,0.0
610,H,1,2025-03-13 00:00:00.000000,2025-03-13 05:54:36.701594,2025-04-24,0.0
278,A,2,2025-03-07 16:21:56.884028,2025-03-07 20:57:48.090030,2025-04-16,0.0
285,A,2,2025-03-07 20:57:48.090030,2025-03-08 01:33:39.296032,2025-04-16,0.0
286,A,2,2025-03-08 01:33:39.296032,2025-03-08 06:09:30.502034,2025-04-16,0.0
296,A,2,2025-03-08 06:09:30.502034,2025-03-08 10:45:21.708036,2025-04-16,0.0
300,A,2,2025-03-08 10:45:21.708036,2025-03-08 15:21:12.914038,2025-04-16,0.0
301,A,2,2025-03-08 15:21:12.914038,2025-03-08 19:57:04.120040,2025-04-16,0.0
312,A,2,2025-03-08 19:57:04.120040,2025-03-09 00:32:55.326042,2025-04-16,0.0
313,A,2,2025-03-09 00:32:55.326042,2025-03-09 05:08:46.532044,2025-04-16,0.0
317,A,2,2025-03-09 05:08:46.532044,2025-03-09 09:44:37.738046,2025-04-16,0.0
164,A,2,2025-03-09 09:44:37.738046,2025-03-09 14:16:29.375951,2025-04-17,0.0
316,A,2,2025-03-09 14:16:29.375951,2025-03-09 18:51:19.469808,2025-04-17,0.0
373,A,2,2025-03-09 18:51:19.469808,2025-03-10 17:54:07.694767,2025-04-17,0.0
425,A,2,2025-03-10 17:54:07.694767,2025-03-11 16:56:55.919726,2025-04-17,0.0
491,A,2,2025-03-11 16:56:55.919726,2025-03-12 15:59:44.144685,2025-04-17,0.0
509,A,2,2025-03-12 15:59:44.144685,2025-03-13 15:02:32.369644,2025-04-17,0.0
269,F,1,2025-03-17 12:00:00.000000,2025-03-17 13:27:29.896703,2025-04-28,0.0
545,A,2,2025-03-13 15:02:32.369644,2025-03-14 14:05:20.594603,2025-04-17,0.0
651,A,2,2025-03-14 14:05:20.594603,2025-03-15 13:08:08.819562,2025-04-17,0.0
268,A,2,2025-03-15 13:08:08.819562,2025-03-15 14:36:33.693281,2025-04-22,0.0
248,A,2,2025-03-15 14:36:33.693281,2025-03-15 16:50:57.101333,2025-04-23,0.0
258,A,2,2025-03-15 16:50:57.101333,2025-03-15 19:05:20.509385,2025-04-23,0.0
279,A,2,2025-03-15 19:05:20.509385,2025-03-15 21:19:43.917437,2025-04-23,0.0
287,A,2,2025-03-15 21:19:43.917437,2025-03-15 23:34:07.325489,2025-04-23,0.0
288,A,2,2025-03-15 23:34:07.325489,2025-03-16 01:48:30.733541,2025-04-23,0.0
290,A,2,2025-03-16 01:48:30.733541,2025-03-16 04:02:54.141593,2025-04-23,0.0
314,A,2,2025-03-16 04:02:54.141593,2025-03-16 06:17:17.549645,2025-04-23,0.0
318,A,2,2025-03-16 06:17:17.549645,2025-03-16 08:31:40.957697,2025-04-23,0.0
323,A,2,2025-03-16 08:31:40.957697,2025-03-16 10:46:04.365749,2025-04-23,0.0
328,A,2,2025-03-16 10:46:04.365749,2025-03-16 13:00:27.773801,2025-04-23,0.0
336,A,2,2025-03-16 13:00:27.773801,2025-03-16 15:14:51.181853,2025-04-23,0.0
343,A,2,2025-03-16 15:14:51.181853,2025-03-16 16:22:02.885879,2025-04-23,0.0
354,A,2,2025-03-16 16:22:02.885879,2025-03-16 18:36:26.293931,2025-04-23,0.0
364,A,2,2025-03-16 18:36:26.293931,2025-03-16 20:50:49.701983,2025-04-23,0.0
379,A,2,2025-03-16 20:50:49.701983,2025-03-16 21:58:01.406009,2025-04-23,0.0
375,A,2,2025-03-16 21:58:01.406009,2025-03-16 23:05:13.110035,2025-04-25,0.0
383,A,2,2025-03-16 23:05:13.110035,2025-03-17 00:12:24.814061,2025-04-25,0.0
384,A,2,2025-03-17 00:12:24.814061,2025-03-17 01:19:36.518087,2025-04-25,0.0
497,A,2,2025-03-17 01:19:36.518087,2025-03-17 02:26:48.222113,2025-04-25,0.0
498,A,2,2025-03-17 02:26:48.222113,2025-03-17 03:33:59.926139,2025-04-25,0.0
511,A,2,2025-03-17 03:33:59.926139,2025-03-17 04:41:11.630165,2025-04-25,0.0
512,A,2,2025-03-17 04:41:11.630165,2025-03-17 05:48:23.334191,2025-04-25,0.0
513,A,2,2025-03-17 05:48:23.334191,2025-03-17 06:55:35.038217,2025-04-25,0.0
525,A,2,2025-03-17 06:55:35.038217,2025-03-17 08:02:46.742243,2025-04-25,0.0
538,A,2,2025-03-17 08:02:46.742243,2025-03-17 09:09:58.446269,2025-04-25,0.0
539,A,2,2025-03-17 09:09:58.446269,2025-03-17 10:17:10.150295,2025-04-25,0.0
588,P,2,2025-03-17 22:17:10.150295,2025-03-18 05:23:01.659521,2025-04-22,0.0
411,C,1,2025-03-18 01:27:29.896703,2025-03-18 07:10:46.004576,2025-03-05,13.3
368,P,2,2025-03-18 05:23:01.659521,2025-03-18 06:29:53.879978,2025-04-25,0.0
393,P,2,2025-03-18 06:29:53.879978,2025-03-18 07:36:46.100435,2025-04-25,0.0
205,C,1,2025-03-18 07:10:46.004576,2025-03-18 12:33:01.126252,2025-03-12,6.52
394,P,2,2025-03-18 07:36:46.100435,2025-03-18 08:43:38.320892,2025-04-25,0.0
400,P,2,2025-03-18 08:43:38.320892,2025-03-18 09:50:30.541349,2025-04-25,0.0
401,P,2,2025-03-18 09:50:30.541349,2025-03-18 10:57:22.761806,2025-04-25,0.0
405,P,2,2025-03-18 10:57:22.761806,2025-03-18 12:04:14.982263,2025-04-25,0.0
406,P,2,2025-03-18 12:04:14.982263,2025-03-18 13:11:07.202720,2025-04-25,0.0
44,C,1,2025-03-18 12:33:01.126252,2025-03-18 13:36:04.084841,2025-03-24,0.0
422,P,2,2025-03-18 13:11:07.202720,2025-03-18 14:17:59.423177,2025-04-25,0.0
292,C,1,2025-03-18 13:36:04.084841,2025-03-18 15:03:38.193992,2025-03-24,0.0
440,P,2,2025-03-18 14:17:59.423177,2025-03-18 15:24:51.643634,2025-04-25,0.0
361,C,1,2025-03-18 15:03:38.193992,2025-03-18 16:31:12.303143,2025-03-24,0.0
712,A,2,2025-03-19 12:00:00.000000,2025-03-19 12:35:21.949487,2025-04-30,0.0
374,C,1,2025-03-18 16:31:12.303143,2025-03-18 17:37:45.426098,2025-04-17,0.0
412,C,1,2025-03-18 17:37:45.426098,2025-03-18 18:44:18.549053,2025-04-17,0.0
413,C,1,2025-03-18 18:44:18.549053,2025-03-18 19:50:51.672008,2025-04-17,0.0
474,C,1,2025-03-18 19:50:51.672008,2025-03-18 20:57:24.794963,2025-04-17,0.0
586,C,1,2025-03-18 20:57:24.794963,2025-03-18 22:03:57.917918,2025-04-17,0.0
711,C,1,2025-03-18 22:03:57.917918,2025-03-18 23:10:31.040873,2025-04-17,0.0
415,C,1,2025-03-18 23:10:31.040873,2025-03-19 04:32:46.162549,2025-04-18,0.0
499,C,1,2025-03-26 00:00:00.000000,2025-03-26 08:38:24.326175,2025-05-07,0.0
416,H,2,2025-03-20 00:35:21.949487,2025-03-20 01:57:45.021574,2025-04-29,0.0
320,H,2,2025-03-21 00:00:00.000000,2025-03-21 02:55:30.892708,2025-05-02,0.0
395,H,2,2025-03-25 00:00:00.000000,2025-03-25 11:38:28.654655,2025-05-06,0.0
319,H,2,2025-04-01 00:00:00.000000,2025-04-01 01:25:57.988265,2025-05-13,0.0
332,A,1,2025-04-01 12:00:00.000000,2025-04-01 18:21:57.054464,2025-05-13,0.0
321,H,2,2025-04-02 01:25:57.988265,2025-04-02 04:21:28.880973,2025-05-13,0.0
333,A,1,2025-04-02 18:21:57.054464,2025-04-03 00:43:54.108928,2025-05-13,0.0
690,F,2,2025-04-02 16:21:28.880973,2025-04-03 22:44:21.728961,2025-05-13,0.0
355,A,1,2025-04-03 00:43:54.108928,2025-04-03 07:05:51.163392,2025-05-13,0.0
356,A,1,2025-04-03 07:05:51.163392,2025-04-03 13:27:48.217856,2025-05-13,0.0
419,A,1,2025-04-03 13:27:48.217856,2025-04-03 16:38:46.745088,2025-05-13,0.0
427,A,1,2025-04-03 16:38:46.745088,2025-04-03 19:49:45.272320,2025-05-13,0.0
436,A,1,2025-04-03 19:49:45.272320,2025-04-03 23:00:43.799552,2025-05-13,0.0
713,F,2,2025-04-03 22:44:21.728961,2025-04-05 05:07:14.576949,2025-05-15,0.0
215,P,1,2025-04-04 11:00:43.799552,2025-04-04 12:05:39.876785,2025-05-01,0.0
216,P,1,2025-04-04 12:05:39.876785,2025-04-04 13:10:42.711442,2025-05-01,0.0
233,P,1,2025-04-04 13:10:42.711442,2025-04-04 14:17:34.931899,2025-05-01,0.0
243,P,1,2025-04-04 14:17:34.931899,2025-04-04 15:24:27.152356,2025-05-01,0.0
434,P,1,2025-04-04 15:24:27.152356,2025-04-04 16:31:19.372813,2025-05-08,0.0
441,P,1,2025-04-04 16:31:19.372813,2025-04-04 17:38:11.593270,2025-05-08,0.0
461,P,1,2025-04-04 17:38:11.593270,2025-04-04 18:45:03.813727,2025-05-08,0.0
467,P,1,2025-04-04 18:45:03.813727,2025-04-04 19:51:56.034184,2025-05-08,0.0
468,P,1,2025-04-04 19:51:56.034184,2025-04-04 20:58:48.254641,2025-05-08,0.0
469,P,1,2025-04-04 20:58:48.254641,2025-04-04 22:05:40.475098,2025-05-08,0.0
487,P,1,2025-04-04 22:05:40.475098,2025-04-04 23:12:32.695555,2025-05-08,0.0
490,P,1,2025-04-04 23:12:32.695555,2025-04-05 00:19:24.916012,2025-05-08,0.0
496,P,1,2025-04-05 00:19:24.916012,2025-04-05 01:26:17.136469,2025-05-08,0.0
507,P,1,2025-04-05 01:26:17.136469,2025-04-05 02:33:09.356926,2025-05-08,0.0
508,P,1,2025-04-05 02:33:09.356926,2025-04-05 03:40:01.577383,2025-05-08,0.0
524,P,1,2025-04-05 03:40:01.577383,2025-04-05 04:46:53.797840,2025-05-08,0.0
536,P,1,2025-04-05 04:46:53.797840,2025-04-05 05:53:46.018297,2025-05-08,0.0
514,A,2,2025-04-05 17:07:14.576949,2025-04-05 18:14:26.280975,2025-05-16,0.0
537,P,1,2025-04-05 05:53:46.018297,2025-04-05 07:00:38.238754,2025-05-08,0.0
549,P,1,2025-04-05 07:00:38.238754,2025-04-05 08:07:30.459211,2025-05-08,0.0
560,P,1,2025-04-05 08:07:30.459211,2025-04-05 09:14:22.679668,2025-05-08,0.0
565,P,1,2025-04-05 09:14:22.679668,2025-04-05 10:21:14.900125,2025-05-08,0.0
569,P,1,2025-04-05 10:21:14.900125,2025-04-05 11:28:07.120582,2025-05-08,0.0
570,P,1,2025-04-05 11:28:07.120582,2025-04-05 12:34:59.341039,2025-05-08,0.0
580,P,1,2025-04-05 12:34:59.341039,2025-04-05 13:41:51.561496,2025-05-08,0.0
861,P,1,2025-04-05 13:41:51.561496,2025-04-05 14:48:43.781953,2025-05-08,0.0
862,P,1,2025-04-05 14:48:43.781953,2025-04-05 15:55:36.002410,2025-05-08,0.0
864,P,1,2025-04-05 15:55:36.002410,2025-04-05 17:02:28.222867,2025-05-08,0.0
888,P,1,2025-04-05 17:02:28.222867,2025-04-05 18:09:20.443324,2025-05-08,0.0
889,P,1,2025-04-05 18:09:20.443324,2025-04-05 19:16:12.663781,2025-05-08,0.0
515,A,2,2025-04-05 18:14:26.280975,2025-04-05 19:21:37.985001,2025-05-16,0.0
898,P,1,2025-04-05 19:16:12.663781,2025-04-05 20:23:04.884238,2025-05-08,0.0
516,A,2,2025-04-05 19:21:37.985001,2025-04-05 20:28:49.689027,2025-05-16,0.0
899,P,1,2025-04-05 20:23:04.884238,2025-04-05 21:29:57.104695,2025-05-08,0.0
652,A,2,2025-04-05 20:28:49.689027,2025-04-05 21:36:01.393053,2025-05-16,0.0
907,P,1,2025-04-05 21:29:57.104695,2025-04-05 22:36:49.325152,2025-05-08,0.0
653,A,2,2025-04-05 21:36:01.393053,2025-04-05 22:43:13.097079,2025-05-16,0.0
910,P,1,2025-04-05 22:36:49.325152,2025-04-05 23:43:41.545609,2025-05-08,0.0
654,A,2,2025-04-05 22:43:13.097079,2025-04-05 23:50:24.801105,2025-05-16,0.0
920,P,1,2025-04-05 23:43:41.545609,2025-04-06 00:50:33.766066,2025-05-08,0.0
655,A,2,2025-04-05 23:50:24.801105,2025-04-06 00:57:36.505131,2025-05-16,0.0
357,P,1,2025-04-06 00:50:33.766066,2025-04-06 07:10:40.071822,2025-05-13,0.0
669,A,2,2025-04-06 00:57:36.505131,2025-04-06 02:04:48.209157,2025-05-16,0.0
670,A,2,2025-04-06 02:04:48.209157,2025-04-06 03:11:59.913183,2025-05-16,0.0
681,A,2,2025-04-06 03:11:59.913183,2025-04-06 04:19:11.617209,2025-05-16,0.0
682,A,2,2025-04-06 04:19:11.617209,2025-04-06 05:26:23.321235,2025-05-16,0.0
692,A,2,2025-04-06 05:26:23.321235,2025-04-06 06:33:35.025261,2025-05-16,0.0
693,A,2,2025-04-06 06:33:35.025261,2025-04-06 07:40:46.729287,2025-05-16,0.0
358,P,1,2025-04-06 07:10:40.071822,2025-04-06 13:30:46.377578,2025-05-13,0.0
705,A,2,2025-04-06 07:40:46.729287,2025-04-06 08:47:58.433313,2025-05-16,0.0
706,A,2,2025-04-06 08:47:58.433313,2025-04-06 09:55:10.137339,2025-05-16,0.0
751,A,2,2025-04-06 09:55:10.137339,2025-04-06 11:02:21.841365,2025-05-16,0.0
752,A,2,2025-04-06 11:02:21.841365,2025-04-06 12:09:33.545391,2025-05-16,0.0
760,A,2,2025-04-06 12:09:33.545391,2025-04-06 13:16:45.249417,2025-05-16,0.0
761,A,2,2025-04-06 13:16:45.249417,2025-04-06 14:23:56.953443,2025-05-16,0.0
359,P,1,2025-04-06 13:30:46.377578,2025-04-06 19:50:52.683334,2025-05-13,0.0
769,A,2,2025-04-06 14:23:56.953443,2025-04-06 15:31:08.657469,2025-05-16,0.0
770,A,2,2025-04-06 15:31:08.657469,2025-04-06 16:38:20.361495,2025-05-16,0.0
808,A,2,2025-04-06 16:38:20.361495,2025-04-06 17:45:32.065521,2025-05-16,0.0
810,A,2,2025-04-06 17:45:32.065521,2025-04-06 18:52:43.769547,2025-05-16,0.0
811,A,2,2025-04-06 18:52:43.769547,2025-04-06 19:59:55.473573,2025-05-16,0.0
385,P,1,2025-04-06 19:50:52.683334,2025-04-07 02:10:58.989090,2025-05-13,0.0
819,A,2,2025-04-06 19:59:55.473573,2025-04-06 21:07:07.177599,2025-05-16,0.0
820,A,2,2025-04-06 21:07:07.177599,2025-04-06 22:14:18.881625,2025-05-16,0.0
821,A,2,2025-04-06 22:14:18.881625,2025-04-06 23:21:30.585651,2025-05-16,0.0
822,A,2,2025-04-06 23:21:30.585651,2025-04-07 00:28:42.289677,2025-05-16,0.0
823,A,2,2025-04-07 00:28:42.289677,2025-04-07 01:35:53.993703,2025-05-16,0.0
828,A,2,2025-04-07 01:35:53.993703,2025-04-07 02:43:05.697729,2025-05-16,0.0
389,P,1,2025-04-07 02:10:58.989090,2025-04-07 08:31:05.294846,2025-05-13,0.0
829,A,2,2025-04-07 02:43:05.697729,2025-04-07 03:50:17.401755,2025-05-16,0.0
830,A,2,2025-04-07 03:50:17.401755,2025-04-07 04:57:29.105781,2025-05-16,0.0
831,A,2,2025-04-07 04:57:29.105781,2025-04-07 06:04:40.809807,2025-05-16,0.0
832,A,2,2025-04-07 06:04:40.809807,2025-04-07 07:11:52.513833,2025-05-16,0.0
833,A,2,2025-04-07 07:11:52.513833,2025-04-07 08:19:04.217859,2025-05-16,0.0
837,A,2,2025-04-07 08:19:04.217859,2025-04-07 09:26:15.921885,2025-05-16,0.0
391,P,1,2025-04-07 08:31:05.294846,2025-04-07 09:37:57.515303,2025-05-13,0.0
841,A,2,2025-04-07 09:26:15.921885,2025-04-07 10:33:27.625911,2025-05-16,0.0
426,P,1,2025-04-07 09:37:57.515303,2025-04-07 15:58:03.821059,2025-05-13,0.0
842,A,2,2025-04-07 10:33:27.625911,2025-04-07 11:40:39.329937,2025-05-16,0.0
843,A,2,2025-04-07 11:40:39.329937,2025-04-07 12:47:51.033963,2025-05-16,0.0
844,A,2,2025-04-07 12:47:51.033963,2025-04-07 13:55:02.737989,2025-05-16,0.0
865,A,2,2025-04-07 13:55:02.737989,2025-04-07 15:02:14.442015,2025-05-16,0.0
866,A,2,2025-04-07 15:02:14.442015,2025-04-07 16:09:26.146041,2025-05-16,0.0
455,P,1,2025-04-07 15:58:03.821059,2025-04-07 22:18:10.126815,2025-05-13,0.0
867,A,2,2025-04-07 16:09:26.146041,2025-04-07 17:16:37.850067,2025-05-16,0.0
886,A,2,2025-04-07 17:16:37.850067,2025-04-07 18:23:49.554093,2025-05-16,0.0
891,A,2,2025-04-07 18:23:49.554093,2025-04-07 19:31:01.258119,2025-05-16,0.0
892,A,2,2025-04-07 19:31:01.258119,2025-04-07 20:38:12.962145,2025-05-16,0.0
896,A,2,2025-04-07 20:38:12.962145,2025-04-07 21:45:24.666171,2025-05-16,0.0
897,A,2,2025-04-07 21:45:24.666171,2025-04-07 22:52:36.370197,2025-05-16,0.0
456,P,1,2025-04-07 22:18:10.126815,2025-04-08 04:38:16.432571,2025-05-13,0.0
901,A,2,2025-04-07 22:52:36.370197,2025-04-07 23:59:48.074223,2025-05-16,0.0
902,A,2,2025-04-07 23:59:48.074223,2025-04-08 01:06:59.778249,2025-05-16,0.0
908,A,2,2025-04-08 01:06:59.778249,2025-04-08 02:14:11.482275,2025-05-16,0.0
909,A,2,2025-04-08 02:14:11.482275,2025-04-08 03:21:23.186301,2025-05-16,0.0
911,A,2,2025-04-08 03:21:23.186301,2025-04-08 04:28:34.890327,2025-05-16,0.0
912,A,2,2025-04-08 04:28:34.890327,2025-04-08 05:35:46.594353,2025-05-16,0.0
462,P,1,2025-04-08 04:38:16.432571,2025-04-08 10:58:22.738327,2025-05-13,0.0
913,A,2,2025-04-08 05:35:46.594353,2025-04-08 06:42:58.298379,2025-05-16,0.0
914,A,2,2025-04-08 06:42:58.298379,2025-04-08 07:50:10.002405,2025-05-16,0.0
917,A,2,2025-04-08 07:50:10.002405,2025-04-08 08:57:21.706431,2025-05-16,0.0
386,A,2,2025-04-08 08:57:21.706431,2025-04-08 10:04:33.410457,2025-05-20,0.0
392,A,2,2025-04-08 10:04:33.410457,2025-04-08 11:11:45.114483,2025-05-20,0.0
526,P,1,2025-04-08 10:58:22.738327,2025-04-08 17:18:29.044083,2025-05-13,0.0
397,A,2,2025-04-08 11:11:45.114483,2025-04-08 12:18:56.818509,2025-05-20,0.0
402,A,2,2025-04-08 12:18:56.818509,2025-04-08 13:26:08.522535,2025-05-20,0.0
403,A,2,2025-04-08 13:26:08.522535,2025-04-08 14:33:20.226561,2025-05-20,0.0
407,A,2,2025-04-08 14:33:20.226561,2025-04-08 15:40:31.930587,2025-05-20,0.0
423,A,2,2025-04-08 15:40:31.930587,2025-04-08 16:47:43.634613,2025-05-20,0.0
431,A,2,2025-04-08 16:47:43.634613,2025-04-08 17:54:55.338639,2025-05-20,0.0
527,P,1,2025-04-08 17:18:29.044083,2025-04-08 23:38:35.349839,2025-05-13,0.0
449,A,2,2025-04-08 17:54:55.338639,2025-04-08 19:02:07.042665,2025-05-20,0.0
450,A,2,2025-04-08 19:02:07.042665,2025-04-08 20:09:18.746691,2025-05-20,0.0
451,A,2,2025-04-08 20:09:18.746691,2025-04-08 21:16:30.450717,2025-05-20,0.0
452,A,2,2025-04-08 21:16:30.450717,2025-04-08 22:23:42.154743,2025-05-20,0.0
457,A,2,2025-04-08 22:23:42.154743,2025-04-08 23:30:53.858769,2025-05-20,0.0
463,A,2,2025-04-08 23:30:53.858769,2025-04-09 00:38:05.562795,2025-05-20,0.0
528,P,1,2025-04-08 23:38:35.349839,2025-04-09 05:58:41.655595,2025-05-13,0.0
470,A,2,2025-04-09 00:38:05.562795,2025-04-09 01:45:17.266821,2025-05-20,0.0
471,A,2,2025-04-09 01:45:17.266821,2025-04-09 02:52:28.970847,2025-05-20,0.0
472,A,2,2025-04-09 02:52:28.970847,2025-04-09 03:59:40.674873,2025-05-20,0.0
483,A,2,2025-04-09 03:59:40.674873,2025-04-09 05:06:52.378899,2025-05-20,0.0
500,A,2,2025-04-09 05:06:52.378899,2025-04-09 06:14:04.082925,2025-05-20,0.0
257,P,1,2025-04-09 05:58:41.655595,2025-04-09 07:05:33.876052,2025-05-14,0.0
540,A,2,2025-04-09 06:14:04.082925,2025-04-09 07:21:15.786951,2025-05-20,0.0
340,A,1,2025-04-10 12:00:00.000000,2025-04-10 16:35:51.206002,2025-05-22,0.0
341,A,2,2025-04-10 00:00:00.000000,2025-04-10 02:17:55.603001,2025-05-22,0.0
812,H,2,2025-04-14 12:00:00.000000,2025-04-14 13:08:03.407377,2025-05-26,0.0
824,H,1,2025-04-14 12:00:00.000000,2025-04-14 13:08:03.407377,2025-05-26,0.0
845,H,1,2025-04-14 13:08:03.407377,2025-04-14 14:16:06.814754,2025-05-26,0.0
556,H,2,2025-04-17 00:00:00.000000,2025-04-17 01:22:23.072087,2025-05-29,0.0
744,H,1,2025-04-20 00:00:00.000000,2025-04-20 05:54:36.701594,2025-06-01,0.0
607,H,2,2025-04-25 00:00:00.000000,2025-04-25 01:25:57.988265,2025-06-06,0.0
748,H,1,2025-05-13 00:00:00.000000,2025-05-13 11:49:13.403188,2025-06-24,0.0
813,H,2,2025-05-13 00:00:00.000000,2025-05-13 01:08:03.407377,2025-06-24,0.0
853,H,2,2025-05-13 01:08:03.407377,2025-05-13 02:16:06.814754,2025-06-24,0.0
854,H,2,2025-05-13 02:16:06.814754,2025-05-13 03:24:10.222131,2025-06-24,0.0
855,H,2,2025-05-13 03:24:10.222131,2025-05-13 04:32:13.629508,2025-06-24,0.0
857,H,2,2025-05-13 04:32:13.629508,2025-05-13 05:40:17.036885,2025-06-24,0.0
925,H,2,2025-05-13 05:40:17.036885,2025-05-13 06:48:20.444262,2025-06-24,0.0
939,H,2,2025-05-13 06:48:20.444262,2025-05-13 07:56:23.851639,2025-06-24,0.0
948,H,2,2025-05-13 07:56:23.851639,2025-05-13 09:04:27.259016,2025-06-24,0.0
949,H,2,2025-05-13 09:04:27.259016,2025-05-13 10:12:30.666393,2025-06-24,0.0
626,H,2,2025-05-16 00:00:00.000000,2025-05-16 01:22:23.072087,2025-06-27,0.0
921,H,1,2025-05-21 00:00:00.000000,2025-05-21 05:54:36.701594,2025-07-02,0.0
594,H,2,2025-05-22 00:00:00.000000,2025-05-22 01:15:13.239732,2025-07-03,0.0
558,H,1,2025-05-26 00:00:00.000000,2025-05-26 23:45:36.638731,2025-07-07,0.0
572,H,2,2025-06-11 00:00:00.000000,2025-06-11 00:03:34.916178,2025-07-23,0.0
687,H,1,2025-06-12 00:00:00.000000,2025-06-12 18:08:54.518026,2025-07-24,0.0
990,H,2,2025-06-16 00:00:00.000000,2025-06-16 05:54:36.701594,2025-07-28,0.0
835,H,1,2025-06-17 00:00:00.000000,2025-06-17 02:44:46.144175,2025-07-29,0.0
875,H,2,2025-06-17 00:00:00.000000,2025-06-17 02:41:11.227997,2025-07-29,0.0
623,F,2,2025-06-18 12:00:00.000000,2025-06-18 20:44:59.380221,2025-07-30,0.0
876,H,1,2025-06-20 00:00:00.000000,2025-06-20 01:22:23.072087,2025-08-01,0.0
324,A,2,2025-06-19 08:44:59.380221,2025-06-19 15:17:33.019532,2025-05-28,22.64
329,A,2,2025-06-19 15:17:33.019532,2025-06-19 21:50:06.658843,2025-05-28,22.91
337,A,2,2025-06-19 21:50:06.658843,2025-06-20 02:11:49.085050,2025-05-28,23.09
746,F,1,2025-06-20 13:22:23.072087,2025-06-21 19:59:50.902859,2025-08-01,0.0
365,A,2,2025-06-20 02:11:49.085050,2025-06-20 08:44:22.724361,2025-05-28,23.36
377,A,2,2025-06-20 08:44:22.724361,2025-06-20 15:16:56.363672,2025-05-28,23.64
378,A,2,2025-06-20 15:16:56.363672,2025-06-20 21:49:30.002983,2025-05-28,23.91
387,A,2,2025-06-20 21:49:30.002983,2025-06-21 03:18:24.133216,2025-05-28,24.14
388,A,2,2025-06-21 03:18:24.133216,2025-06-21 09:50:57.772527,2025-05-28,24.41
404,A,2,2025-06-21 09:50:57.772527,2025-06-21 16:23:31.411838,2025-05-28,24.68
408,A,2,2025-06-21 16:23:31.411838,2025-06-21 22:56:05.051149,2025-05-28,24.96
756,F,1,2025-06-21 19:59:50.902859,2025-06-23 02:37:18.733631,2025-08-01,0.0
424,A,2,2025-06-21 22:56:05.051149,2025-06-21 23:31:27.000636,2025-05-29,23.98
398,A,2,2025-06-21 23:31:27.000636,2025-06-22 06:04:00.639947,2025-06-02,20.25
543,A,2,2025-06-22 06:04:00.639947,2025-06-22 07:11:12.343973,2025-06-06,16.3
420,A,2,2025-06-22 07:11:12.343973,2025-06-22 10:22:10.871205,2025-06-12,10.43
421,A,2,2025-06-22 10:22:10.871205,2025-06-22 13:33:09.398437,2025-06-12,10.56
435,A,2,2025-06-22 13:33:09.398437,2025-06-22 16:44:07.925669,2025-06-17,5.7
592,A,2,2025-06-22 16:44:07.925669,2025-06-22 18:09:00.604439,2025-06-20,2.76
955,A,2,2025-06-22 18:09:00.604439,2025-06-22 19:33:53.283209,2025-06-23,0.0
956,A,2,2025-06-22 19:33:53.283209,2025-06-22 20:58:45.961979,2025-06-23,0.0
482,A,2,2025-06-22 20:58:45.961979,2025-06-22 23:13:09.370031,2025-06-24,0.0
519,A,2,2025-06-22 23:13:09.370031,2025-06-23 00:20:21.074057,2025-06-26,0.0
541,A,2,2025-06-23 00:20:21.074057,2025-06-23 01:27:32.778083,2025-06-26,0.0
546,A,2,2025-06-23 01:27:32.778083,2025-06-23 02:34:44.482109,2025-06-26,0.0
547,A,2,2025-06-23 02:34:44.482109,2025-06-23 03:41:56.186135,2025-06-26,0.0
757,F,1,2025-06-23 02:37:18.733631,2025-06-24 09:14:46.564403,2025-08-01,0.0
561,A,2,2025-06-23 03:41:56.186135,2025-06-23 04:49:07.890161,2025-06-26,0.0
562,A,2,2025-06-23 04:49:07.890161,2025-06-23 05:56:19.594187,2025-06-26,0.0
567,A,2,2025-06-23 05:56:19.594187,2025-06-23 07:03:31.298213,2025-06-26,0.0
568,A,2,2025-06-23 07:03:31.298213,2025-06-23 08:10:43.002239,2025-06-26,0.0
571,A,2,2025-06-23 08:10:43.002239,2025-06-23 09:17:54.706265,2025-06-26,0.0
573,A,2,2025-06-23 09:17:54.706265,2025-06-23 10:25:06.410291,2025-06-26,0.0
581,A,2,2025-06-23 10:25:06.410291,2025-06-23 11:32:18.114317,2025-06-26,0.0
590,A,2,2025-06-23 11:32:18.114317,2025-06-23 12:39:29.818343,2025-06-26,0.0
595,A,2,2025-06-23 12:39:29.818343,2025-06-23 13:46:41.522369,2025-06-26,0.0
597,A,2,2025-06-23 13:46:41.522369,2025-06-23 14:53:53.226395,2025-06-26,0.0
605,A,2,2025-06-23 14:53:53.226395,2025-06-23 16:01:04.930421,2025-06-26,0.0
611,A,2,2025-06-23 16:01:04.930421,2025-06-23 17:08:16.634447,2025-06-26,0.0
619,A,2,2025-06-23 17:08:16.634447,2025-06-23 18:15:28.338473,2025-06-26,0.0
620,A,2,2025-06-23 18:15:28.338473,2025-06-23 19:22:40.042499,2025-06-26,0.0
637,A,2,2025-06-23 19:22:40.042499,2025-06-23 20:29:51.746525,2025-06-26,0.0
642,A,2,2025-06-23 20:29:51.746525,2025-06-23 21:37:03.450551,2025-06-26,0.0
656,A,2,2025-06-23 21:37:03.450551,2025-06-23 22:44:15.154577,2025-06-26,0.0
657,A,2,2025-06-23 22:44:15.154577,2025-06-23 23:51:26.858603,2025-06-26,0.0
658,A,2,2025-06-23 23:51:26.858603,2025-06-24 00:58:38.562629,2025-06-26,0.0
673,A,2,2025-06-24 00:58:38.562629,2025-06-24 02:05:50.266655,2025-06-26,0.0
696,A,2,2025-06-24 02:05:50.266655,2025-06-24 03:13:01.970681,2025-06-26,0.0
485,A,2,2025-06-24 03:13:01.970681,2025-06-24 05:23:53.183785,2025-06-27,0.0
489,A,2,2025-06-24 05:23:53.183785,2025-06-24 07:34:44.396889,2025-06-27,0.0
502,A,2,2025-06-24 07:34:44.396889,2025-06-24 09:45:35.609993,2025-06-27,0.0
786,F,1,2025-06-24 09:14:46.564403,2025-06-25 15:52:14.395175,2025-08-01,0.0
520,A,2,2025-06-24 09:45:35.609993,2025-06-24 16:18:09.249304,2025-06-27,0.0
582,A,2,2025-06-24 16:18:09.249304,2025-06-24 22:50:42.888615,2025-06-27,0.0
593,A,2,2025-06-24 22:50:42.888615,2025-06-25 05:23:16.527926,2025-06-27,0.0
598,A,2,2025-06-26 05:23:16.527926,2025-06-26 11:55:50.167237,2025-06-27,0.0
150,E,1,2025-06-26 03:52:14.395175,2025-06-26 05:09:55.369780,2025-04-09,78.22
188,E,1,2025-06-27 05:09:55.369780,2025-06-27 06:27:36.344385,2025-04-09,79.27
606,A,2,2025-06-26 11:55:50.167237,2025-06-26 18:28:23.806548,2025-06-27,0.0
612,A,2,2025-06-26 18:28:23.806548,2025-06-27 01:00:57.445859,2025-06-27,0.04
638,A,2,2025-06-27 01:00:57.445859,2025-06-27 06:29:51.576092,2025-06-27,0.27
510,E,1,2025-06-27 06:27:36.344385,2025-06-27 07:45:17.318990,2025-04-17,71.32
659,A,2,2025-06-27 06:29:51.576092,2025-06-27 13:02:25.215403,2025-06-27,0.54
139,E,1,2025-06-27 07:45:17.318990,2025-06-27 09:02:58.293595,2025-04-18,70.38
155,E,1,2025-06-27 09:02:58.293595,2025-06-27 10:20:39.268200,2025-04-18,70.43
616,E,1,2025-06-27 10:20:39.268200,2025-06-27 13:56:26.419882,2025-04-22,66.58
660,A,2,2025-06-27 13:02:25.215403,2025-06-27 18:31:19.345636,2025-06-27,0.77
550,E,1,2025-06-27 13:56:26.419882,2025-06-27 15:14:07.394487,2025-05-08,50.63
566,E,1,2025-06-27 15:14:07.394487,2025-06-27 16:31:48.369092,2025-05-08,50.69
289,E,1,2025-06-27 16:31:48.369092,2025-06-27 17:49:29.343697,2025-05-15,43.74
315,E,1,2025-06-27 17:49:29.343697,2025-06-27 19:07:10.318302,2025-05-15,43.8
932,A,2,2025-06-27 18:31:19.345636,2025-06-28 06:11:33.945487,2025-07-02,0.0
369,E,1,2025-06-27 19:07:10.318302,2025-06-27 20:24:51.292907,2025-05-15,43.85
396,E,1,2025-06-27 20:24:51.292907,2025-06-27 21:50:13.445055,2025-05-15,43.91
481,E,1,2025-06-27 21:50:13.445055,2025-06-27 23:07:54.419660,2025-05-19,39.96
529,E,1,2025-06-27 23:07:54.419660,2025-06-28 00:25:35.394265,2025-05-19,40.02
551,E,1,2025-06-28 00:25:35.394265,2025-06-28 01:43:16.368870,2025-05-19,40.07
552,E,1,2025-06-28 01:43:16.368870,2025-06-28 03:00:57.343475,2025-05-19,40.13
473,E,1,2025-06-28 03:00:57.343475,2025-06-28 04:22:57.261114,2025-05-26,33.18
484,E,1,2025-06-28 04:22:57.261114,2025-06-28 05:44:57.178753,2025-05-26,33.24
488,E,1,2025-06-28 05:44:57.178753,2025-06-28 07:06:57.096392,2025-05-26,33.3
521,A,2,2025-06-28 06:11:33.945487,2025-06-28 12:44:07.584798,2025-07-03,0.0
501,E,1,2025-06-28 07:06:57.096392,2025-06-28 08:28:57.014031,2025-05-26,33.35
530,E,1,2025-06-28 08:28:57.014031,2025-06-28 09:50:56.931670,2025-05-26,33.41
531,E,1,2025-06-28 09:50:56.931670,2025-06-28 11:12:56.849309,2025-05-26,33.47
666,E,1,2025-06-28 11:12:56.849309,2025-06-28 12:34:56.766948,2025-05-26,33.52
671,E,1,2025-06-28 12:34:56.766948,2025-06-28 13:56:56.684587,2025-05-26,33.58
542,A,2,2025-06-28 12:44:07.584798,2025-06-28 19:16:41.224109,2025-07-03,0.0
672,E,1,2025-06-28 13:56:56.684587,2025-06-28 15:14:37.659192,2025-05-26,33.64
683,E,1,2025-06-28 15:14:37.659192,2025-06-28 16:36:37.576831,2025-05-26,33.69
694,E,1,2025-06-28 16:36:37.576831,2025-06-28 17:58:37.494470,2025-05-26,33.75
695,E,1,2025-06-28 17:58:37.494470,2025-06-28 19:16:18.469075,2025-05-26,33.8
707,E,1,2025-06-28 19:16:18.469075,2025-06-28 20:33:59.443680,2025-05-26,33.86
548,A,2,2025-06-28 19:16:41.224109,2025-06-29 01:49:14.863420,2025-07-03,0.0
726,E,1,2025-06-28 20:33:59.443680,2025-06-28 21:51:40.418285,2025-05-26,33.91
727,E,1,2025-06-28 21:51:40.418285,2025-06-28 23:09:21.392890,2025-06-03,25.96
731,E,1,2025-06-28 23:09:21.392890,2025-06-29 00:27:02.367495,2025-06-03,26.02
734,E,1,2025-06-29 00:27:02.367495,2025-06-29 01:44:43.342100,2025-06-03,26.07
762,E,1,2025-06-29 01:44:43.342100,2025-06-29 03:02:24.316705,2025-06-03,26.13
564,A,2,2025-06-29 01:49:14.863420,2025-06-29 08:21:48.502731,2025-07-03,0.0
781,E,1,2025-06-29 03:02:24.316705,2025-06-29 04:20:05.291310,2025-06-03,26.18
798,E,1,2025-06-29 04:20:05.291310,2025-06-29 05:37:46.265915,2025-06-03,26.23
587,E,1,2025-06-29 05:37:46.265915,2025-06-29 06:55:27.240520,2025-06-12,17.29
609,E,1,2025-06-29 06:55:27.240520,2025-06-29 08:13:08.215125,2025-06-12,17.34
618,E,1,2025-06-29 08:13:08.215125,2025-06-29 09:30:49.189730,2025-06-12,17.4
617,A,2,2025-06-29 08:21:48.502731,2025-06-30 13:14:44.027615,2025-07-04,0.0
625,E,1,2025-06-29 09:30:49.189730,2025-06-29 10:48:30.164335,2025-06-12,17.45
639,E,1,2025-06-29 10:48:30.164335,2025-06-29 12:10:30.081974,2025-06-12,17.51
641,E,1,2025-06-29 12:10:30.081974,2025-06-29 13:28:11.056579,2025-06-17,12.56
563,E,1,2025-06-29 13:28:11.056579,2025-06-29 14:45:52.031184,2025-06-19,10.62
591,E,1,2025-06-29 14:45:52.031184,2025-06-29 16:03:33.005789,2025-06-19,10.67
674,E,1,2025-06-29 16:03:33.005789,2025-06-29 17:21:13.980394,2025-06-24,5.72
684,E,1,2025-06-29 17:21:13.980394,2025-06-29 18:38:54.954999,2025-07-15,0.0
728,E,1,2025-06-29 18:38:54.954999,2025-06-29 19:56:35.929604,2025-07-15,0.0
643,E,1,2025-06-29 19:56:35.929604,2025-06-29 21:18:35.847243,2025-07-30,0.0
754,E,1,2025-06-29 21:18:35.847243,2025-06-29 22:36:16.821848,2025-08-01,0.0
755,E,1,2025-06-29 22:36:16.821848,2025-06-29 23:53:57.796453,2025-08-01,0.0
764,E,1,2025-06-29 23:53:57.796453,2025-06-30 01:11:38.771058,2025-08-01,0.0
765,E,1,2025-06-30 01:11:38.771058,2025-06-30 02:29:19.745663,2025-08-01,0.0
782,E,1,2025-06-30 02:29:19.745663,2025-06-30 03:47:00.720268,2025-08-01,0.0
758,E,1,2025-06-30 03:47:00.720268,2025-06-30 05:04:41.694873,2025-08-04,0.0
863,E,1,2025-06-30 05:04:41.694873,2025-06-30 06:22:22.669478,2025-08-04,0.0
667,E,1,2025-06-30 06:22:22.669478,2025-06-30 07:44:22.587117,2025-08-06,0.0
661,E,1,2025-06-30 07:44:22.587117,2025-06-30 09:06:22.504756,2025-08-08,0.0
662,E,1,2025-06-30 09:06:22.504756,2025-06-30 10:28:22.422395,2025-08-08,0.0
675,E,1,2025-06-30 10:28:22.422395,2025-06-30 11:50:22.340034,2025-08-08,0.0
676,E,1,2025-06-30 11:50:22.340034,2025-06-30 13:12:22.257673,2025-08-08,0.0
677,E,1,2025-06-30 13:12:22.257673,2025-06-30 14:34:22.175312,2025-08-08,0.0
628,A,2,2025-06-30 13:14:44.027615,2025-06-30 16:25:42.554847,2025-07-08,0.0
688,E,1,2025-06-30 14:34:22.175312,2025-06-30 15:56:22.092951,2025-08-08,0.0
629,A,1,2025-07-01 03:56:22.092951,2025-07-01 07:07:20.620183,2025-07-08,0.0
630,A,2,2025-06-30 16:25:42.554847,2025-06-30 19:36:41.082079,2025-07-08,0.0
697,A,2,2025-06-30 19:36:41.082079,2025-06-30 22:47:39.609311,2025-07-08,0.0
698,A,2,2025-06-30 22:47:39.609311,2025-07-01 01:58:38.136543,2025-07-08,0.0
699,A,2,2025-07-01 01:58:38.136543,2025-07-01 05:09:36.663775,2025-07-08,0.0
700,A,2,2025-07-01 05:09:36.663775,2025-07-01 08:20:35.191007,2025-07-08,0.0
685,A,1,2025-07-01 07:07:20.620183,2025-07-01 16:04:54.252392,2025-07-09,0.0
732,A,2,2025-07-01 08:20:35.191007,2025-07-01 20:39:43.935294,2025-07-09,0.0
753,A,1,2025-07-01 16:04:54.252392,2025-07-02 02:09:39.588627,2025-07-09,0.0
791,A,2,2025-07-01 20:39:43.935294,2025-07-02 08:58:52.679581,2025-07-09,0.0
834,A,1,2025-07-02 02:09:39.588627,2025-07-02 14:28:48.332914,2025-07-09,0.0
532,A,2,2025-07-02 08:58:52.679581,2025-07-02 12:09:51.206813,2025-07-11,0.0
534,A,2,2025-07-02 12:09:51.206813,2025-07-02 15:20:49.734045,2025-07-11,0.0
535,A,1,2025-07-02 14:28:48.332914,2025-07-02 17:39:46.860146,2025-07-11,0.0
578,A,2,2025-07-02 15:20:49.734045,2025-07-02 19:10:42.405713,2025-07-11,0.0
579,A,1,2025-07-02 17:39:46.860146,2025-07-02 21:29:39.531814,2025-07-11,0.0
599,A,2,2025-07-02 19:10:42.405713,2025-07-02 22:21:40.932945,2025-07-11,0.0
600,A,1,2025-07-02 21:29:39.531814,2025-07-03 00:40:38.059046,2025-07-11,0.0
601,A,2,2025-07-02 22:21:40.932945,2025-07-03 01:32:39.460177,2025-07-11,0.0
533,A,1,2025-07-03 00:40:38.059046,2025-07-03 03:51:36.586278,2025-07-15,0.0
577,A,2,2025-07-03 01:32:39.460177,2025-07-03 08:05:13.099488,2025-07-16,0.0
702,A,1,2025-07-03 03:51:36.586278,2025-07-03 06:05:59.994330,2025-07-17,0.0
703,A,1,2025-07-03 06:05:59.994330,2025-07-03 09:27:35.106408,2025-07-17,0.0
733,A,2,2025-07-03 08:05:13.099488,2025-07-03 10:19:36.507540,2025-07-17,0.0
735,A,1,2025-07-03 09:27:35.106408,2025-07-03 12:49:10.218486,2025-07-17,0.0
763,A,2,2025-07-03 10:19:36.507540,2025-07-03 12:33:59.915592,2025-07-17,0.0
777,A,2,2025-07-03 12:33:59.915592,2025-07-03 15:55:35.027670,2025-07-17,0.0
799,A,1,2025-07-03 12:49:10.218486,2025-07-03 15:03:33.626538,2025-07-17,0.0
803,A,1,2025-07-03 15:03:33.626538,2025-07-03 18:25:08.738616,2025-07-17,0.0
792,A,2,2025-07-03 15:55:35.027670,2025-07-03 21:45:42.327596,2025-07-22,0.0
959,A,1,2025-07-03 18:25:08.738616,2025-07-04 00:15:16.038542,2025-07-22,0.0
686,A,2,2025-07-03 21:45:42.327596,2025-07-04 16:09:07.151604,2025-07-24,0.0
622,A,1,2025-07-04 00:15:16.038542,2025-07-04 05:44:10.168775,2025-07-25,0.0
627,A,1,2025-07-04 05:44:10.168775,2025-07-04 11:13:04.299008,2025-07-25,0.0
742,A,1,2025-07-04 11:13:04.299008,2025-07-04 17:45:37.938319,2025-08-04,0.0
794,A,2,2025-07-04 16:09:07.151604,2025-07-05 21:02:02.676488,2025-08-04,0.0
809,A,1,2025-07-04 17:45:37.938319,2025-07-04 19:56:29.151423,2025-08-04,0.0
838,A,1,2025-07-04 19:56:29.151423,2025-07-05 02:29:02.790734,2025-08-04,0.0
847,A,1,2025-07-05 02:29:02.790734,2025-07-05 09:01:36.430045,2025-08-04,0.0
848,A,1,2025-07-05 09:01:36.430045,2025-07-05 15:34:10.069356,2025-08-04,0.0
663,A,1,2025-07-05 15:34:10.069356,2025-07-05 22:06:43.708667,2025-08-06,0.0
664,A,2,2025-07-05 21:02:02.676488,2025-07-06 03:34:36.315799,2025-08-08,0.0
852,A,1,2025-07-05 22:06:43.708667,2025-07-06 01:31:51.015694,2025-08-15,0.0
604,P,1,2025-07-06 13:31:51.015694,2025-07-06 17:48:46.389029,2025-05-30,37.74
363,P,2,2025-07-06 15:34:36.315799,2025-07-06 16:40:37.855577,2025-06-04,32.69
367,P,2,2025-07-06 16:40:37.855577,2025-07-06 17:45:32.243454,2025-06-04,32.74
372,P,2,2025-07-06 17:45:32.243454,2025-07-06 18:50:23.252619,2025-06-04,32.78
376,P,1,2025-07-06 17:48:46.389029,2025-07-06 18:54:02.316195,2025-06-04,32.79
382,P,2,2025-07-06 18:50:23.252619,2025-07-06 19:55:25.031429,2025-06-04,32.83
480,P,1,2025-07-06 18:54:02.316195,2025-07-06 19:59:14.019971,2025-06-04,32.83
931,P,2,2025-07-06 19:55:25.031429,2025-07-07 07:21:43.083488,2025-06-12,25.31
574,P,1,2025-07-06 19:59:14.019971,2025-07-07 03:36:46.054677,2025-06-20,17.15
575,P,1,2025-07-07 03:36:46.054677,2025-07-07 11:14:18.089383,2025-06-20,17.47
576,P,2,2025-07-07 07:21:43.083488,2025-07-07 11:10:29.100841,2025-06-20,17.47
602,P,2,2025-07-07 11:10:29.100841,2025-07-07 14:20:32.253719,2025-07-03,4.6
603,P,1,2025-07-07 11:14:18.089383,2025-07-07 14:24:21.242261,2025-07-03,4.6
613,P,2,2025-07-07 14:20:32.253719,2025-07-07 17:30:35.406597,2025-07-03,4.73
614,P,1,2025-07-07 14:24:21.242261,2025-07-07 17:34:24.395139,2025-07-03,4.73
615,P,2,2025-07-07 17:30:35.406597,2025-07-07 20:40:38.559475,2025-07-03,4.86
631,P,1,2025-07-07 17:34:24.395139,2025-07-07 20:44:27.548017,2025-07-03,4.86
632,P,2,2025-07-07 20:40:38.559475,2025-07-07 23:50:41.712353,2025-07-03,4.99
633,P,1,2025-07-07 20:44:27.548017,2025-07-07 23:54:30.700895,2025-07-03,5.0
634,P,2,2025-07-07 23:50:41.712353,2025-07-08 03:00:44.865231,2025-07-03,5.13
635,P,1,2025-07-07 23:54:30.700895,2025-07-08 03:04:33.853773,2025-07-03,5.13
679,P,2,2025-07-08 03:00:44.865231,2025-07-08 04:07:37.085688,2025-07-03,5.17
680,P,1,2025-07-08 03:04:33.853773,2025-07-08 04:11:26.074230,2025-07-03,5.17
715,P,2,2025-07-08 04:07:37.085688,2025-07-08 07:17:40.238566,2025-07-03,5.3
716,P,1,2025-07-08 04:11:26.074230,2025-07-08 07:21:29.227108,2025-07-03,5.31
717,P,2,2025-07-08 07:17:40.238566,2025-07-08 10:27:43.391444,2025-07-03,5.44
718,P,1,2025-07-08 07:21:29.227108,2025-07-08 10:31:32.379986,2025-07-03,5.44
719,P,2,2025-07-08 10:27:43.391444,2025-07-08 13:37:46.544322,2025-07-03,5.57
771,P,1,2025-07-08 10:31:32.379986,2025-07-08 13:41:35.532864,2025-07-03,5.57
772,P,2,2025-07-08 13:37:46.544322,2025-07-08 16:47:49.697200,2025-07-03,5.7
773,P,1,2025-07-08 13:41:35.532864,2025-07-08 16:51:38.685742,2025-07-03,5.7
774,P,2,2025-07-08 16:47:49.697200,2025-07-08 19:57:52.850078,2025-07-03,5.83
775,P,1,2025-07-08 16:51:38.685742,2025-07-08 20:01:41.838620,2025-07-03,5.83
776,P,2,2025-07-08 19:57:52.850078,2025-07-08 23:07:56.002956,2025-07-03,5.96
743,P,1,2025-07-08 20:01:41.838620,2025-07-08 21:08:34.059077,2025-07-13,0.0
750,P,1,2025-07-08 21:08:34.059077,2025-07-08 22:15:26.279534,2025-07-13,0.0
759,P,1,2025-07-08 22:15:26.279534,2025-07-08 23:22:18.499991,2025-07-13,0.0
766,P,2,2025-07-08 23:07:56.002956,2025-07-09 00:14:48.223413,2025-07-13,0.0
789,P,1,2025-07-08 23:22:18.499991,2025-07-09 00:29:10.720448,2025-07-13,0.0
790,P,2,2025-07-09 00:14:48.223413,2025-07-09 01:21:40.443870,2025-07-13,0.0
584,P,1,2025-07-09 00:29:10.720448,2025-07-09 03:39:13.873326,2025-07-28,0.0
608,P,2,2025-07-09 01:21:40.443870,2025-07-09 02:28:32.664327,2025-07-30,0.0
644,P,2,2025-07-09 02:28:32.664327,2025-07-09 03:38:56.054282,2025-08-05,0.0
646,P,2,2025-07-09 03:38:56.054282,2025-07-09 04:14:07.749259,2025-08-05,0.0
836,A,1,2025-07-17 12:00:00.000000,2025-07-17 18:43:10.224157,2025-08-28,0.0
953,A,2,2025-07-17 12:00:00.000000,2025-07-17 18:32:33.639311,2025-08-28,0.0
967,A,2,2025-07-17 18:32:33.639311,2025-07-18 01:05:07.278622,2025-08-28,0.0
973,A,1,2025-07-17 18:43:10.224157,2025-07-18 01:15:43.863468,2025-08-28,0.0
977,A,2,2025-07-18 01:05:07.278622,2025-07-18 07:37:40.917933,2025-08-28,0.0
978,A,1,2025-07-18 01:15:43.863468,2025-07-18 05:37:26.289675,2025-08-28,0.0
793,H,1,2025-07-18 17:37:26.289675,2025-07-18 20:22:12.433850,2025-08-19,0.0
815,A,2,2025-07-21 00:00:00.000000,2025-07-21 02:53:17.552488,2025-09-01,0.0
636,F,1,2025-07-19 08:22:12.433850,2025-07-19 12:44:42.123960,2025-08-07,0.0
877,F,1,2025-07-19 12:44:42.123960,2025-07-20 00:28:20.043283,2025-08-08,0.0
276,N,1,2025-07-20 12:28:20.043283,2025-07-21 02:07:03.270286,2025-04-22,90.09
414,N,1,2025-07-21 02:07:03.270286,2025-07-21 15:45:46.497289,2025-04-22,90.66
903,A,2,2025-07-21 02:53:17.552488,2025-07-21 05:46:35.104976,2025-09-01,0.0
904,A,2,2025-07-21 05:46:35.104976,2025-07-21 08:39:52.657464,2025-09-01,0.0
816,P,2,2025-07-21 20:39:52.657464,2025-07-22 02:59:58.963220,2025-09-01,0.0
165,N,1,2025-07-21 15:45:46.497289,2025-07-21 17:07:38.819989,2025-04-24,88.71
166,N,1,2025-07-21 17:07:38.819989,2025-07-21 18:29:31.142689,2025-04-24,88.77
167,N,1,2025-07-21 18:29:31.142689,2025-07-21 19:51:23.465389,2025-04-24,88.83
168,N,1,2025-07-21 19:51:23.465389,2025-07-21 21:13:15.788089,2025-04-24,88.88
169,N,1,2025-07-21 21:13:15.788089,2025-07-21 22:35:08.110789,2025-04-24,88.94
170,N,1,2025-07-21 22:35:08.110789,2025-07-21 23:57:00.433489,2025-04-24,89.0
596,N,1,2025-07-21 23:57:00.433489,2025-07-23 01:39:38.934895,2025-04-24,90.07
817,P,2,2025-07-22 02:59:58.963220,2025-07-22 09:20:05.268976,2025-09-01,0.0
839,P,2,2025-07-22 09:20:05.268976,2025-07-22 15:40:11.574732,2025-09-01,0.0
840,P,2,2025-07-22 15:40:11.574732,2025-07-22 18:50:14.727610,2025-09-01,0.0
785,P,2,2025-07-24 00:00:00.000000,2025-07-24 06:20:06.305756,2025-09-04,0.0
189,N,1,2025-07-23 01:39:38.934895,2025-07-23 03:01:31.257595,2025-04-30,84.13
190,N,1,2025-07-23 03:01:31.257595,2025-07-23 04:23:23.580295,2025-04-30,84.18
191,N,1,2025-07-23 04:23:23.580295,2025-07-23 05:45:15.902995,2025-04-30,84.24
192,N,1,2025-07-23 05:45:15.902995,2025-07-23 07:07:08.225695,2025-04-30,84.3
193,N,1,2025-07-23 07:07:08.225695,2025-07-23 08:29:00.548395,2025-04-30,84.35
194,N,1,2025-07-23 08:29:00.548395,2025-07-23 09:50:52.871095,2025-04-30,84.41
195,N,1,2025-07-23 09:50:52.871095,2025-07-23 11:12:45.193795,2025-04-30,84.47
196,N,1,2025-07-23 11:12:45.193795,2025-07-23 12:34:37.516495,2025-04-30,84.52
442,N,1,2025-07-23 12:34:37.516495,2025-07-23 14:09:25.469095,2025-05-01,83.59
265,N,1,2025-07-23 14:09:25.469095,2025-07-24 02:04:43.656898,2025-05-07,78.09
330,N,1,2025-07-24 02:04:43.656898,2025-07-24 19:10:16.962302,2025-05-20,65.8
800,P,2,2025-07-24 06:20:06.305756,2025-07-24 12:40:12.611512,2025-09-04,0.0
801,P,2,2025-07-24 12:40:12.611512,2025-07-24 19:00:18.917268,2025-09-04,0.0
802,P,2,2025-07-24 19:00:18.917268,2025-07-24 22:10:22.070146,2025-09-04,0.0
418,N,1,2025-07-24 19:10:16.962302,2025-07-25 12:15:50.267706,2025-05-20,66.51
883,P,2,2025-07-24 22:10:22.070146,2025-07-25 09:36:40.122205,2025-09-04,0.0
884,P,2,2025-07-25 09:36:40.122205,2025-07-25 21:02:58.174264,2025-09-04,0.0
475,N,1,2025-07-25 12:15:50.267706,2025-07-26 05:21:23.573110,2025-05-20,67.22
906,P,2,2025-07-25 21:02:58.174264,2025-07-26 08:29:16.226323,2025-09-04,0.0
302,N,1,2025-07-26 05:21:23.573110,2025-07-26 06:43:15.895810,2025-05-23,64.28
303,N,1,2025-07-26 06:43:15.895810,2025-07-26 08:05:08.218510,2025-05-23,64.34
304,N,1,2025-07-26 08:05:08.218510,2025-07-26 09:27:00.541210,2025-05-23,64.39
784,A,2,2025-07-26 20:29:16.226323,2025-07-27 03:23:03.035326,2025-09-04,0.0
305,N,1,2025-07-26 09:27:00.541210,2025-07-26 10:48:52.863910,2025-05-23,64.45
640,N,1,2025-07-26 10:48:52.863910,2025-07-26 15:37:35.265011,2025-05-23,64.65
647,N,1,2025-07-26 15:37:35.265011,2025-07-26 20:26:17.666112,2025-05-23,64.85
691,N,1,2025-07-26 20:26:17.666112,2025-07-27 01:15:00.067213,2025-05-23,65.05
307,N,1,2025-07-27 01:15:00.067213,2025-07-27 02:54:06.563113,2025-05-27,61.12
767,N,1,2025-07-27 02:54:06.563113,2025-07-27 07:42:48.964214,2025-06-10,47.32
818,A,2,2025-07-27 03:23:03.035326,2025-07-27 10:16:49.844329,2025-09-04,0.0
668,N,1,2025-07-27 07:42:48.964214,2025-07-28 12:52:17.544021,2025-06-20,38.54
895,A,2,2025-07-27 10:16:49.844329,2025-07-28 09:19:38.069288,2025-09-04,0.0
933,A,2,2025-07-28 09:19:38.069288,2025-07-29 08:22:26.294247,2025-09-04,0.0
504,N,1,2025-07-28 12:52:17.544021,2025-07-28 23:08:29.235924,2025-06-25,33.96
557,N,1,2025-07-28 23:08:29.235924,2025-07-29 16:14:02.541328,2025-06-25,34.68
935,A,2,2025-07-29 08:22:26.294247,2025-07-30 07:25:14.519206,2025-09-04,0.0
583,N,1,2025-07-29 16:14:02.541328,2025-07-30 09:19:35.846732,2025-06-25,35.39
936,A,2,2025-07-30 07:25:14.519206,2025-07-31 06:28:02.744165,2025-09-04,0.0
768,N,1,2025-07-30 09:19:35.846732,2025-07-30 14:08:18.247833,2025-07-04,26.59
714,N,1,2025-07-30 14:08:18.247833,2025-07-31 15:50:56.749239,2025-07-11,20.66
968,A,2,2025-07-31 06:28:02.744165,2025-08-01 05:30:50.969124,2025-09-04,0.0
645,N,1,2025-07-31 15:50:56.749239,2025-08-01 05:29:39.976242,2025-07-17,15.23
725,N,1,2025-08-01 05:29:39.976242,2025-08-01 19:08:23.203245,2025-07-17,15.8
980,A,2,2025-08-01 05:30:50.969124,2025-08-02 04:33:39.194083,2025-09-04,0.0
749,N,1,2025-08-01 19:08:23.203245,2025-08-02 08:47:06.430248,2025-07-17,16.37
981,A,2,2025-08-02 04:33:39.194083,2025-08-03 03:36:27.419042,2025-09-04,0.0
890,N,1,2025-08-02 08:47:06.430248,2025-08-02 12:01:00.878749,2025-07-25,8.5
900,N,1,2025-08-02 12:01:00.878749,2025-08-02 16:49:43.279850,2025-07-25,8.7
846,N,1,2025-08-02 16:49:43.279850,2025-08-03 18:32:21.781256,2025-08-13,0.0
982,A,2,2025-08-03 03:36:27.419042,2025-08-04 02:39:15.644001,2025-09-04,0.0
856,N,1,2025-08-03 18:32:21.781256,2025-08-03 23:33:59.812257,2025-08-20,0.0
952,N,1,2025-08-03 23:33:59.812257,2025-08-04 04:35:37.843258,2025-08-20,0.0
814,A,2,2025-08-04 02:39:15.644001,2025-08-04 03:46:27.348027,2025-09-12,0.0
924,A,2,2025-08-04 03:46:27.348027,2025-08-04 12:29:52.200441,2025-09-15,0.0
987,N,1,2025-08-04 04:35:37.843258,2025-08-04 09:37:15.874259,2025-08-20,0.0
938,N,1,2025-08-04 09:37:15.874259,2025-08-04 14:25:58.275360,2025-08-21,0.0
905,H,2,2025-08-05 00:29:52.200441,2025-08-05 01:37:55.607818,2025-09-02,0.0
745,N,1,2025-08-04 14:25:58.275360,2025-08-05 05:52:25.084864,2025-08-22,0.0
915,H,2,2025-08-05 01:37:55.607818,2025-08-05 02:45:59.015195,2025-09-02,0.0
923,H,2,2025-08-05 02:45:59.015195,2025-08-05 03:57:37.338749,2025-09-02,0.0
918,H,2,2025-08-05 03:57:37.338749,2025-08-05 12:19:05.603629,2025-09-03,0.0
736,N,1,2025-08-05 05:52:25.084864,2025-08-05 07:14:17.407564,2025-08-26,0.0
737,N,1,2025-08-05 07:14:17.407564,2025-08-05 08:36:09.730264,2025-08-26,0.0
738,N,1,2025-08-05 08:36:09.730264,2025-08-05 09:58:02.052964,2025-08-26,0.0
739,N,1,2025-08-05 09:58:02.052964,2025-08-05 11:19:54.375664,2025-08-26,0.0
740,N,1,2025-08-05 11:19:54.375664,2025-08-05 12:41:46.698364,2025-08-26,0.0
859,F,2,2025-08-06 00:19:05.603629,2025-08-07 06:56:33.434401,2025-09-01,0.0
741,N,1,2025-08-05 12:41:46.698364,2025-08-05 14:03:39.021064,2025-08-26,0.0
778,N,1,2025-08-05 14:03:39.021064,2025-08-05 18:43:12.276196,2025-08-27,0.0
783,N,1,2025-08-05 18:43:12.276196,2025-08-05 23:23:58.957625,2025-08-27,0.0
858,N,1,2025-08-05 23:23:58.957625,2025-08-06 16:29:32.263029,2025-08-27,0.0
887,N,1,2025-08-06 16:29:32.263029,2025-08-07 09:35:05.568433,2025-08-27,0.0
878,F,2,2025-08-07 06:56:33.434401,2025-08-08 13:34:01.265173,2025-09-01,0.0
893,N,1,2025-08-07 09:35:05.568433,2025-08-08 02:40:38.873837,2025-08-27,0.0
926,N,1,2025-08-08 02:40:38.873837,2025-08-08 07:06:44.181156,2025-08-27,0.0
972,N,1,2025-08-08 07:06:44.181156,2025-08-08 10:20:38.629657,2025-08-27,0.0
979,N,1,2025-08-08 10:20:38.629657,2025-08-08 14:56:17.127473,2025-08-27,0.0
879,F,2,2025-08-08 13:34:01.265173,2025-08-09 20:11:29.095945,2025-09-01,0.0
747,N,1,2025-08-08 14:56:17.127473,2025-08-08 19:35:26.855165,2025-08-28,0.0
957,N,1,2025-08-08 19:35:26.855165,2025-08-10 00:44:55.434972,2025-09-03,0.0
880,F,2,2025-08-09 20:11:29.095945,2025-08-11 02:48:56.926717,2025-09-01,0.0
974,N,1,2025-08-10 00:44:55.434972,2025-08-10 02:19:43.387572,2025-09-05,0.0
975,N,1,2025-08-10 02:19:43.387572,2025-08-10 03:54:31.340172,2025-09-05,0.0
804,N,1,2025-08-10 03:54:31.340172,2025-08-10 05:16:23.662872,2025-09-09,0.0
805,N,1,2025-08-10 05:16:23.662872,2025-08-10 06:38:15.985572,2025-09-09,0.0
806,N,1,2025-08-10 06:38:15.985572,2025-08-10 08:00:08.308272,2025-09-09,0.0
807,N,1,2025-08-10 08:00:08.308272,2025-08-10 09:22:00.630972,2025-09-09,0.0
995,N,1,2025-08-10 09:22:00.630972,2025-08-10 12:35:55.079473,2025-09-09,0.0
941,N,1,2025-08-10 12:35:55.079473,2025-08-11 05:41:28.384877,2025-09-10,0.0
960,F,2,2025-08-11 02:48:56.926717,2025-08-12 09:26:24.757489,2025-09-01,0.0
825,N,1,2025-08-11 05:41:28.384877,2025-08-11 07:03:20.707577,2025-09-15,0.0
826,N,1,2025-08-11 07:03:20.707577,2025-08-11 08:25:13.030277,2025-09-15,0.0
827,N,1,2025-08-11 08:25:13.030277,2025-08-11 09:47:05.352977,2025-09-15,0.0
989,N,1,2025-08-11 09:47:05.352977,2025-08-12 02:52:38.658381,2025-09-22,0.0
1001,N,1,2025-08-12 02:52:38.658381,2025-08-12 19:58:11.963785,2025-09-22,0.0
962,F,2,2025-08-12 09:26:24.757489,2025-08-13 16:03:52.588261,2025-09-01,0.0
869,N,1,2025-08-15 00:00:00.000000,2025-08-15 01:21:52.322700,2025-09-26,0.0
881,F,2,2025-08-13 16:03:52.588261,2025-08-14 22:41:20.419033,2025-09-03,0.0
961,F,2,2025-08-14 22:41:20.419033,2025-08-16 05:18:48.249805,2025-09-03,0.0
870,N,1,2025-08-15 01:21:52.322700,2025-08-15 02:43:44.645400,2025-09-26,0.0
871,N,1,2025-08-15 02:43:44.645400,2025-08-15 04:05:36.968100,2025-09-26,0.0
994,A,1,2025-08-21 12:00:00.000000,2025-08-21 13:24:52.678770,2025-10-02,0.0
860,F,2,2025-08-16 05:18:48.249805,2025-08-16 12:43:35.224714,2025-09-05,0.0
553,C,2,2025-08-17 00:43:35.224714,2025-08-17 01:50:08.347669,2025-05-19,90.08
554,C,2,2025-08-17 01:50:08.347669,2025-08-17 02:56:41.470624,2025-05-19,90.12
555,C,2,2025-08-17 02:56:41.470624,2025-08-17 04:03:14.593579,2025-05-19,90.17
589,C,2,2025-08-17 04:03:14.593579,2025-08-17 05:09:47.716534,2025-05-19,90.22
872,C,2,2025-08-17 05:09:47.716534,2025-08-17 06:16:20.839489,2025-05-19,90.26
873,C,2,2025-08-17 06:16:20.839489,2025-08-17 07:22:53.962444,2025-05-19,90.31
874,C,2,2025-08-17 07:22:53.962444,2025-08-17 08:29:27.085399,2025-05-19,90.35
724,C,2,2025-08-17 08:29:27.085399,2025-08-17 09:36:00.208354,2025-07-08,40.4
850,C,2,2025-08-17 09:36:00.208354,2025-08-17 10:42:33.331309,2025-07-08,40.45
851,C,2,2025-08-17 10:42:33.331309,2025-08-17 11:49:06.454264,2025-07-08,40.49
849,C,2,2025-08-17 11:49:06.454264,2025-08-17 17:28:52.397771,2025-08-11,6.73
868,C,2,2025-08-17 17:28:52.397771,2025-08-17 18:35:25.520726,2025-09-04,0.0
885,C,2,2025-08-17 18:35:25.520726,2025-08-17 19:41:58.643681,2025-09-04,0.0
937,C,2,2025-08-17 19:41:58.643681,2025-08-17 20:48:31.766636,2025-09-04,0.0
950,C,2,2025-08-17 20:48:31.766636,2025-08-17 21:55:04.889591,2025-09-04,0.0
969,C,2,2025-08-17 21:55:04.889591,2025-08-17 23:01:38.012546,2025-09-04,0.0
970,C,2,2025-08-17 23:01:38.012546,2025-08-18 00:08:11.135501,2025-09-04,0.0
971,C,2,2025-08-18 00:08:11.135501,2025-08-18 01:14:44.258456,2025-09-04,0.0
976,C,2,2025-08-18 01:14:44.258456,2025-08-18 09:53:08.584631,2025-09-16,0.0
958,C,2,2025-08-20 00:00:00.000000,2025-08-20 01:27:34.109151,2025-10-01,0.0
919,C,2,2025-08-22 00:00:00.000000,2025-08-22 01:03:02.958589,2025-10-03,0.0
991,H,1,2025-08-22 01:24:52.678770,2025-08-22 02:40:05.918502,2025-09-22,0.0
944,C,2,2025-08-22 01:03:02.958589,2025-08-22 02:06:05.917178,2025-10-03,0.0
934,A,2,2025-08-26 12:00:00.000000,2025-08-26 13:24:52.678770,2025-10-07,0.0
984,F,1,2025-08-25 12:00:00.000000,2025-08-26 18:19:14.102292,2025-10-06,0.0
945,P,2,2025-09-04 12:00:00.000000,2025-09-04 13:06:52.220457,2025-10-16,0.0
996,F,1,2025-08-26 18:19:14.102292,2025-08-28 00:38:28.204584,2025-10-06,0.0
983,F,1,2025-08-28 00:38:28.204584,2025-08-29 06:57:42.306876,2025-10-07,0.0
986,F,1,2025-08-29 06:57:42.306876,2025-08-30 12:44:07.697904,2025-10-07,0.0
997,F,1,2025-08-30 12:44:07.697904,2025-08-31 19:03:21.800196,2025-10-07,0.0
999,F,1,2025-08-31 19:03:21.800196,2025-09-02 00:49:47.191224,2025-10-07,0.0
965,F,1,2025-09-02 00:49:47.191224,2025-09-03 06:36:12.582252,2025-10-08,0.0
946,F,1,2025-09-03 06:36:12.582252,2025-09-04 12:55:26.684544,2025-10-09,0.0
951,F,1,2025-09-04 12:55:26.684544,2025-09-05 19:14:40.786836,2025-10-09,0.0
947,P,2,2025-09-04 13:06:52.220457,2025-09-04 14:12:43.412929,2025-10-16,0.0
720,E,2,2025-09-04 14:12:43.412929,2025-09-04 15:34:43.330568,2025-08-18,17.65
721,E,2,2025-09-04 15:34:43.330568,2025-09-04 16:56:43.248207,2025-08-18,17.71
722,E,2,2025-09-04 16:56:43.248207,2025-09-04 18:18:43.165846,2025-08-18,17.76
723,E,2,2025-09-04 18:18:43.165846,2025-09-04 19:40:43.083485,2025-08-18,17.82
795,E,2,2025-09-04 19:40:43.083485,2025-09-04 20:58:24.058090,2025-09-02,2.87
963,E,2,2025-09-04 20:58:24.058090,2025-09-04 22:16:05.032695,2025-09-04,0.93
882,E,2,2025-09-04 22:16:05.032695,2025-09-04 23:33:46.007300,2025-09-05,0.0
894,E,2,2025-09-04 23:33:46.007300,2025-09-05 00:51:26.981905,2025-09-05,0.04
942,E,2,2025-09-05 00:51:26.981905,2025-09-05 02:09:07.956510,2025-09-22,0.0
943,E,2,2025-09-05 02:09:07.956510,2025-09-05 03:26:48.931115,2025-09-22,0.0
954,E,2,2025-09-05 03:26:48.931115,2025-09-05 04:48:48.848754,2025-09-22,0.0
916,E,2,2025-09-05 04:48:48.848754,2025-09-05 06:06:29.823359,2025-10-08,0.0
922,E,2,2025-09-05 06:06:29.823359,2025-09-05 07:24:10.797964,2025-10-16,0.0
940,E,2,2025-09-05 07:24:10.797964,2025-09-05 08:41:51.772569,2025-10-16,0.0
966,E,2,2025-09-05 08:41:51.772569,2025-09-05 09:59:32.747174,2025-10-16,0.0
988,E,2,2025-09-05 09:59:32.747174,2025-09-05 11:17:13.721779,2025-10-16,0.0
1002,E,2,2025-09-05 11:17:13.721779,2025-09-05 12:34:54.696384,2025-10-16,0.0
282,V,2,2025-09-05 12:34:54.696384,2025-09-05 14:05:24.105684,2025-04-08,150.59
241,V,2,2025-09-05 14:05:24.105684,2025-09-05 17:40:51.270685,2025-04-09,149.74
267,V,2,2025-09-05 17:40:51.270685,2025-09-06 11:38:07.095689,2025-04-09,150.48
964,F,1,2025-09-05 19:14:40.786836,2025-09-07 01:33:54.889128,2025-10-09,0.0
417,V,2,2025-09-06 11:38:07.095689,2025-09-06 13:08:36.504989,2025-05-08,121.55
650,V,2,2025-09-06 13:08:36.504989,2025-09-07 21:27:40.989997,2025-07-07,62.89
985,F,1,2025-09-07 01:33:54.889128,2025-09-08 07:20:20.280156,2025-10-09,0.0
701,V,2,2025-09-07 21:27:40.989997,2025-09-09 12:57:39.805007,2025-07-23,48.54
998,F,1,2025-09-08 07:20:20.280156,2025-09-09 13:39:34.382448,2025-10-09,0.0
1000,V,2,2025-09-09 12:57:39.805007,2025-09-11 00:52:11.455016,2025-10-21,0.0
517,M,1,2025-09-10 01:39:34.382448,2025-09-10 02:52:49.618548,2025-06-03,99.12
518,M,1,2025-09-10 02:52:49.618548,2025-09-10 05:27:57.177349,2025-07-09,63.23
621,M,1,2025-09-10 05:27:57.177349,2025-09-10 10:51:07.924850,2025-07-17,55.45
648,M,1,2025-09-10 10:51:07.924850,2025-09-10 12:00:04.617650,2025-07-22,50.5
649,M,1,2025-09-10 12:00:04.617650,2025-09-10 13:44:07.404172,2025-08-05,36.57
927,N,1,2025-09-10 13:44:07.404172,2025-09-10 15:05:59.726872,2025-10-17,0.0
928,N,1,2025-09-10 15:05:59.726872,2025-09-10 16:27:52.049572,2025-10-17,0.0
929,N,1,2025-09-10 16:27:52.049572,2025-09-10 17:49:44.372272,2025-10-17,0.0
930,N,1,2025-09-10 17:49:44.372272,2025-09-10 19:11:36.694972,2025-10-17,0.0
993,N,1,2025-09-10 19:11:36.694972,2025-09-11 20:54:15.196378,2025-10-17,0.0
992,V,2,2025-09-17 00:00:00.000000,2025-09-17 03:48:22.794901,2025-10-29,0.0
