OrderID,Family,Start,End,Due_Date,Delay_Days
53,H,2025-01-07 00:00:00.000000,2025-01-07 05:54:36.701594,2025-02-18,0.0
119,H,2025-01-07 05:54:36.701594,2025-01-07 11:49:13.403188,2025-02-18,0.0
161,H,2025-01-08 00:00:00.000000,2025-01-08 05:54:36.701594,2025-02-19,0.0
235,H,2025-01-08 05:54:36.701594,2025-01-08 11:49:13.403188,2025-02-19,0.0
236,H,2025-01-08 11:49:13.403188,2025-01-08 17:43:50.104782,2025-02-19,0.0
250,H,2025-01-08 17:43:50.104782,2025-01-08 23:38:26.806376,2025-02-19,0.0
251,H,2025-01-08 23:38:26.806376,2025-01-09 05:33:03.507970,2025-02-19,0.0
252,H,2025-01-09 05:33:03.507970,2025-01-09 11:27:40.209564,2025-02-19,0.0
104,H,2025-01-12 00:00:00.000000,2025-01-12 01:08:03.407377,2025-02-23,0.0
122,H,2025-01-12 01:08:03.407377,2025-01-12 02:16:06.814754,2025-02-23,0.0
207,H,2025-01-12 02:16:06.814754,2025-01-12 03:24:10.222131,2025-02-23,0.0
217,H,2025-01-12 03:24:10.222131,2025-01-12 04:32:13.629508,2025-02-23,0.0
244,H,2025-01-12 04:32:13.629508,2025-01-12 05:40:17.036885,2025-02-23,0.0
322,H,2025-01-12 05:40:17.036885,2025-01-12 06:48:20.444262,2025-02-23,0.0
280,F,2025-01-16 12:00:00.000000,2025-01-17 08:24:58.553848,2025-02-27,0.0
171,E,2025-01-17 20:24:58.553848,2025-01-17 21:42:39.528453,2025-02-19,0.0
184,E,2025-01-17 21:42:39.528453,2025-01-17 23:00:20.503058,2025-02-19,0.0
237,E,2025-01-17 23:00:20.503058,2025-01-18 00:18:01.477663,2025-02-19,0.0
259,E,2025-01-18 00:18:01.477663,2025-01-18 01:35:42.452268,2025-02-19,0.0
344,E,2025-01-18 01:35:42.452268,2025-01-18 02:53:23.426873,2025-02-19,0.0
10,E,2025-01-18 02:53:23.426873,2025-01-18 04:15:23.344512,2025-02-23,0.0
11,E,2025-01-18 04:15:23.344512,2025-01-18 05:37:23.262151,2025-02-23,0.0
12,E,2025-01-18 05:37:23.262151,2025-01-18 06:59:23.179790,2025-02-23,0.0
108,E,2025-01-18 06:59:23.179790,2025-01-18 08:21:23.097429,2025-02-23,0.0
114,E,2025-01-18 08:21:23.097429,2025-01-18 09:43:23.015068,2025-02-23,0.0
125,E,2025-01-18 09:43:23.015068,2025-01-18 11:05:22.932707,2025-02-23,0.0
128,E,2025-01-18 11:05:22.932707,2025-01-18 12:27:22.850346,2025-02-23,0.0
172,E,2025-01-18 12:27:22.850346,2025-01-18 13:49:22.767985,2025-02-23,0.0
173,E,2025-01-18 13:49:22.767985,2025-01-18 15:11:22.685624,2025-02-23,0.0
174,E,2025-01-18 15:11:22.685624,2025-01-18 16:33:22.603263,2025-02-23,0.0
245,E,2025-01-18 16:33:22.603263,2025-01-18 17:55:22.520902,2025-02-23,0.0
353,E,2025-01-18 17:55:22.520902,2025-01-18 19:17:22.438541,2025-02-23,0.0
360,E,2025-01-18 19:17:22.438541,2025-01-18 20:39:22.356180,2025-02-23,0.0
13,A,2025-01-19 08:39:22.356180,2025-01-19 10:50:13.569284,2025-02-24,0.0
29,P,2025-01-19 22:50:13.569284,2025-01-20 00:11:10.467732,2025-02-21,0.0
111,P,2025-01-20 00:11:10.467732,2025-01-20 01:18:02.688189,2025-02-23,0.0
112,P,2025-01-20 01:18:02.688189,2025-01-20 02:24:54.908646,2025-02-23,0.0
113,P,2025-01-20 02:24:54.908646,2025-01-20 03:31:47.129103,2025-02-23,0.0
123,P,2025-01-20 03:31:47.129103,2025-01-20 04:38:39.349560,2025-02-23,0.0
151,P,2025-01-20 04:38:39.349560,2025-01-20 05:45:31.570017,2025-02-23,0.0
208,P,2025-01-20 05:45:31.570017,2025-01-20 06:52:23.790474,2025-02-23,0.0
209,P,2025-01-20 06:52:23.790474,2025-01-20 07:59:16.010931,2025-02-23,0.0
210,P,2025-01-20 07:59:16.010931,2025-01-20 09:06:08.231388,2025-02-23,0.0
218,P,2025-01-20 09:06:08.231388,2025-01-20 10:13:00.451845,2025-02-23,0.0
219,P,2025-01-20 10:13:00.451845,2025-01-20 11:19:52.672302,2025-02-23,0.0
14,A,2025-01-20 23:19:52.672302,2025-01-21 05:52:26.311613,2025-02-24,0.0
16,P,2025-01-21 17:52:26.311613,2025-01-22 00:12:32.617369,2025-02-28,0.0
17,P,2025-01-22 00:12:32.617369,2025-01-22 06:32:38.923125,2025-02-28,0.0
18,P,2025-01-22 06:32:38.923125,2025-01-22 12:52:45.228881,2025-02-28,0.0
19,A,2025-01-23 00:52:45.228881,2025-01-23 04:03:43.756113,2025-02-28,0.0
20,A,2025-01-23 04:03:43.756113,2025-01-23 07:14:42.283345,2025-02-28,0.0
21,A,2025-01-23 07:14:42.283345,2025-01-23 10:25:40.810577,2025-02-28,0.0
31,P,2025-01-23 22:25:40.810577,2025-01-24 04:45:47.116333,2025-02-28,0.0
32,P,2025-01-24 04:45:47.116333,2025-01-24 11:05:53.422089,2025-02-28,0.0
33,P,2025-01-24 11:05:53.422089,2025-01-24 17:25:59.727845,2025-02-28,0.0
34,A,2025-01-25 05:25:59.727845,2025-01-25 08:36:58.255077,2025-02-28,0.0
35,A,2025-01-25 08:36:58.255077,2025-01-25 11:47:56.782309,2025-02-28,0.0
36,A,2025-01-25 11:47:56.782309,2025-01-25 14:58:55.309541,2025-02-28,0.0
54,P,2025-01-26 02:58:55.309541,2025-01-26 09:19:01.615297,2025-02-28,0.0
55,P,2025-01-26 09:19:01.615297,2025-01-26 15:39:07.921053,2025-02-28,0.0
56,A,2025-01-27 03:39:07.921053,2025-01-27 06:50:06.448285,2025-02-28,0.0
57,A,2025-01-27 06:50:06.448285,2025-01-27 10:01:04.975517,2025-02-28,0.0
58,A,2025-01-27 10:01:04.975517,2025-01-27 13:12:03.502749,2025-02-28,0.0
78,P,2025-01-28 01:12:03.502749,2025-01-28 07:32:09.808505,2025-02-28,0.0
79,P,2025-01-28 07:32:09.808505,2025-01-28 13:52:16.114261,2025-02-28,0.0
80,P,2025-01-28 13:52:16.114261,2025-01-28 20:12:22.420017,2025-02-28,0.0
81,P,2025-01-28 20:12:22.420017,2025-01-29 02:32:28.725773,2025-02-28,0.0
85,A,2025-01-29 14:32:28.725773,2025-01-29 20:54:25.780237,2025-02-28,0.0
90,P,2025-01-30 08:54:25.780237,2025-01-30 18:28:06.408368,2025-02-28,0.0
91,A,2025-01-31 06:28:06.408368,2025-01-31 12:50:03.462832,2025-02-28,0.0
132,P,2025-02-01 00:50:03.462832,2025-02-01 10:23:44.090963,2025-02-28,0.0
133,A,2025-02-01 22:23:44.090963,2025-02-02 01:34:42.618195,2025-02-28,0.0
134,A,2025-02-02 01:34:42.618195,2025-02-02 04:45:41.145427,2025-02-28,0.0
135,A,2025-02-02 04:45:41.145427,2025-02-02 07:56:39.672659,2025-02-28,0.0
144,P,2025-02-02 19:56:39.672659,2025-02-03 05:30:20.300790,2025-02-28,0.0
145,A,2025-02-03 17:30:20.300790,2025-02-03 20:41:18.828022,2025-02-28,0.0
146,A,2025-02-03 20:41:18.828022,2025-02-03 23:52:17.355254,2025-02-28,0.0
152,A,2025-02-03 23:52:17.355254,2025-02-04 03:03:15.882486,2025-02-28,0.0
156,P,2025-02-04 15:03:15.882486,2025-02-05 00:36:56.510617,2025-02-28,0.0
162,P,2025-02-05 00:36:56.510617,2025-02-05 01:43:48.731074,2025-02-28,0.0
163,P,2025-02-05 01:43:48.731074,2025-02-05 02:50:40.951531,2025-02-28,0.0
178,A,2025-02-05 14:50:40.951531,2025-02-05 18:01:39.478763,2025-02-28,0.0
179,A,2025-02-05 18:01:39.478763,2025-02-05 21:12:38.005995,2025-02-28,0.0
180,A,2025-02-05 21:12:38.005995,2025-02-06 00:23:36.533227,2025-02-28,0.0
309,H,2025-02-06 12:23:36.533227,2025-02-06 18:18:13.234821,2025-03-03,0.0
409,H,2025-02-06 18:18:13.234821,2025-02-07 00:12:49.936415,2025-03-03,0.0
281,H,2025-02-07 00:12:49.936415,2025-02-07 06:07:26.638009,2025-03-12,0.0
212,H,2025-02-07 06:07:26.638009,2025-02-07 07:29:49.710096,2025-03-16,0.0
120,F,2025-02-07 19:29:49.710096,2025-02-09 02:07:17.540868,2025-03-20,0.0
1,N,2025-02-09 14:07:17.540868,2025-02-09 15:29:09.863568,2025-02-20,0.0
2,N,2025-02-09 15:29:09.863568,2025-02-09 16:51:02.186268,2025-02-20,0.0
3,N,2025-02-09 16:51:02.186268,2025-02-09 18:12:54.508968,2025-02-20,0.0
4,N,2025-02-09 18:12:54.508968,2025-02-09 19:34:46.831668,2025-02-20,0.0
5,N,2025-02-09 19:34:46.831668,2025-02-09 20:56:39.154368,2025-02-20,0.0
6,N,2025-02-09 20:56:39.154368,2025-02-09 22:18:31.477068,2025-02-20,0.0
22,N,2025-02-09 22:18:31.477068,2025-02-10 03:20:09.508069,2025-03-04,0.0
38,N,2025-02-10 03:20:09.508069,2025-02-10 08:21:47.539070,2025-03-04,0.0
59,N,2025-02-10 08:21:47.539070,2025-02-10 13:23:25.570071,2025-03-04,0.0
137,N,2025-02-10 13:23:25.570071,2025-02-10 18:25:03.601072,2025-03-04,0.0
15,A,2025-02-11 06:25:03.601072,2025-02-11 08:39:27.009124,2025-03-05,0.0
24,A,2025-02-11 08:39:27.009124,2025-02-11 10:53:50.417176,2025-03-05,0.0
26,A,2025-02-11 10:53:50.417176,2025-02-11 13:08:13.825228,2025-03-05,0.0
37,A,2025-02-11 13:08:13.825228,2025-02-11 15:22:37.233280,2025-03-05,0.0
40,A,2025-02-11 15:22:37.233280,2025-02-11 17:37:00.641332,2025-03-05,0.0
42,A,2025-02-11 17:37:00.641332,2025-02-11 18:44:12.345358,2025-03-05,0.0
70,A,2025-02-11 18:44:12.345358,2025-02-11 20:58:35.753410,2025-03-05,0.0
72,A,2025-02-11 20:58:35.753410,2025-02-11 23:12:59.161462,2025-03-05,0.0
73,A,2025-02-11 23:12:59.161462,2025-02-12 01:27:22.569514,2025-03-05,0.0
228,P,2025-02-12 13:27:22.569514,2025-02-12 14:34:14.789971,2025-03-06,0.0
229,P,2025-02-12 14:34:14.789971,2025-02-12 15:41:07.010428,2025-03-06,0.0
23,A,2025-02-13 03:41:07.010428,2025-02-13 10:13:40.649739,2025-03-07,0.0
25,A,2025-02-13 10:13:40.649739,2025-02-13 16:46:14.289050,2025-03-07,0.0
27,A,2025-02-13 16:46:14.289050,2025-02-13 23:18:47.928361,2025-03-07,0.0
28,A,2025-02-13 23:18:47.928361,2025-02-14 05:51:21.567672,2025-03-07,0.0
30,A,2025-02-14 05:51:21.567672,2025-02-14 12:23:55.206983,2025-03-07,0.0
39,A,2025-02-14 12:23:55.206983,2025-02-14 18:56:28.846294,2025-03-07,0.0
41,A,2025-02-14 18:56:28.846294,2025-02-15 01:29:02.485605,2025-03-07,0.0
43,A,2025-02-15 01:29:02.485605,2025-02-15 08:01:36.124916,2025-03-07,0.0
71,A,2025-02-15 08:01:36.124916,2025-02-15 14:34:09.764227,2025-03-07,0.0
124,A,2025-02-15 14:34:09.764227,2025-02-15 21:06:43.403538,2025-03-07,0.0
127,A,2025-02-15 21:06:43.403538,2025-02-16 03:39:17.042849,2025-03-07,0.0
130,A,2025-02-16 03:39:17.042849,2025-02-16 10:11:50.682160,2025-03-07,0.0
131,A,2025-02-16 10:11:50.682160,2025-02-16 16:44:24.321471,2025-03-07,0.0
197,A,2025-02-16 16:44:24.321471,2025-02-17 11:07:49.145479,2025-03-07,0.0
260,A,2025-02-17 11:07:49.145479,2025-02-18 16:50:15.399646,2025-03-07,0.0
74,A,2025-02-18 16:50:15.399646,2025-02-18 23:22:49.038957,2025-03-10,0.0
92,A,2025-02-18 23:22:49.038957,2025-02-19 01:37:12.447009,2025-03-12,0.0
93,A,2025-02-19 01:37:12.447009,2025-02-19 03:51:35.855061,2025-03-12,0.0
105,A,2025-02-19 03:51:35.855061,2025-02-19 04:58:47.559087,2025-03-12,0.0
115,A,2025-02-19 04:58:47.559087,2025-02-19 07:13:10.967139,2025-03-12,0.0
126,A,2025-02-19 07:13:10.967139,2025-02-19 09:27:34.375191,2025-03-12,0.0
129,A,2025-02-19 09:27:34.375191,2025-02-19 11:41:57.783243,2025-03-12,0.0
136,A,2025-02-19 11:41:57.783243,2025-02-19 13:56:21.191295,2025-03-12,0.0
147,A,2025-02-19 13:56:21.191295,2025-02-19 16:10:44.599347,2025-03-12,0.0
153,A,2025-02-19 16:10:44.599347,2025-02-19 17:17:56.303373,2025-03-12,0.0
175,A,2025-02-19 17:17:56.303373,2025-02-19 19:32:19.711425,2025-03-12,0.0
177,A,2025-02-19 19:32:19.711425,2025-02-19 21:46:43.119477,2025-03-12,0.0
181,A,2025-02-19 21:46:43.119477,2025-02-20 00:01:06.527529,2025-03-12,0.0
200,A,2025-02-20 00:01:06.527529,2025-02-20 02:15:29.935581,2025-03-12,0.0
211,A,2025-02-20 02:15:29.935581,2025-02-20 04:29:53.343633,2025-03-12,0.0
221,A,2025-02-20 04:29:53.343633,2025-02-20 05:37:05.047659,2025-03-12,0.0
370,H,2025-02-20 17:37:05.047659,2025-02-20 20:18:16.275656,2025-03-20,0.0
121,F,2025-02-21 08:18:16.275656,2025-02-22 14:55:44.106428,2025-03-20,0.0
7,E,2025-02-23 02:55:44.106428,2025-02-23 04:13:25.081033,2025-02-25,0.0
8,E,2025-02-23 04:13:25.081033,2025-02-23 05:31:06.055638,2025-02-25,0.0
9,E,2025-02-23 05:31:06.055638,2025-02-23 06:48:47.030243,2025-02-25,0.0
270,E,2025-02-23 06:48:47.030243,2025-02-23 08:06:28.004848,2025-02-25,0.0
325,E,2025-02-23 08:06:28.004848,2025-02-23 09:24:08.979453,2025-02-25,0.0
338,E,2025-02-23 09:24:08.979453,2025-02-23 10:41:49.954058,2025-02-25,0.0
345,E,2025-02-23 10:41:49.954058,2025-02-23 11:59:30.928663,2025-02-25,0.0
366,E,2025-02-23 11:59:30.928663,2025-02-23 13:17:11.903268,2025-02-25,0.0
380,E,2025-02-23 13:17:11.903268,2025-02-23 14:34:52.877873,2025-02-25,0.0
390,E,2025-02-23 14:34:52.877873,2025-02-23 15:52:33.852478,2025-02-25,0.0
428,E,2025-02-23 15:52:33.852478,2025-02-23 17:10:14.827083,2025-02-25,0.0
447,E,2025-02-23 17:10:14.827083,2025-02-23 18:27:55.801688,2025-02-25,0.0
464,E,2025-02-23 18:27:55.801688,2025-02-23 19:45:36.776293,2025-02-25,0.0
476,E,2025-02-23 19:45:36.776293,2025-02-23 21:03:17.750898,2025-02-25,0.0
486,E,2025-02-23 21:03:17.750898,2025-02-23 22:20:58.725503,2025-02-25,0.0
220,E,2025-02-23 22:20:58.725503,2025-02-23 23:38:39.700108,2025-02-28,0.0
227,E,2025-02-23 23:38:39.700108,2025-02-24 00:56:20.674713,2025-02-28,0.0
261,E,2025-02-24 00:56:20.674713,2025-02-24 02:14:01.649318,2025-02-28,0.0
271,E,2025-02-24 02:14:01.649318,2025-02-24 03:31:42.623923,2025-02-28,0.0
346,E,2025-02-24 03:31:42.623923,2025-02-24 04:53:42.541562,2025-02-28,0.0
347,E,2025-02-24 04:53:42.541562,2025-02-24 06:15:42.459201,2025-02-28,0.0
68,E,2025-02-24 06:15:42.459201,2025-02-24 13:05:42.047396,2025-03-03,0.0
75,A,2025-02-25 01:05:42.047396,2025-02-25 07:38:15.686707,2025-03-21,0.0
76,A,2025-02-25 07:38:15.686707,2025-02-25 09:49:06.899811,2025-03-21,0.0
86,A,2025-02-25 09:49:06.899811,2025-02-25 16:21:40.539122,2025-03-21,0.0
87,A,2025-02-25 16:21:40.539122,2025-02-25 22:54:14.178433,2025-03-21,0.0
106,A,2025-02-25 22:54:14.178433,2025-02-26 05:26:47.817744,2025-03-21,0.0
107,A,2025-02-26 05:26:47.817744,2025-02-26 11:59:21.457055,2025-03-21,0.0
109,A,2025-02-26 11:59:21.457055,2025-02-26 18:31:55.096366,2025-03-21,0.0
110,A,2025-02-26 18:31:55.096366,2025-02-27 01:04:28.735677,2025-03-21,0.0
117,A,2025-02-27 01:04:28.735677,2025-02-27 07:37:02.374988,2025-03-21,0.0
326,H,2025-02-27 19:37:02.374988,2025-02-27 22:18:13.602985,2025-03-21,0.0
710,F,2025-02-28 10:18:13.602985,2025-03-02 03:30:03.184857,2025-03-20,0.0
411,C,2025-03-02 15:30:03.184857,2025-03-02 21:13:19.292730,2025-03-05,0.0
205,C,2025-03-02 21:13:19.292730,2025-03-03 02:35:34.414406,2025-03-12,0.0
44,C,2025-03-03 02:35:34.414406,2025-03-03 03:38:37.372995,2025-03-24,0.0
292,C,2025-03-03 03:38:37.372995,2025-03-03 05:06:11.482146,2025-03-24,0.0
361,C,2025-03-03 05:06:11.482146,2025-03-03 06:33:45.591297,2025-03-24,0.0
45,A,2025-03-03 18:33:45.591297,2025-03-03 19:37:25.100374,2025-03-25,0.0
46,A,2025-03-03 19:37:25.100374,2025-03-03 20:41:04.609451,2025-03-25,0.0
47,A,2025-03-03 20:41:04.609451,2025-03-03 21:44:44.118528,2025-03-25,0.0
48,A,2025-03-03 21:44:44.118528,2025-03-03 22:48:23.627605,2025-03-25,0.0
49,A,2025-03-03 22:48:23.627605,2025-03-03 23:52:03.136682,2025-03-25,0.0
50,A,2025-03-03 23:52:03.136682,2025-03-04 00:55:42.645759,2025-03-25,0.0
51,A,2025-03-04 00:55:42.645759,2025-03-04 01:59:22.154836,2025-03-25,0.0
52,A,2025-03-04 01:59:22.154836,2025-03-04 03:03:01.663913,2025-03-25,0.0
362,P,2025-03-04 15:03:01.663913,2025-03-04 16:09:53.884370,2025-03-27,0.0
381,P,2025-03-04 16:09:53.884370,2025-03-04 17:16:46.104827,2025-03-27,0.0
399,P,2025-03-04 17:16:46.104827,2025-03-04 18:23:38.325284,2025-03-27,0.0
253,P,2025-03-04 18:23:38.325284,2025-03-04 19:30:30.545741,2025-03-28,0.0
262,P,2025-03-04 19:30:30.545741,2025-03-04 20:37:22.766198,2025-03-28,0.0
263,P,2025-03-04 20:37:22.766198,2025-03-04 21:44:14.986655,2025-03-28,0.0
272,P,2025-03-04 21:44:14.986655,2025-03-04 22:51:07.207112,2025-03-28,0.0
339,P,2025-03-04 22:51:07.207112,2025-03-04 23:57:59.427569,2025-03-28,0.0
82,P,2025-03-04 23:57:59.427569,2025-03-05 01:04:51.648026,2025-04-01,0.0
83,P,2025-03-05 01:04:51.648026,2025-03-05 02:11:43.868483,2025-04-01,0.0
84,P,2025-03-05 02:11:43.868483,2025-03-05 03:18:36.088940,2025-04-01,0.0
88,P,2025-03-05 03:18:36.088940,2025-03-05 04:25:28.309397,2025-04-01,0.0
89,P,2025-03-05 04:25:28.309397,2025-03-05 05:32:20.529854,2025-04-01,0.0
95,P,2025-03-05 05:32:20.529854,2025-03-05 06:39:12.750311,2025-04-01,0.0
283,A,2025-03-05 18:39:12.750311,2025-03-06 06:19:27.350162,2025-04-01,0.0
239,H,2025-03-06 18:19:27.350162,2025-03-06 19:27:30.757539,2025-03-31,0.0
308,F,2025-03-07 07:27:30.757539,2025-03-07 11:50:00.447649,2025-03-25,0.0
116,N,2025-03-07 23:50:00.447649,2025-03-09 01:32:38.949055,2025-03-06,3.06
222,N,2025-03-09 01:32:38.949055,2025-03-10 03:15:17.450461,2025-03-06,4.14
291,N,2025-03-10 03:15:17.450461,2025-03-11 08:24:46.030268,2025-03-06,5.35
141,N,2025-03-11 08:24:46.030268,2025-03-11 13:26:24.061269,2025-03-16,0.0
142,N,2025-03-11 13:26:24.061269,2025-03-11 18:28:02.092270,2025-03-16,0.0
143,N,2025-03-11 18:28:02.092270,2025-03-11 23:29:40.123271,2025-03-16,0.0
158,N,2025-03-11 23:29:40.123271,2025-03-12 04:31:18.154272,2025-03-16,0.0
432,N,2025-03-12 04:31:18.154272,2025-03-12 09:32:56.185273,2025-03-16,0.0
437,N,2025-03-12 09:32:56.185273,2025-03-12 14:34:34.216274,2025-03-16,0.0
458,N,2025-03-12 14:34:34.216274,2025-03-12 19:36:12.247275,2025-03-16,0.0
492,N,2025-03-12 19:36:12.247275,2025-03-13 00:37:50.278276,2025-03-16,0.0
522,N,2025-03-13 00:37:50.278276,2025-03-13 05:39:28.309277,2025-03-16,0.0
624,N,2025-03-13 05:39:28.309277,2025-03-13 10:41:06.340278,2025-03-16,0.0
709,N,2025-03-13 10:41:06.340278,2025-03-13 15:42:44.371279,2025-03-16,0.0
69,N,2025-03-13 15:42:44.371279,2025-03-14 13:58:32.794285,2025-03-20,0.0
230,N,2025-03-14 13:58:32.794285,2025-03-14 18:47:15.195386,2025-03-25,0.0
231,N,2025-03-14 18:47:15.195386,2025-03-14 23:35:57.596487,2025-03-25,0.0
306,N,2025-03-14 23:35:57.596487,2025-03-15 04:24:39.997588,2025-03-25,0.0
443,N,2025-03-15 04:24:39.997588,2025-03-15 09:13:22.398689,2025-03-25,0.0
444,N,2025-03-15 09:13:22.398689,2025-03-15 14:02:04.799790,2025-03-25,0.0
445,N,2025-03-15 14:02:04.799790,2025-03-15 18:50:47.200891,2025-03-25,0.0
446,N,2025-03-15 18:50:47.200891,2025-03-15 23:39:29.601992,2025-03-25,0.0
493,N,2025-03-15 23:39:29.601992,2025-03-16 04:28:12.003093,2025-03-25,0.0
523,N,2025-03-16 04:28:12.003093,2025-03-16 09:16:54.404194,2025-03-25,0.0
60,N,2025-03-16 09:16:54.404194,2025-03-16 10:38:46.726894,2025-03-26,0.0
61,N,2025-03-16 10:38:46.726894,2025-03-16 12:00:39.049594,2025-03-26,0.0
62,N,2025-03-16 12:00:39.049594,2025-03-16 13:22:31.372294,2025-03-26,0.0
63,N,2025-03-16 13:22:31.372294,2025-03-16 14:44:23.694994,2025-03-26,0.0
64,N,2025-03-16 14:44:23.694994,2025-03-16 16:06:16.017694,2025-03-26,0.0
65,N,2025-03-16 16:06:16.017694,2025-03-16 17:28:08.340394,2025-03-26,0.0
66,N,2025-03-16 17:28:08.340394,2025-03-16 18:50:00.663094,2025-03-26,0.0
67,N,2025-03-16 18:50:00.663094,2025-03-16 20:11:52.985794,2025-03-26,0.0
118,N,2025-03-16 20:11:52.985794,2025-03-17 18:27:41.408800,2025-03-26,0.0
138,N,2025-03-17 18:27:41.408800,2025-03-18 16:43:29.831806,2025-03-26,0.0
206,N,2025-03-18 16:43:29.831806,2025-03-19 14:59:18.254812,2025-04-01,0.0
249,N,2025-03-19 14:59:18.254812,2025-03-20 13:15:06.677818,2025-04-01,0.0
198,A,2025-03-21 01:15:06.677818,2025-03-21 07:37:03.732282,2025-04-04,0.0
254,H,2025-03-21 19:37:03.732282,2025-03-21 20:45:07.139659,2025-03-31,0.0
264,H,2025-03-21 20:45:07.139659,2025-03-21 21:53:10.547036,2025-03-31,0.0
273,H,2025-03-21 21:53:10.547036,2025-03-21 23:01:13.954413,2025-03-31,0.0
277,H,2025-03-21 23:01:13.954413,2025-03-22 00:09:17.361790,2025-03-31,0.0
284,H,2025-03-22 00:09:17.361790,2025-03-22 01:17:20.769167,2025-03-31,0.0
293,H,2025-03-22 01:17:20.769167,2025-03-22 02:25:24.176544,2025-04-01,0.0
294,H,2025-03-22 02:25:24.176544,2025-03-22 03:33:27.583921,2025-04-01,0.0
429,H,2025-03-22 03:33:27.583921,2025-03-22 04:41:30.991298,2025-04-01,0.0
430,H,2025-03-22 04:41:30.991298,2025-03-22 05:49:34.398675,2025-04-01,0.0
433,H,2025-03-22 05:49:34.398675,2025-03-22 06:57:37.806052,2025-04-01,0.0
438,H,2025-03-22 06:57:37.806052,2025-03-22 08:05:41.213429,2025-04-01,0.0
439,H,2025-03-22 08:05:41.213429,2025-03-22 09:13:44.620806,2025-04-01,0.0
448,H,2025-03-22 09:13:44.620806,2025-03-22 10:21:48.028183,2025-04-01,0.0
453,H,2025-03-22 10:21:48.028183,2025-03-22 11:29:51.435560,2025-04-01,0.0
454,H,2025-03-22 11:29:51.435560,2025-03-22 12:37:54.842937,2025-04-01,0.0
459,H,2025-03-22 12:37:54.842937,2025-03-22 13:45:58.250314,2025-04-01,0.0
465,H,2025-03-22 13:45:58.250314,2025-03-22 14:54:01.657691,2025-04-01,0.0
466,H,2025-03-22 14:54:01.657691,2025-03-22 16:02:05.065068,2025-04-01,0.0
477,H,2025-03-22 16:02:05.065068,2025-03-22 17:10:08.472445,2025-04-01,0.0
478,H,2025-03-22 17:10:08.472445,2025-03-22 18:18:11.879822,2025-04-01,0.0
479,H,2025-03-22 18:18:11.879822,2025-03-22 19:26:15.287199,2025-04-01,0.0
494,H,2025-03-22 19:26:15.287199,2025-03-22 20:34:18.694576,2025-04-01,0.0
505,H,2025-03-22 20:34:18.694576,2025-03-22 21:42:22.101953,2025-04-01,0.0
506,H,2025-03-22 21:42:22.101953,2025-03-22 22:50:25.509330,2025-04-01,0.0
559,H,2025-03-22 22:50:25.509330,2025-03-22 23:58:28.916707,2025-04-01,0.0
665,H,2025-03-22 23:58:28.916707,2025-03-23 01:06:32.324084,2025-04-01,0.0
678,H,2025-03-23 01:06:32.324084,2025-03-23 02:14:35.731461,2025-04-01,0.0
689,H,2025-03-23 02:14:35.731461,2025-03-23 03:22:39.138838,2025-04-01,0.0
704,H,2025-03-23 03:22:39.138838,2025-03-23 04:30:42.546215,2025-04-01,0.0
708,H,2025-03-23 04:30:42.546215,2025-03-23 05:38:45.953592,2025-04-01,0.0
729,H,2025-03-23 05:38:45.953592,2025-03-23 06:46:49.360969,2025-04-01,0.0
730,H,2025-03-23 06:46:49.360969,2025-03-23 07:54:52.768346,2025-04-01,0.0
779,H,2025-03-23 07:54:52.768346,2025-03-23 09:02:56.175723,2025-04-01,0.0
780,H,2025-03-23 09:02:56.175723,2025-03-23 10:10:59.583100,2025-04-01,0.0
787,H,2025-03-23 10:10:59.583100,2025-03-23 11:19:02.990477,2025-04-01,0.0
788,H,2025-03-23 11:19:02.990477,2025-03-23 12:27:06.397854,2025-04-01,0.0
796,H,2025-03-23 12:27:06.397854,2025-03-23 13:35:09.805231,2025-04-01,0.0
797,H,2025-03-23 13:35:09.805231,2025-03-23 14:43:13.212608,2025-04-01,0.0
327,H,2025-03-23 14:43:13.212608,2025-03-23 16:05:36.284695,2025-04-02,0.0
295,F,2025-03-24 04:05:36.284695,2025-03-24 12:50:35.664916,2025-04-03,0.0
77,E,2025-03-25 00:50:35.664916,2025-03-25 02:08:16.639521,2025-03-21,4.09
94,E,2025-03-25 02:08:16.639521,2025-03-25 03:25:57.614126,2025-03-21,4.14
410,E,2025-03-25 03:25:57.614126,2025-03-25 07:57:51.025245,2025-03-26,0.0
495,E,2025-03-25 07:57:51.025245,2025-03-25 09:45:44.601086,2025-04-03,0.0
199,A,2025-03-25 21:45:44.601086,2025-03-26 04:07:41.655550,2025-04-04,0.0
185,P,2025-03-26 16:07:41.655550,2025-03-26 22:27:47.961306,2025-04-04,0.0
186,P,2025-03-26 22:27:47.961306,2025-03-27 04:47:54.267062,2025-04-04,0.0
187,P,2025-03-27 04:47:54.267062,2025-03-27 07:57:57.419940,2025-04-04,0.0
201,A,2025-03-27 19:57:57.419940,2025-03-28 02:19:54.474404,2025-04-04,0.0
202,A,2025-03-28 02:19:54.474404,2025-03-28 05:30:53.001636,2025-04-04,0.0
203,A,2025-03-28 05:30:53.001636,2025-03-28 11:52:50.056100,2025-04-04,0.0
204,A,2025-03-28 11:52:50.056100,2025-03-28 15:03:48.583332,2025-04-04,0.0
223,P,2025-03-29 03:03:48.583332,2025-03-29 09:23:54.889088,2025-04-04,0.0
224,P,2025-03-29 09:23:54.889088,2025-03-29 15:44:01.194844,2025-04-04,0.0
225,P,2025-03-29 15:44:01.194844,2025-03-29 18:54:04.347722,2025-04-04,0.0
297,P,2025-03-29 18:54:04.347722,2025-03-30 01:14:10.653478,2025-04-04,0.0
298,P,2025-03-30 01:14:10.653478,2025-03-30 07:34:16.959234,2025-04-04,0.0
299,P,2025-03-30 07:34:16.959234,2025-03-30 13:54:23.264990,2025-04-04,0.0
310,A,2025-03-31 01:54:23.264990,2025-03-31 08:16:20.319454,2025-04-04,0.0
311,A,2025-04-01 08:16:20.319454,2025-04-01 11:27:18.846686,2025-04-04,0.0
331,P,2025-04-01 23:27:18.846686,2025-04-02 05:47:25.152442,2025-04-04,0.0
334,P,2025-04-02 05:47:25.152442,2025-04-02 12:07:31.458198,2025-04-04,0.0
335,P,2025-04-02 12:07:31.458198,2025-04-02 18:27:37.763954,2025-04-04,0.0
348,P,2025-04-02 18:27:37.763954,2025-04-03 00:47:44.069710,2025-04-04,0.0
349,P,2025-04-03 00:47:44.069710,2025-04-03 07:07:50.375466,2025-04-04,0.0
350,P,2025-04-03 07:07:50.375466,2025-04-03 13:27:56.681222,2025-04-04,0.0
351,A,2025-04-04 01:27:56.681222,2025-04-04 07:49:53.735686,2025-04-04,0.33
352,A,2025-04-04 07:49:53.735686,2025-04-04 11:00:52.262918,2025-04-04,0.46
140,A,2025-04-04 11:00:52.262918,2025-04-04 17:33:25.902229,2025-04-08,0.0
148,A,2025-04-04 17:33:25.902229,2025-04-05 00:05:59.541540,2025-04-08,0.0
154,A,2025-04-05 00:05:59.541540,2025-04-05 06:38:33.180851,2025-04-08,0.0
157,A,2025-04-05 06:38:33.180851,2025-04-05 13:11:06.820162,2025-04-08,0.0
182,A,2025-04-05 13:11:06.820162,2025-04-05 18:40:00.950395,2025-04-08,0.0
256,P,2025-04-06 06:40:00.950395,2025-04-06 09:50:04.103273,2025-04-11,0.0
342,A,2025-04-06 21:50:04.103273,2025-04-07 09:30:18.703124,2025-04-13,0.0
460,H,2025-04-07 21:30:18.703124,2025-04-08 03:24:55.404718,2025-04-13,0.0
240,F,2025-04-08 15:24:55.404718,2025-04-08 18:23:33.943821,2025-04-09,0.0
371,N,2025-04-09 06:23:33.943821,2025-04-10 08:06:12.445227,2025-04-04,6.34
96,N,2025-04-10 08:06:12.445227,2025-04-10 09:28:04.767927,2025-04-07,3.39
97,N,2025-04-10 09:28:04.767927,2025-04-10 10:49:57.090627,2025-04-07,3.45
98,N,2025-04-10 10:49:57.090627,2025-04-10 12:11:49.413327,2025-04-07,3.51
99,N,2025-04-10 12:11:49.413327,2025-04-10 13:33:41.736027,2025-04-07,3.57
100,N,2025-04-10 13:33:41.736027,2025-04-10 14:55:34.058727,2025-04-07,3.62
101,N,2025-04-10 14:55:34.058727,2025-04-10 16:17:26.381427,2025-04-07,3.68
102,N,2025-04-10 16:17:26.381427,2025-04-10 17:39:18.704127,2025-04-07,3.74
103,N,2025-04-10 17:39:18.704127,2025-04-10 19:01:11.026827,2025-04-07,3.79
544,A,2025-04-11 07:01:11.026827,2025-04-11 18:41:25.626678,2025-04-13,0.0
585,A,2025-04-11 18:41:25.626678,2025-04-12 06:21:40.226529,2025-04-13,0.0
149,A,2025-04-12 06:21:40.226529,2025-04-12 10:57:31.432531,2025-04-16,0.0
159,A,2025-04-12 10:57:31.432531,2025-04-12 15:33:22.638533,2025-04-16,0.0
160,A,2025-04-12 15:33:22.638533,2025-04-12 20:09:13.844535,2025-04-16,0.0
183,A,2025-04-12 20:09:13.844535,2025-04-13 00:45:05.050537,2025-04-16,0.0
213,A,2025-04-13 00:45:05.050537,2025-04-13 05:20:56.256539,2025-04-16,0.0
214,A,2025-04-13 05:20:56.256539,2025-04-13 09:56:47.462541,2025-04-16,0.0
226,A,2025-04-13 09:56:47.462541,2025-04-13 14:32:38.668543,2025-04-16,0.0
232,A,2025-04-13 14:32:38.668543,2025-04-13 19:08:29.874545,2025-04-16,0.0
242,A,2025-04-13 19:08:29.874545,2025-04-13 23:44:21.080547,2025-04-16,0.0
246,A,2025-04-13 23:44:21.080547,2025-04-14 04:20:12.286549,2025-04-16,0.0
247,A,2025-04-14 04:20:12.286549,2025-04-14 08:56:03.492551,2025-04-16,0.0
255,A,2025-04-14 08:56:03.492551,2025-04-14 13:31:54.698553,2025-04-16,0.0
274,A,2025-04-14 13:31:54.698553,2025-04-14 18:07:45.904555,2025-04-16,0.0
275,A,2025-04-14 18:07:45.904555,2025-04-14 22:43:37.110557,2025-04-16,0.0
278,A,2025-04-14 22:43:37.110557,2025-04-15 03:19:28.316559,2025-04-16,0.0
285,A,2025-04-15 03:19:28.316559,2025-04-15 07:55:19.522561,2025-04-16,0.0
286,A,2025-04-15 07:55:19.522561,2025-04-15 12:31:10.728563,2025-04-16,0.0
296,A,2025-04-15 12:31:10.728563,2025-04-15 17:07:01.934565,2025-04-16,0.0
300,A,2025-04-15 17:07:01.934565,2025-04-15 21:42:53.140567,2025-04-16,0.0
301,A,2025-04-15 21:42:53.140567,2025-04-16 02:18:44.346569,2025-04-16,0.1
312,A,2025-04-16 02:18:44.346569,2025-04-16 06:54:35.552571,2025-04-16,0.29
313,A,2025-04-16 06:54:35.552571,2025-04-16 11:30:26.758573,2025-04-16,0.48
317,A,2025-04-16 11:30:26.758573,2025-04-16 16:06:17.964575,2025-04-16,0.67
164,A,2025-04-16 16:06:17.964575,2025-04-16 20:38:09.602480,2025-04-17,0.0
234,H,2025-04-17 08:38:09.602480,2025-04-17 13:03:13.399631,2025-04-17,0.54
266,F,2025-04-18 01:03:13.399631,2025-04-18 15:56:26.095145,2025-04-09,9.66
282,V,2025-04-19 03:56:26.095145,2025-04-19 05:26:55.504445,2025-04-08,11.23
241,V,2025-04-19 05:26:55.504445,2025-04-19 09:02:22.669446,2025-04-09,10.38
267,V,2025-04-19 09:02:22.669446,2025-04-20 02:59:38.494450,2025-04-09,11.12
316,A,2025-04-20 14:59:38.494450,2025-04-20 19:34:28.588307,2025-04-17,3.82
373,A,2025-04-20 19:34:28.588307,2025-04-21 18:37:16.813266,2025-04-17,4.78
425,A,2025-04-21 18:37:16.813266,2025-04-22 17:40:05.038225,2025-04-17,5.74
491,A,2025-04-22 17:40:05.038225,2025-04-23 16:42:53.263184,2025-04-17,6.7
509,A,2025-04-23 16:42:53.263184,2025-04-24 15:45:41.488143,2025-04-17,7.66
545,A,2025-04-24 15:45:41.488143,2025-04-25 14:48:29.713102,2025-04-17,8.62
651,A,2025-04-25 14:48:29.713102,2025-04-26 13:51:17.938061,2025-04-17,9.58
503,H,2025-04-27 01:51:17.938061,2025-04-27 13:40:31.341249,2025-04-18,9.57
176,F,2025-04-28 01:40:31.341249,2025-04-28 13:20:30.514876,2025-04-10,18.56
150,E,2025-04-29 01:20:30.514876,2025-04-29 02:38:11.489481,2025-04-09,20.11
188,E,2025-04-29 02:38:11.489481,2025-04-29 03:55:52.464086,2025-04-09,20.16
510,E,2025-04-29 03:55:52.464086,2025-04-29 05:13:33.438691,2025-04-17,12.22
139,E,2025-04-29 05:13:33.438691,2025-04-29 06:31:14.413296,2025-04-18,11.27
155,E,2025-04-29 06:31:14.413296,2025-04-29 07:48:55.387901,2025-04-18,11.33
268,A,2025-04-29 19:48:55.387901,2025-04-29 21:17:20.261620,2025-04-22,7.89
588,P,2025-04-30 09:17:20.261620,2025-04-30 16:23:11.770846,2025-04-22,8.68
248,A,2025-05-01 04:23:11.770846,2025-05-01 06:37:35.178898,2025-04-23,8.28
258,A,2025-05-01 06:37:35.178898,2025-05-01 08:51:58.586950,2025-04-23,8.37
279,A,2025-05-01 08:51:58.586950,2025-05-01 11:06:21.995002,2025-04-23,8.46
287,A,2025-05-01 11:06:21.995002,2025-05-01 13:20:45.403054,2025-04-23,8.56
288,A,2025-05-01 13:20:45.403054,2025-05-01 15:35:08.811106,2025-04-23,8.65
290,A,2025-05-01 15:35:08.811106,2025-05-01 17:49:32.219158,2025-04-23,8.74
314,A,2025-05-01 17:49:32.219158,2025-05-01 20:03:55.627210,2025-04-23,8.84
318,A,2025-05-01 20:03:55.627210,2025-05-01 22:18:19.035262,2025-04-23,8.93
323,A,2025-05-01 22:18:19.035262,2025-05-02 00:32:42.443314,2025-04-23,9.02
328,A,2025-05-02 00:32:42.443314,2025-05-02 02:47:05.851366,2025-04-23,9.12
336,A,2025-05-02 02:47:05.851366,2025-05-02 05:01:29.259418,2025-04-23,9.21
343,A,2025-05-02 05:01:29.259418,2025-05-02 06:08:40.963444,2025-04-23,9.26
354,A,2025-05-02 06:08:40.963444,2025-05-02 08:23:04.371496,2025-04-23,9.35
364,A,2025-05-02 08:23:04.371496,2025-05-02 10:37:27.779548,2025-04-23,9.44
379,A,2025-05-02 10:37:27.779548,2025-05-02 11:44:39.483574,2025-04-23,9.49
610,H,2025-05-02 23:44:39.483574,2025-05-03 05:39:16.185168,2025-04-24,9.24
238,F,2025-05-03 17:39:16.185168,2025-05-04 00:56:45.668685,2025-04-10,24.04
374,C,2025-05-04 12:56:45.668685,2025-05-04 14:03:18.791640,2025-04-17,17.59
412,C,2025-05-04 14:03:18.791640,2025-05-04 15:09:51.914595,2025-04-17,17.63
413,C,2025-05-04 15:09:51.914595,2025-05-04 16:16:25.037550,2025-04-17,17.68
474,C,2025-05-04 16:16:25.037550,2025-05-04 17:22:58.160505,2025-04-17,17.72
586,C,2025-05-04 17:22:58.160505,2025-05-04 18:29:31.283460,2025-04-17,17.77
711,C,2025-05-04 18:29:31.283460,2025-05-04 19:36:04.406415,2025-04-17,17.82
415,C,2025-05-04 19:36:04.406415,2025-05-05 00:58:19.528091,2025-04-18,17.04
375,A,2025-05-05 12:58:19.528091,2025-05-05 14:05:31.232117,2025-04-25,10.59
368,P,2025-05-06 02:05:31.232117,2025-05-06 03:12:23.452574,2025-04-25,11.13
383,A,2025-05-06 15:12:23.452574,2025-05-06 16:19:35.156600,2025-04-25,11.68
384,A,2025-05-06 16:19:35.156600,2025-05-06 17:26:46.860626,2025-04-25,11.73
393,P,2025-05-07 05:26:46.860626,2025-05-07 06:33:39.081083,2025-04-25,12.27
394,P,2025-05-07 06:33:39.081083,2025-05-07 07:40:31.301540,2025-04-25,12.32
400,P,2025-05-07 07:40:31.301540,2025-05-07 08:47:23.521997,2025-04-25,12.37
401,P,2025-05-07 08:47:23.521997,2025-05-07 09:54:15.742454,2025-04-25,12.41
405,P,2025-05-07 09:54:15.742454,2025-05-07 11:01:07.962911,2025-04-25,12.46
406,P,2025-05-07 11:01:07.962911,2025-05-07 12:08:00.183368,2025-04-25,12.51
422,P,2025-05-07 12:08:00.183368,2025-05-07 13:14:52.403825,2025-04-25,12.55
440,P,2025-05-07 13:14:52.403825,2025-05-07 14:21:44.624282,2025-04-25,12.6
497,A,2025-05-08 02:21:44.624282,2025-05-08 03:28:56.328308,2025-04-25,13.15
498,A,2025-05-08 03:28:56.328308,2025-05-08 04:36:08.032334,2025-04-25,13.19
511,A,2025-05-08 04:36:08.032334,2025-05-08 05:43:19.736360,2025-04-25,13.24
512,A,2025-05-08 05:43:19.736360,2025-05-08 06:50:31.440386,2025-04-25,13.29
513,A,2025-05-08 06:50:31.440386,2025-05-08 07:57:43.144412,2025-04-25,13.33
525,A,2025-05-08 07:57:43.144412,2025-05-08 09:04:54.848438,2025-04-25,13.38
538,A,2025-05-08 09:04:54.848438,2025-05-08 10:12:06.552464,2025-04-25,13.43
539,A,2025-05-08 10:12:06.552464,2025-05-08 11:19:18.256490,2025-04-25,13.47
416,H,2025-05-08 23:19:18.256490,2025-05-09 00:41:41.328577,2025-04-29,10.03
269,F,2025-05-09 12:41:41.328577,2025-05-09 14:09:11.225280,2025-04-28,11.59
276,N,2025-05-10 02:09:11.225280,2025-05-10 15:47:54.452283,2025-04-22,18.66
414,N,2025-05-10 15:47:54.452283,2025-05-11 05:26:37.679286,2025-04-22,19.23
165,N,2025-05-11 05:26:37.679286,2025-05-11 06:48:30.001986,2025-04-24,17.28
166,N,2025-05-11 06:48:30.001986,2025-05-11 08:10:22.324686,2025-04-24,17.34
167,N,2025-05-11 08:10:22.324686,2025-05-11 09:32:14.647386,2025-04-24,17.4
168,N,2025-05-11 09:32:14.647386,2025-05-11 10:54:06.970086,2025-04-24,17.45
169,N,2025-05-11 10:54:06.970086,2025-05-11 12:15:59.292786,2025-04-24,17.51
170,N,2025-05-11 12:15:59.292786,2025-05-11 13:37:51.615486,2025-04-24,17.57
596,N,2025-05-11 13:37:51.615486,2025-05-12 15:20:30.116892,2025-04-24,18.64
189,N,2025-05-12 15:20:30.116892,2025-05-12 16:42:22.439592,2025-04-30,12.7
190,N,2025-05-12 16:42:22.439592,2025-05-12 18:04:14.762292,2025-04-30,12.75
191,N,2025-05-12 18:04:14.762292,2025-05-12 19:26:07.084992,2025-04-30,12.81
192,N,2025-05-12 19:26:07.084992,2025-05-12 20:47:59.407692,2025-04-30,12.87
193,N,2025-05-12 20:47:59.407692,2025-05-12 22:09:51.730392,2025-04-30,12.92
194,N,2025-05-12 22:09:51.730392,2025-05-12 23:31:44.053092,2025-04-30,12.98
195,N,2025-05-12 23:31:44.053092,2025-05-13 00:53:36.375792,2025-04-30,13.04
196,N,2025-05-13 00:53:36.375792,2025-05-13 02:15:28.698492,2025-04-30,13.09
712,A,2025-05-13 14:15:28.698492,2025-05-13 14:50:50.647979,2025-04-30,13.62
215,P,2025-05-14 02:50:50.647979,2025-05-14 03:55:46.725212,2025-05-01,13.16
216,P,2025-05-14 03:55:46.725212,2025-05-14 05:00:49.559869,2025-05-01,13.21
233,P,2025-05-14 05:00:49.559869,2025-05-14 06:07:41.780326,2025-05-01,13.26
243,P,2025-05-14 06:07:41.780326,2025-05-14 07:14:34.000783,2025-05-01,13.3
434,P,2025-05-14 07:14:34.000783,2025-05-14 08:21:26.221240,2025-05-08,6.35
441,P,2025-05-14 08:21:26.221240,2025-05-14 09:28:18.441697,2025-05-08,6.39
461,P,2025-05-14 09:28:18.441697,2025-05-14 10:35:10.662154,2025-05-08,6.44
467,P,2025-05-14 10:35:10.662154,2025-05-14 11:42:02.882611,2025-05-08,6.49
468,P,2025-05-14 11:42:02.882611,2025-05-14 12:48:55.103068,2025-05-08,6.53
469,P,2025-05-14 12:48:55.103068,2025-05-14 13:55:47.323525,2025-05-08,6.58
487,P,2025-05-14 13:55:47.323525,2025-05-14 15:02:39.543982,2025-05-08,6.63
490,P,2025-05-14 15:02:39.543982,2025-05-14 16:09:31.764439,2025-05-08,6.67
496,P,2025-05-14 16:09:31.764439,2025-05-14 17:16:23.984896,2025-05-08,6.72
507,P,2025-05-14 17:16:23.984896,2025-05-14 18:23:16.205353,2025-05-08,6.77
508,P,2025-05-14 18:23:16.205353,2025-05-14 19:30:08.425810,2025-05-08,6.81
524,P,2025-05-14 19:30:08.425810,2025-05-14 20:37:00.646267,2025-05-08,6.86
536,P,2025-05-14 20:37:00.646267,2025-05-14 21:43:52.866724,2025-05-08,6.91
537,P,2025-05-14 21:43:52.866724,2025-05-14 22:50:45.087181,2025-05-08,6.95
549,P,2025-05-14 22:50:45.087181,2025-05-14 23:57:37.307638,2025-05-08,7.0
560,P,2025-05-14 23:57:37.307638,2025-05-15 01:04:29.528095,2025-05-08,7.04
565,P,2025-05-15 01:04:29.528095,2025-05-15 02:11:21.748552,2025-05-08,7.09
569,P,2025-05-15 02:11:21.748552,2025-05-15 03:18:13.969009,2025-05-08,7.14
570,P,2025-05-15 03:18:13.969009,2025-05-15 04:25:06.189466,2025-05-08,7.18
580,P,2025-05-15 04:25:06.189466,2025-05-15 05:31:58.409923,2025-05-08,7.23
861,P,2025-05-15 05:31:58.409923,2025-05-15 06:38:50.630380,2025-05-08,7.28
862,P,2025-05-15 06:38:50.630380,2025-05-15 07:45:42.850837,2025-05-08,7.32
864,P,2025-05-15 07:45:42.850837,2025-05-15 08:52:35.071294,2025-05-08,7.37
888,P,2025-05-15 08:52:35.071294,2025-05-15 09:59:27.291751,2025-05-08,7.42
889,P,2025-05-15 09:59:27.291751,2025-05-15 11:06:19.512208,2025-05-08,7.46
898,P,2025-05-15 11:06:19.512208,2025-05-15 12:13:11.732665,2025-05-08,7.51
899,P,2025-05-15 12:13:11.732665,2025-05-15 13:20:03.953122,2025-05-08,7.56
907,P,2025-05-15 13:20:03.953122,2025-05-15 14:26:56.173579,2025-05-08,7.6
910,P,2025-05-15 14:26:56.173579,2025-05-15 15:33:48.394036,2025-05-08,7.65
920,P,2025-05-15 15:33:48.394036,2025-05-15 16:40:40.614493,2025-05-08,7.69
332,A,2025-05-16 04:40:40.614493,2025-05-16 11:02:37.668957,2025-05-13,3.46
320,H,2025-05-16 23:02:37.668957,2025-05-17 01:58:08.561665,2025-05-02,15.08
395,H,2025-05-17 01:58:08.561665,2025-05-17 13:36:37.216320,2025-05-06,11.57
319,H,2025-05-17 13:36:37.216320,2025-05-17 15:02:35.204585,2025-05-13,4.63
321,H,2025-05-17 15:02:35.204585,2025-05-17 17:58:06.097293,2025-05-13,4.75
690,F,2025-05-18 05:58:06.097293,2025-05-19 12:20:58.945281,2025-05-13,6.51
616,E,2025-05-20 00:20:58.945281,2025-05-20 03:56:46.096963,2025-04-22,28.16
550,E,2025-05-20 03:56:46.096963,2025-05-20 05:14:27.071568,2025-05-08,12.22
566,E,2025-05-20 05:14:27.071568,2025-05-20 06:32:08.046173,2025-05-08,12.27
333,A,2025-05-20 18:32:08.046173,2025-05-21 00:54:05.100637,2025-05-13,8.04
355,A,2025-05-21 00:54:05.100637,2025-05-21 07:16:02.155101,2025-05-13,8.3
356,A,2025-05-21 07:16:02.155101,2025-05-21 13:37:59.209565,2025-05-13,8.57
357,P,2025-05-22 01:37:59.209565,2025-05-22 07:58:05.515321,2025-05-13,9.33
358,P,2025-05-22 07:58:05.515321,2025-05-22 14:18:11.821077,2025-05-13,9.6
359,P,2025-05-22 14:18:11.821077,2025-05-22 20:38:18.126833,2025-05-13,9.86
385,P,2025-05-22 20:38:18.126833,2025-05-23 02:58:24.432589,2025-05-13,10.12
389,P,2025-05-23 02:58:24.432589,2025-05-23 09:18:30.738345,2025-05-13,10.39
391,P,2025-05-23 09:18:30.738345,2025-05-23 10:25:22.958802,2025-05-13,10.43
419,A,2025-05-23 22:25:22.958802,2025-05-24 01:36:21.486034,2025-05-13,11.07
426,P,2025-05-24 13:36:21.486034,2025-05-24 19:56:27.791790,2025-05-13,11.83
427,A,2025-05-25 07:56:27.791790,2025-05-25 11:07:26.319022,2025-05-13,12.46
436,A,2025-05-25 11:07:26.319022,2025-05-25 14:18:24.846254,2025-05-13,12.6
455,P,2025-05-26 02:18:24.846254,2025-05-26 08:38:31.152010,2025-05-13,13.36
456,P,2025-05-26 08:38:31.152010,2025-05-26 14:58:37.457766,2025-05-13,13.62
462,P,2025-05-26 14:58:37.457766,2025-05-26 21:18:43.763522,2025-05-13,13.89
526,P,2025-05-26 21:18:43.763522,2025-05-27 03:38:50.069278,2025-05-13,14.15
527,P,2025-05-27 03:38:50.069278,2025-05-27 09:58:56.375034,2025-05-13,14.42
528,P,2025-05-27 09:58:56.375034,2025-05-27 16:19:02.680790,2025-05-13,14.68
257,P,2025-05-27 16:19:02.680790,2025-05-27 17:25:54.901247,2025-05-14,13.73
514,A,2025-05-28 05:25:54.901247,2025-05-28 06:33:06.605273,2025-05-16,12.27
515,A,2025-05-28 06:33:06.605273,2025-05-28 07:40:18.309299,2025-05-16,12.32
516,A,2025-05-28 07:40:18.309299,2025-05-28 08:47:30.013325,2025-05-16,12.37
652,A,2025-05-28 08:47:30.013325,2025-05-28 09:54:41.717351,2025-05-16,12.41
653,A,2025-05-28 09:54:41.717351,2025-05-28 11:01:53.421377,2025-05-16,12.46
654,A,2025-05-28 11:01:53.421377,2025-05-28 12:09:05.125403,2025-05-16,12.51
655,A,2025-05-28 12:09:05.125403,2025-05-28 13:16:16.829429,2025-05-16,12.55
669,A,2025-05-28 13:16:16.829429,2025-05-28 14:23:28.533455,2025-05-16,12.6
670,A,2025-05-28 14:23:28.533455,2025-05-28 15:30:40.237481,2025-05-16,12.65
681,A,2025-05-28 15:30:40.237481,2025-05-28 16:37:51.941507,2025-05-16,12.69
682,A,2025-05-28 16:37:51.941507,2025-05-28 17:45:03.645533,2025-05-16,12.74
692,A,2025-05-28 17:45:03.645533,2025-05-28 18:52:15.349559,2025-05-16,12.79
693,A,2025-05-28 18:52:15.349559,2025-05-28 19:59:27.053585,2025-05-16,12.83
705,A,2025-05-28 19:59:27.053585,2025-05-28 21:06:38.757611,2025-05-16,12.88
706,A,2025-05-28 21:06:38.757611,2025-05-28 22:13:50.461637,2025-05-16,12.93
751,A,2025-05-28 22:13:50.461637,2025-05-28 23:21:02.165663,2025-05-16,12.97
752,A,2025-05-28 23:21:02.165663,2025-05-29 00:28:13.869689,2025-05-16,13.02
760,A,2025-05-29 00:28:13.869689,2025-05-29 01:35:25.573715,2025-05-16,13.07
761,A,2025-05-29 01:35:25.573715,2025-05-29 02:42:37.277741,2025-05-16,13.11
769,A,2025-05-29 02:42:37.277741,2025-05-29 03:49:48.981767,2025-05-16,13.16
770,A,2025-05-29 03:49:48.981767,2025-05-29 04:57:00.685793,2025-05-16,13.21
808,A,2025-05-29 04:57:00.685793,2025-05-29 06:04:12.389819,2025-05-16,13.25
810,A,2025-05-29 06:04:12.389819,2025-05-29 07:11:24.093845,2025-05-16,13.3
811,A,2025-05-29 07:11:24.093845,2025-05-29 08:18:35.797871,2025-05-16,13.35
819,A,2025-05-29 08:18:35.797871,2025-05-29 09:25:47.501897,2025-05-16,13.39
820,A,2025-05-29 09:25:47.501897,2025-05-29 10:32:59.205923,2025-05-16,13.44
821,A,2025-05-29 10:32:59.205923,2025-05-29 11:40:10.909949,2025-05-16,13.49
822,A,2025-05-29 11:40:10.909949,2025-05-29 12:47:22.613975,2025-05-16,13.53
823,A,2025-05-29 12:47:22.613975,2025-05-29 13:54:34.318001,2025-05-16,13.58
828,A,2025-05-29 13:54:34.318001,2025-05-29 15:01:46.022027,2025-05-16,13.63
829,A,2025-05-29 15:01:46.022027,2025-05-29 16:08:57.726053,2025-05-16,13.67
830,A,2025-05-29 16:08:57.726053,2025-05-29 17:16:09.430079,2025-05-16,13.72
831,A,2025-05-29 17:16:09.430079,2025-05-29 18:23:21.134105,2025-05-16,13.77
832,A,2025-05-29 18:23:21.134105,2025-05-29 19:30:32.838131,2025-05-16,13.81
833,A,2025-05-29 19:30:32.838131,2025-05-29 20:37:44.542157,2025-05-16,13.86
837,A,2025-05-29 20:37:44.542157,2025-05-29 21:44:56.246183,2025-05-16,13.91
841,A,2025-05-29 21:44:56.246183,2025-05-29 22:52:07.950209,2025-05-16,13.95
842,A,2025-05-29 22:52:07.950209,2025-05-29 23:59:19.654235,2025-05-16,14.0
843,A,2025-05-29 23:59:19.654235,2025-05-30 01:06:31.358261,2025-05-16,14.05
844,A,2025-05-30 01:06:31.358261,2025-05-30 02:13:43.062287,2025-05-16,14.09
865,A,2025-05-30 02:13:43.062287,2025-05-30 03:20:54.766313,2025-05-16,14.14
866,A,2025-05-30 03:20:54.766313,2025-05-30 04:28:06.470339,2025-05-16,14.19
867,A,2025-05-30 04:28:06.470339,2025-05-30 05:35:18.174365,2025-05-16,14.23
886,A,2025-05-30 05:35:18.174365,2025-05-30 06:42:29.878391,2025-05-16,14.28
891,A,2025-05-30 06:42:29.878391,2025-05-30 07:49:41.582417,2025-05-16,14.33
892,A,2025-05-30 07:49:41.582417,2025-05-30 08:56:53.286443,2025-05-16,14.37
896,A,2025-05-30 08:56:53.286443,2025-05-30 10:04:04.990469,2025-05-16,14.42
897,A,2025-05-30 10:04:04.990469,2025-05-30 11:11:16.694495,2025-05-16,14.47
901,A,2025-05-30 11:11:16.694495,2025-05-30 12:18:28.398521,2025-05-16,14.51
902,A,2025-05-30 12:18:28.398521,2025-05-30 13:25:40.102547,2025-05-16,14.56
908,A,2025-05-30 13:25:40.102547,2025-05-30 14:32:51.806573,2025-05-16,14.61
909,A,2025-05-30 14:32:51.806573,2025-05-30 15:40:03.510599,2025-05-16,14.65
911,A,2025-05-30 15:40:03.510599,2025-05-30 16:47:15.214625,2025-05-16,14.7
912,A,2025-05-30 16:47:15.214625,2025-05-30 17:54:26.918651,2025-05-16,14.75
913,A,2025-05-30 17:54:26.918651,2025-05-30 19:01:38.622677,2025-05-16,14.79
914,A,2025-05-30 19:01:38.622677,2025-05-30 20:08:50.326703,2025-05-16,14.84
917,A,2025-05-30 20:08:50.326703,2025-05-30 21:16:02.030729,2025-05-16,14.89
386,A,2025-05-30 21:16:02.030729,2025-05-30 22:23:13.734755,2025-05-20,10.93
392,A,2025-05-30 22:23:13.734755,2025-05-30 23:30:25.438781,2025-05-20,10.98
397,A,2025-05-30 23:30:25.438781,2025-05-31 00:37:37.142807,2025-05-20,11.03
402,A,2025-05-31 00:37:37.142807,2025-05-31 01:44:48.846833,2025-05-20,11.07
403,A,2025-05-31 01:44:48.846833,2025-05-31 02:52:00.550859,2025-05-20,11.12
407,A,2025-05-31 02:52:00.550859,2025-05-31 03:59:12.254885,2025-05-20,11.17
423,A,2025-05-31 03:59:12.254885,2025-05-31 05:06:23.958911,2025-05-20,11.21
431,A,2025-05-31 05:06:23.958911,2025-05-31 06:13:35.662937,2025-05-20,11.26
449,A,2025-05-31 06:13:35.662937,2025-05-31 07:20:47.366963,2025-05-20,11.31
450,A,2025-05-31 07:20:47.366963,2025-05-31 08:27:59.070989,2025-05-20,11.35
451,A,2025-05-31 08:27:59.070989,2025-05-31 09:35:10.775015,2025-05-20,11.4
452,A,2025-05-31 09:35:10.775015,2025-05-31 10:42:22.479041,2025-05-20,11.45
457,A,2025-05-31 10:42:22.479041,2025-05-31 11:49:34.183067,2025-05-20,11.49
463,A,2025-05-31 11:49:34.183067,2025-05-31 12:56:45.887093,2025-05-20,11.54
470,A,2025-05-31 12:56:45.887093,2025-05-31 14:03:57.591119,2025-05-20,11.59
471,A,2025-05-31 14:03:57.591119,2025-05-31 15:11:09.295145,2025-05-20,11.63
472,A,2025-05-31 15:11:09.295145,2025-05-31 16:18:20.999171,2025-05-20,11.68
483,A,2025-05-31 16:18:20.999171,2025-05-31 17:25:32.703197,2025-05-20,11.73
500,A,2025-05-31 17:25:32.703197,2025-05-31 18:32:44.407223,2025-05-20,11.77
540,A,2025-05-31 18:32:44.407223,2025-05-31 19:39:56.111249,2025-05-20,11.82
340,A,2025-05-31 19:39:56.111249,2025-06-01 00:15:47.317251,2025-05-22,10.01
341,A,2025-06-01 00:15:47.317251,2025-06-01 02:33:42.920252,2025-05-22,10.11
812,H,2025-06-01 14:33:42.920252,2025-06-01 15:41:46.327629,2025-05-26,6.65
713,F,2025-06-02 03:41:46.327629,2025-06-03 10:04:39.175617,2025-05-15,19.42
442,N,2025-06-03 22:04:39.175617,2025-06-03 23:39:27.128217,2025-05-01,33.99
265,N,2025-06-03 23:39:27.128217,2025-06-04 11:34:45.316020,2025-05-07,28.48
330,N,2025-06-04 11:34:45.316020,2025-06-05 04:40:18.621424,2025-05-20,16.19
418,N,2025-06-05 04:40:18.621424,2025-06-05 21:45:51.926828,2025-05-20,16.91
475,N,2025-06-05 21:45:51.926828,2025-06-06 14:51:25.232232,2025-05-20,17.62
302,N,2025-06-06 14:51:25.232232,2025-06-06 16:13:17.554932,2025-05-23,14.68
303,N,2025-06-06 16:13:17.554932,2025-06-06 17:35:09.877632,2025-05-23,14.73
304,N,2025-06-06 17:35:09.877632,2025-06-06 18:57:02.200332,2025-05-23,14.79
305,N,2025-06-06 18:57:02.200332,2025-06-06 20:18:54.523032,2025-05-23,14.85
640,N,2025-06-06 20:18:54.523032,2025-06-07 01:07:36.924133,2025-05-23,15.05
647,N,2025-06-07 01:07:36.924133,2025-06-07 05:56:19.325234,2025-05-23,15.25
691,N,2025-06-07 05:56:19.325234,2025-06-07 10:45:01.726335,2025-05-23,15.45
307,N,2025-06-07 10:45:01.726335,2025-06-07 12:24:08.222235,2025-05-27,11.52
324,A,2025-06-08 00:24:08.222235,2025-06-08 06:56:41.861546,2025-05-28,11.29
824,H,2025-06-08 18:56:41.861546,2025-06-08 20:04:45.268923,2025-05-26,13.84
845,H,2025-06-08 20:04:45.268923,2025-06-08 21:12:48.676300,2025-05-26,13.88
556,H,2025-06-08 21:12:48.676300,2025-06-08 22:35:11.748387,2025-05-29,10.94
744,H,2025-06-08 22:35:11.748387,2025-06-09 04:29:48.449981,2025-06-01,8.19
607,H,2025-06-09 04:29:48.449981,2025-06-09 05:55:46.438246,2025-06-06,3.25
748,H,2025-06-09 05:55:46.438246,2025-06-09 17:44:59.841434,2025-06-24,0.0
813,H,2025-06-09 17:44:59.841434,2025-06-09 18:53:03.248811,2025-06-24,0.0
853,H,2025-06-09 18:53:03.248811,2025-06-09 20:01:06.656188,2025-06-24,0.0
854,H,2025-06-09 20:01:06.656188,2025-06-09 21:09:10.063565,2025-06-24,0.0
855,H,2025-06-09 21:09:10.063565,2025-06-09 22:17:13.470942,2025-06-24,0.0
857,H,2025-06-09 22:17:13.470942,2025-06-09 23:25:16.878319,2025-06-24,0.0
925,H,2025-06-09 23:25:16.878319,2025-06-10 00:33:20.285696,2025-06-24,0.0
939,H,2025-06-10 00:33:20.285696,2025-06-10 01:41:23.693073,2025-06-24,0.0
948,H,2025-06-10 01:41:23.693073,2025-06-10 02:49:27.100450,2025-06-24,0.0
949,H,2025-06-10 02:49:27.100450,2025-06-10 03:57:30.507827,2025-06-24,0.0
626,H,2025-06-10 03:57:30.507827,2025-06-10 05:19:53.579914,2025-06-27,0.0
921,H,2025-06-10 05:19:53.579914,2025-06-10 11:14:30.281508,2025-07-02,0.0
594,H,2025-06-10 11:14:30.281508,2025-06-10 12:29:43.521240,2025-07-03,0.0
558,H,2025-06-10 12:29:43.521240,2025-06-11 12:15:20.159971,2025-07-07,0.0
572,H,2025-06-11 12:15:20.159971,2025-06-11 12:18:55.076149,2025-07-23,0.0
687,H,2025-06-12 00:00:00.000000,2025-06-12 18:08:54.518026,2025-07-24,0.0
990,H,2025-06-16 00:00:00.000000,2025-06-16 05:54:36.701594,2025-07-28,0.0
835,H,2025-06-17 00:00:00.000000,2025-06-17 02:44:46.144175,2025-07-29,0.0
875,H,2025-06-17 02:44:46.144175,2025-06-17 05:25:57.372172,2025-07-29,0.0
623,F,2025-06-18 12:00:00.000000,2025-06-18 20:44:59.380221,2025-07-30,0.0
499,C,2025-06-19 08:44:59.380221,2025-06-19 17:23:23.706396,2025-05-07,43.72
553,C,2025-06-19 17:23:23.706396,2025-06-19 18:29:56.829351,2025-05-19,31.77
554,C,2025-06-19 18:29:56.829351,2025-06-19 19:36:29.952306,2025-05-19,31.82
555,C,2025-06-19 19:36:29.952306,2025-06-19 20:43:03.075261,2025-05-19,31.86
589,C,2025-06-19 20:43:03.075261,2025-06-19 21:49:36.198216,2025-05-19,31.91
872,C,2025-06-19 21:49:36.198216,2025-06-19 22:56:09.321171,2025-05-19,31.96
873,C,2025-06-19 22:56:09.321171,2025-06-20 00:02:42.444126,2025-05-19,32.0
874,C,2025-06-20 00:02:42.444126,2025-06-20 01:09:15.567081,2025-05-19,32.05
329,A,2025-06-20 13:09:15.567081,2025-06-20 19:41:49.206392,2025-05-28,23.82
337,A,2025-06-20 19:41:49.206392,2025-06-21 00:03:31.632599,2025-05-28,24.0
365,A,2025-06-21 00:03:31.632599,2025-06-21 06:36:05.271910,2025-05-28,24.28
377,A,2025-06-21 06:36:05.271910,2025-06-21 13:08:38.911221,2025-05-28,24.55
378,A,2025-06-21 13:08:38.911221,2025-06-21 19:41:12.550532,2025-05-28,24.82
387,A,2025-06-21 19:41:12.550532,2025-06-22 01:10:06.680765,2025-05-28,25.05
388,A,2025-06-22 01:10:06.680765,2025-06-22 07:42:40.320076,2025-05-28,25.32
404,A,2025-06-22 07:42:40.320076,2025-06-22 14:15:13.959387,2025-05-28,25.59
408,A,2025-06-22 14:15:13.959387,2025-06-22 20:47:47.598698,2025-05-28,25.87
424,A,2025-06-22 20:47:47.598698,2025-06-22 21:23:09.548185,2025-05-29,24.89
604,P,2025-06-23 09:23:09.548185,2025-06-23 13:40:04.921520,2025-05-30,24.57
398,A,2025-06-24 01:40:04.921520,2025-06-24 08:12:38.560831,2025-06-02,22.34
363,P,2025-06-24 20:12:38.560831,2025-06-24 21:18:40.100609,2025-06-04,20.89
367,P,2025-06-25 21:18:40.100609,2025-06-25 22:23:34.488486,2025-06-04,21.93
372,P,2025-06-25 22:23:34.488486,2025-06-25 23:28:25.497651,2025-06-04,21.98
376,P,2025-06-25 23:28:25.497651,2025-06-26 00:33:41.424817,2025-06-04,22.02
382,P,2025-06-26 00:33:41.424817,2025-06-26 01:38:43.203627,2025-06-04,22.07
480,P,2025-06-26 01:38:43.203627,2025-06-26 02:43:54.907403,2025-06-04,22.11
543,A,2025-06-26 14:43:54.907403,2025-06-26 15:51:06.611429,2025-06-06,20.66
420,A,2025-06-26 15:51:06.611429,2025-06-26 19:02:05.138661,2025-06-12,14.79
421,A,2025-06-26 19:02:05.138661,2025-06-26 22:13:03.665893,2025-06-12,14.93
931,P,2025-06-27 10:13:03.665893,2025-06-27 21:39:21.717952,2025-06-12,15.9
435,A,2025-06-28 09:39:21.717952,2025-06-28 12:50:20.245184,2025-06-17,11.53
574,P,2025-06-29 00:50:20.245184,2025-06-29 08:27:52.279890,2025-06-20,9.35
575,P,2025-06-29 08:27:52.279890,2025-06-29 16:05:24.314596,2025-06-20,9.67
576,P,2025-06-29 16:05:24.314596,2025-06-29 19:54:10.331949,2025-06-20,9.83
592,A,2025-06-30 07:54:10.331949,2025-06-30 09:19:03.010719,2025-06-20,10.39
955,A,2025-06-30 09:19:03.010719,2025-06-30 10:43:55.689489,2025-06-23,7.45
956,A,2025-06-30 10:43:55.689489,2025-06-30 12:08:48.368259,2025-06-23,7.51
482,A,2025-06-30 12:08:48.368259,2025-06-30 14:23:11.776311,2025-06-24,6.6
519,A,2025-06-30 14:23:11.776311,2025-06-30 15:30:23.480337,2025-06-26,4.65
541,A,2025-06-30 15:30:23.480337,2025-06-30 16:37:35.184363,2025-06-26,4.69
546,A,2025-06-30 16:37:35.184363,2025-06-30 17:44:46.888389,2025-06-26,4.74
547,A,2025-06-30 17:44:46.888389,2025-06-30 18:51:58.592415,2025-06-26,4.79
561,A,2025-06-30 18:51:58.592415,2025-06-30 19:59:10.296441,2025-06-26,4.83
562,A,2025-06-30 19:59:10.296441,2025-06-30 21:06:22.000467,2025-06-26,4.88
567,A,2025-06-30 21:06:22.000467,2025-06-30 22:13:33.704493,2025-06-26,4.93
568,A,2025-06-30 22:13:33.704493,2025-06-30 23:20:45.408519,2025-06-26,4.97
571,A,2025-06-30 23:20:45.408519,2025-07-01 00:27:57.112545,2025-06-26,5.02
573,A,2025-07-01 00:27:57.112545,2025-07-01 01:35:08.816571,2025-06-26,5.07
581,A,2025-07-01 01:35:08.816571,2025-07-01 02:42:20.520597,2025-06-26,5.11
590,A,2025-07-01 02:42:20.520597,2025-07-01 03:49:32.224623,2025-06-26,5.16
595,A,2025-07-01 03:49:32.224623,2025-07-01 04:56:43.928649,2025-06-26,5.21
597,A,2025-07-01 04:56:43.928649,2025-07-01 06:03:55.632675,2025-06-26,5.25
605,A,2025-07-01 06:03:55.632675,2025-07-01 07:11:07.336701,2025-06-26,5.3
611,A,2025-07-01 07:11:07.336701,2025-07-01 08:18:19.040727,2025-06-26,5.35
619,A,2025-07-01 08:18:19.040727,2025-07-01 09:25:30.744753,2025-06-26,5.39
620,A,2025-07-01 09:25:30.744753,2025-07-01 10:32:42.448779,2025-06-26,5.44
637,A,2025-07-01 10:32:42.448779,2025-07-01 11:39:54.152805,2025-06-26,5.49
642,A,2025-07-01 11:39:54.152805,2025-07-01 12:47:05.856831,2025-06-26,5.53
656,A,2025-07-01 12:47:05.856831,2025-07-01 13:54:17.560857,2025-06-26,5.58
657,A,2025-07-01 13:54:17.560857,2025-07-01 15:01:29.264883,2025-06-26,5.63
658,A,2025-07-01 15:01:29.264883,2025-07-01 16:08:40.968909,2025-06-26,5.67
673,A,2025-07-01 16:08:40.968909,2025-07-01 17:15:52.672935,2025-06-26,5.72
696,A,2025-07-01 17:15:52.672935,2025-07-01 18:23:04.376961,2025-06-26,5.77
485,A,2025-07-01 18:23:04.376961,2025-07-01 20:33:55.590065,2025-06-27,4.86
489,A,2025-07-01 20:33:55.590065,2025-07-01 22:44:46.803169,2025-06-27,4.95
502,A,2025-07-01 22:44:46.803169,2025-07-02 00:55:38.016273,2025-06-27,5.04
520,A,2025-07-02 00:55:38.016273,2025-07-02 07:28:11.655584,2025-06-27,5.31
582,A,2025-07-02 07:28:11.655584,2025-07-02 14:00:45.294895,2025-06-27,5.58
593,A,2025-07-02 14:00:45.294895,2025-07-02 20:33:18.934206,2025-06-27,5.86
598,A,2025-07-02 20:33:18.934206,2025-07-03 03:05:52.573517,2025-06-27,6.13
606,A,2025-07-03 03:05:52.573517,2025-07-03 09:38:26.212828,2025-06-27,6.4
612,A,2025-07-03 09:38:26.212828,2025-07-03 16:10:59.852139,2025-06-27,6.67
638,A,2025-07-03 16:10:59.852139,2025-07-03 21:39:53.982372,2025-06-27,6.9
659,A,2025-07-03 21:39:53.982372,2025-07-04 04:12:27.621683,2025-06-27,7.18
660,A,2025-07-04 04:12:27.621683,2025-07-04 09:41:21.751916,2025-06-27,7.4
932,A,2025-07-04 09:41:21.751916,2025-07-04 21:21:36.351767,2025-07-02,2.89
521,A,2025-07-04 21:21:36.351767,2025-07-05 03:54:09.991078,2025-07-03,2.16
542,A,2025-07-05 03:54:09.991078,2025-07-05 10:26:43.630389,2025-07-03,2.44
548,A,2025-07-05 10:26:43.630389,2025-07-05 16:59:17.269700,2025-07-03,2.71
564,A,2025-07-05 16:59:17.269700,2025-07-05 23:31:50.909011,2025-07-03,2.98
602,P,2025-07-06 11:31:50.909011,2025-07-06 14:41:54.061889,2025-07-03,3.61
603,P,2025-07-06 14:41:54.061889,2025-07-06 17:51:57.214767,2025-07-03,3.74
613,P,2025-07-06 17:51:57.214767,2025-07-06 21:02:00.367645,2025-07-03,3.88
614,P,2025-07-06 21:02:00.367645,2025-07-07 00:12:03.520523,2025-07-03,4.01
615,P,2025-07-07 00:12:03.520523,2025-07-07 03:22:06.673401,2025-07-03,4.14
631,P,2025-07-07 03:22:06.673401,2025-07-07 06:32:09.826279,2025-07-03,4.27
632,P,2025-07-07 06:32:09.826279,2025-07-07 09:42:12.979157,2025-07-03,4.4
633,P,2025-07-07 09:42:12.979157,2025-07-07 12:52:16.132035,2025-07-03,4.54
634,P,2025-07-07 12:52:16.132035,2025-07-07 16:02:19.284913,2025-07-03,4.67
635,P,2025-07-07 16:02:19.284913,2025-07-07 19:12:22.437791,2025-07-03,4.8
679,P,2025-07-07 19:12:22.437791,2025-07-07 20:19:14.658248,2025-07-03,4.85
680,P,2025-07-07 20:19:14.658248,2025-07-07 21:26:06.878705,2025-07-03,4.89
715,P,2025-07-07 21:26:06.878705,2025-07-08 00:36:10.031583,2025-07-03,5.03
716,P,2025-07-08 00:36:10.031583,2025-07-08 03:46:13.184461,2025-07-03,5.16
717,P,2025-07-08 03:46:13.184461,2025-07-08 06:56:16.337339,2025-07-03,5.29
718,P,2025-07-08 06:56:16.337339,2025-07-08 10:06:19.490217,2025-07-03,5.42
719,P,2025-07-08 10:06:19.490217,2025-07-08 13:16:22.643095,2025-07-03,5.55
771,P,2025-07-08 13:16:22.643095,2025-07-08 16:26:25.795973,2025-07-03,5.69
772,P,2025-07-08 16:26:25.795973,2025-07-08 19:36:28.948851,2025-07-03,5.82
773,P,2025-07-08 19:36:28.948851,2025-07-08 22:46:32.101729,2025-07-03,5.95
774,P,2025-07-08 22:46:32.101729,2025-07-09 01:56:35.254607,2025-07-03,6.08
775,P,2025-07-09 01:56:35.254607,2025-07-09 05:06:38.407485,2025-07-03,6.21
776,P,2025-07-09 05:06:38.407485,2025-07-09 08:16:41.560363,2025-07-03,6.34
617,A,2025-07-09 20:16:41.560363,2025-07-11 01:09:37.085247,2025-07-04,7.05
628,A,2025-07-11 01:09:37.085247,2025-07-11 04:20:35.612479,2025-07-08,3.18
629,A,2025-07-11 04:20:35.612479,2025-07-11 07:31:34.139711,2025-07-08,3.31
630,A,2025-07-11 07:31:34.139711,2025-07-11 10:42:32.666943,2025-07-08,3.45
697,A,2025-07-11 10:42:32.666943,2025-07-11 13:53:31.194175,2025-07-08,3.58
698,A,2025-07-11 13:53:31.194175,2025-07-11 17:04:29.721407,2025-07-08,3.71
699,A,2025-07-11 17:04:29.721407,2025-07-11 20:15:28.248639,2025-07-08,3.84
700,A,2025-07-11 20:15:28.248639,2025-07-11 23:26:26.775871,2025-07-08,3.98
685,A,2025-07-11 23:26:26.775871,2025-07-12 08:24:00.408080,2025-07-09,3.35
732,A,2025-07-12 08:24:00.408080,2025-07-12 20:43:09.152367,2025-07-09,3.86
753,A,2025-07-12 20:43:09.152367,2025-07-13 06:47:54.488602,2025-07-09,4.28
791,A,2025-07-13 06:47:54.488602,2025-07-13 19:07:03.232889,2025-07-09,4.8
834,A,2025-07-13 19:07:03.232889,2025-07-14 07:26:11.977176,2025-07-09,5.31
532,A,2025-07-14 07:26:11.977176,2025-07-14 10:37:10.504408,2025-07-11,3.44
534,A,2025-07-14 10:37:10.504408,2025-07-14 13:48:09.031640,2025-07-11,3.58
535,A,2025-07-14 13:48:09.031640,2025-07-14 16:59:07.558872,2025-07-11,3.71
578,A,2025-07-14 16:59:07.558872,2025-07-14 20:49:00.230540,2025-07-11,3.87
579,A,2025-07-14 20:49:00.230540,2025-07-15 00:38:52.902208,2025-07-11,4.03
599,A,2025-07-15 00:38:52.902208,2025-07-15 03:49:51.429440,2025-07-11,4.16
600,A,2025-07-15 03:49:51.429440,2025-07-15 07:00:49.956672,2025-07-11,4.29
601,A,2025-07-15 07:00:49.956672,2025-07-15 10:11:48.483904,2025-07-11,4.42
743,P,2025-07-15 22:11:48.483904,2025-07-15 23:18:40.704361,2025-07-13,2.97
750,P,2025-07-15 23:18:40.704361,2025-07-16 00:25:32.924818,2025-07-13,3.02
759,P,2025-07-16 00:25:32.924818,2025-07-16 01:32:25.145275,2025-07-13,3.06
766,P,2025-07-16 01:32:25.145275,2025-07-16 02:39:17.365732,2025-07-13,3.11
789,P,2025-07-16 02:39:17.365732,2025-07-16 03:46:09.586189,2025-07-13,3.16
790,P,2025-07-16 03:46:09.586189,2025-07-16 04:53:01.806646,2025-07-13,3.2
533,A,2025-07-16 16:53:01.806646,2025-07-16 20:04:00.333878,2025-07-15,1.84
577,A,2025-07-16 20:04:00.333878,2025-07-17 02:36:33.973189,2025-07-16,1.11
702,A,2025-07-17 02:36:33.973189,2025-07-17 04:50:57.381241,2025-07-17,0.2
703,A,2025-07-17 04:50:57.381241,2025-07-17 08:12:32.493319,2025-07-17,0.34
733,A,2025-07-17 08:12:32.493319,2025-07-17 10:26:55.901371,2025-07-17,0.44
735,A,2025-07-17 10:26:55.901371,2025-07-17 13:48:31.013449,2025-07-17,0.58
763,A,2025-07-17 13:48:31.013449,2025-07-17 16:02:54.421501,2025-07-17,0.67
777,A,2025-07-17 16:02:54.421501,2025-07-17 19:24:29.533579,2025-07-17,0.81
799,A,2025-07-17 19:24:29.533579,2025-07-17 21:38:52.941631,2025-07-17,0.9
803,A,2025-07-17 21:38:52.941631,2025-07-18 01:00:28.053709,2025-07-17,1.04
792,A,2025-07-18 01:00:28.053709,2025-07-18 06:50:35.353635,2025-07-22,0.0
959,A,2025-07-18 06:50:35.353635,2025-07-18 12:40:42.653561,2025-07-22,0.0
686,A,2025-07-18 12:40:42.653561,2025-07-19 07:04:07.477569,2025-07-24,0.0
622,A,2025-07-19 07:04:07.477569,2025-07-19 12:33:01.607802,2025-07-25,0.0
627,A,2025-07-19 12:33:01.607802,2025-07-19 18:01:55.738035,2025-07-25,0.0
584,P,2025-07-20 06:01:55.738035,2025-07-20 09:11:58.890913,2025-07-28,0.0
608,P,2025-07-20 09:11:58.890913,2025-07-20 10:18:51.111370,2025-07-30,0.0
742,A,2025-07-20 22:18:51.111370,2025-07-21 04:51:24.750681,2025-08-04,0.0
876,H,2025-07-21 16:51:24.750681,2025-07-21 18:13:47.822768,2025-08-01,0.0
746,F,2025-07-22 06:13:47.822768,2025-07-23 12:51:15.653540,2025-08-01,0.0
417,V,2025-07-24 00:51:15.653540,2025-07-24 02:21:45.062840,2025-05-08,77.1
650,V,2025-07-24 02:21:45.062840,2025-07-25 10:40:49.547848,2025-07-07,18.45
701,V,2025-07-25 10:40:49.547848,2025-07-27 02:10:48.362858,2025-07-23,4.09
794,A,2025-07-27 14:10:48.362858,2025-07-28 19:03:43.887742,2025-08-04,0.0
809,A,2025-07-28 19:03:43.887742,2025-07-28 21:14:35.100846,2025-08-04,0.0
838,A,2025-07-28 21:14:35.100846,2025-07-29 03:47:08.740157,2025-08-04,0.0
847,A,2025-07-29 03:47:08.740157,2025-07-29 10:19:42.379468,2025-08-04,0.0
848,A,2025-07-29 10:19:42.379468,2025-07-29 16:52:16.018779,2025-08-04,0.0
644,P,2025-07-30 04:52:16.018779,2025-07-30 06:02:39.408734,2025-08-05,0.0
646,P,2025-07-30 06:02:39.408734,2025-07-30 06:37:51.103711,2025-08-05,0.0
663,A,2025-07-30 18:37:51.103711,2025-07-31 01:10:24.743022,2025-08-06,0.0
664,A,2025-07-31 01:10:24.743022,2025-07-31 07:42:58.382333,2025-08-08,0.0
852,A,2025-07-31 07:42:58.382333,2025-07-31 11:08:05.689360,2025-08-15,0.0
793,H,2025-07-31 23:08:05.689360,2025-08-01 01:52:51.833535,2025-08-19,0.0
756,F,2025-08-01 13:52:51.833535,2025-08-02 20:30:19.664307,2025-08-01,1.85
289,E,2025-08-03 08:30:19.664307,2025-08-03 09:48:00.638912,2025-05-15,80.41
315,E,2025-08-03 09:48:00.638912,2025-08-03 11:05:41.613517,2025-05-15,80.46
369,E,2025-08-03 11:05:41.613517,2025-08-03 12:23:22.588122,2025-05-15,80.52
396,E,2025-08-03 12:23:22.588122,2025-08-03 13:48:44.740270,2025-05-15,80.58
481,E,2025-08-03 13:48:44.740270,2025-08-03 15:06:25.714875,2025-05-19,76.63
529,E,2025-08-03 15:06:25.714875,2025-08-03 16:24:06.689480,2025-05-19,76.68
551,E,2025-08-03 16:24:06.689480,2025-08-03 17:41:47.664085,2025-05-19,76.74
552,E,2025-08-03 17:41:47.664085,2025-08-03 18:59:28.638690,2025-05-19,76.79
473,E,2025-08-03 18:59:28.638690,2025-08-03 20:21:28.556329,2025-05-26,69.85
484,E,2025-08-03 20:21:28.556329,2025-08-03 21:43:28.473968,2025-05-26,69.91
488,E,2025-08-03 21:43:28.473968,2025-08-03 23:05:28.391607,2025-05-26,69.96
501,E,2025-08-03 23:05:28.391607,2025-08-04 00:27:28.309246,2025-05-26,70.02
530,E,2025-08-04 00:27:28.309246,2025-08-04 01:49:28.226885,2025-05-26,70.08
531,E,2025-08-04 01:49:28.226885,2025-08-04 03:11:28.144524,2025-05-26,70.13
666,E,2025-08-04 03:11:28.144524,2025-08-04 04:33:28.062163,2025-05-26,70.19
671,E,2025-08-04 04:33:28.062163,2025-08-04 05:55:27.979802,2025-05-26,70.25
672,E,2025-08-04 05:55:27.979802,2025-08-04 07:13:08.954407,2025-05-26,70.3
683,E,2025-08-04 07:13:08.954407,2025-08-04 08:35:08.872046,2025-05-26,70.36
694,E,2025-08-04 08:35:08.872046,2025-08-04 09:57:08.789685,2025-05-26,70.41
695,E,2025-08-04 09:57:08.789685,2025-08-04 11:14:49.764290,2025-05-26,70.47
707,E,2025-08-04 11:14:49.764290,2025-08-04 12:32:30.738895,2025-05-26,70.52
726,E,2025-08-04 12:32:30.738895,2025-08-04 13:50:11.713500,2025-05-26,70.58
727,E,2025-08-04 13:50:11.713500,2025-08-04 15:07:52.688105,2025-06-03,62.63
731,E,2025-08-04 15:07:52.688105,2025-08-04 16:25:33.662710,2025-06-03,62.68
734,E,2025-08-04 16:25:33.662710,2025-08-04 17:43:14.637315,2025-06-03,62.74
762,E,2025-08-04 17:43:14.637315,2025-08-04 19:00:55.611920,2025-06-03,62.79
781,E,2025-08-04 19:00:55.611920,2025-08-04 20:18:36.586525,2025-06-03,62.85
798,E,2025-08-04 20:18:36.586525,2025-08-04 21:36:17.561130,2025-06-03,62.9
587,E,2025-08-04 21:36:17.561130,2025-08-04 22:53:58.535735,2025-06-12,53.95
609,E,2025-08-04 22:53:58.535735,2025-08-05 00:11:39.510340,2025-06-12,54.01
618,E,2025-08-05 00:11:39.510340,2025-08-05 01:29:20.484945,2025-06-12,54.06
625,E,2025-08-05 01:29:20.484945,2025-08-05 02:47:01.459550,2025-06-12,54.12
639,E,2025-08-05 02:47:01.459550,2025-08-05 04:09:01.377189,2025-06-12,54.17
641,E,2025-08-05 04:09:01.377189,2025-08-05 05:26:42.351794,2025-06-17,49.23
563,E,2025-08-05 05:26:42.351794,2025-08-05 06:44:23.326399,2025-06-19,47.28
591,E,2025-08-05 06:44:23.326399,2025-08-05 08:02:04.301004,2025-06-19,47.33
674,E,2025-08-05 08:02:04.301004,2025-08-05 09:19:45.275609,2025-06-24,42.39
684,E,2025-08-05 09:19:45.275609,2025-08-05 10:37:26.250214,2025-07-15,21.44
728,E,2025-08-05 10:37:26.250214,2025-08-05 11:55:07.224819,2025-07-15,21.5
643,E,2025-08-05 11:55:07.224819,2025-08-05 13:17:07.142458,2025-07-30,6.55
754,E,2025-08-05 13:17:07.142458,2025-08-05 14:34:48.117063,2025-08-01,4.61
755,E,2025-08-05 14:34:48.117063,2025-08-05 15:52:29.091668,2025-08-01,4.66
764,E,2025-08-05 15:52:29.091668,2025-08-05 17:10:10.066273,2025-08-01,4.72
765,E,2025-08-05 17:10:10.066273,2025-08-05 18:27:51.040878,2025-08-01,4.77
782,E,2025-08-05 18:27:51.040878,2025-08-05 19:45:32.015483,2025-08-01,4.82
758,E,2025-08-05 19:45:32.015483,2025-08-05 21:03:12.990088,2025-08-04,1.88
863,E,2025-08-05 21:03:12.990088,2025-08-05 22:20:53.964693,2025-08-04,1.93
667,E,2025-08-05 22:20:53.964693,2025-08-05 23:42:53.882332,2025-08-06,0.0
661,E,2025-08-05 23:42:53.882332,2025-08-06 01:04:53.799971,2025-08-08,0.0
662,E,2025-08-06 01:04:53.799971,2025-08-06 02:26:53.717610,2025-08-08,0.0
675,E,2025-08-06 02:26:53.717610,2025-08-06 03:48:53.635249,2025-08-08,0.0
676,E,2025-08-06 03:48:53.635249,2025-08-06 05:10:53.552888,2025-08-08,0.0
677,E,2025-08-06 05:10:53.552888,2025-08-06 06:32:53.470527,2025-08-08,0.0
688,E,2025-08-06 06:32:53.470527,2025-08-06 07:54:53.388166,2025-08-08,0.0
720,E,2025-08-06 07:54:53.388166,2025-08-06 09:16:53.305805,2025-08-18,0.0
721,E,2025-08-06 09:16:53.305805,2025-08-06 10:38:53.223444,2025-08-18,0.0
722,E,2025-08-06 10:38:53.223444,2025-08-06 12:00:53.141083,2025-08-18,0.0
723,E,2025-08-06 12:00:53.141083,2025-08-06 13:22:53.058722,2025-08-18,0.0
836,A,2025-08-07 01:22:53.058722,2025-08-07 08:06:03.282879,2025-08-28,0.0
953,A,2025-08-07 08:06:03.282879,2025-08-07 14:38:36.922190,2025-08-28,0.0
967,A,2025-08-07 14:38:36.922190,2025-08-07 21:11:10.561501,2025-08-28,0.0
973,A,2025-08-07 21:11:10.561501,2025-08-08 03:43:44.200812,2025-08-28,0.0
977,A,2025-08-08 03:43:44.200812,2025-08-08 10:16:17.840123,2025-08-28,0.0
978,A,2025-08-08 10:16:17.840123,2025-08-08 14:38:00.266330,2025-08-28,0.0
815,A,2025-08-08 14:38:00.266330,2025-08-08 17:31:17.818818,2025-09-01,0.0
816,P,2025-08-09 05:31:17.818818,2025-08-09 11:51:24.124574,2025-09-01,0.0
817,P,2025-08-09 11:51:24.124574,2025-08-09 18:11:30.430330,2025-09-01,0.0
839,P,2025-08-09 18:11:30.430330,2025-08-10 00:31:36.736086,2025-09-01,0.0
840,P,2025-08-10 00:31:36.736086,2025-08-10 03:41:39.888964,2025-09-01,0.0
903,A,2025-08-10 15:41:39.888964,2025-08-10 18:34:57.441452,2025-09-01,0.0
904,A,2025-08-10 18:34:57.441452,2025-08-10 21:28:14.993940,2025-09-01,0.0
905,H,2025-08-11 09:28:14.993940,2025-08-11 10:36:18.401317,2025-09-02,0.0
757,F,2025-08-11 22:36:18.401317,2025-08-13 05:13:46.232089,2025-08-01,12.22
517,M,2025-08-13 17:13:46.232089,2025-08-13 18:27:01.468189,2025-06-03,71.77
518,M,2025-08-13 18:27:01.468189,2025-08-13 21:02:09.026990,2025-07-09,35.88
621,M,2025-08-13 21:02:09.026990,2025-08-14 02:25:19.774491,2025-07-17,28.1
648,M,2025-08-14 02:25:19.774491,2025-08-14 03:34:16.467291,2025-07-22,23.15
649,M,2025-08-14 03:34:16.467291,2025-08-14 05:18:19.253813,2025-08-05,9.22
784,A,2025-08-14 17:18:19.253813,2025-08-15 00:12:06.062816,2025-09-04,0.0
915,H,2025-08-15 12:12:06.062816,2025-08-15 13:20:09.470193,2025-09-02,0.0
786,F,2025-08-16 01:20:09.470193,2025-08-17 07:57:37.300965,2025-08-01,16.33
767,N,2025-08-17 19:57:37.300965,2025-08-18 00:46:19.702066,2025-06-10,69.03
668,N,2025-08-18 00:46:19.702066,2025-08-19 05:55:48.281873,2025-06-20,60.25
504,N,2025-08-19 05:55:48.281873,2025-08-19 16:11:59.973776,2025-06-25,55.67
557,N,2025-08-19 16:11:59.973776,2025-08-20 09:17:33.279180,2025-06-25,56.39
583,N,2025-08-20 09:17:33.279180,2025-08-21 02:23:06.584584,2025-06-25,57.1
768,N,2025-08-21 02:23:06.584584,2025-08-21 07:11:48.985685,2025-07-04,48.3
714,N,2025-08-21 07:11:48.985685,2025-08-22 08:54:27.487091,2025-07-11,42.37
645,N,2025-08-22 08:54:27.487091,2025-08-22 22:33:10.714094,2025-07-17,36.94
725,N,2025-08-22 22:33:10.714094,2025-08-23 12:11:53.941097,2025-07-17,37.51
749,N,2025-08-23 12:11:53.941097,2025-08-24 01:50:37.168100,2025-07-17,38.08
890,N,2025-08-24 01:50:37.168100,2025-08-24 05:04:31.616601,2025-07-25,30.21
900,N,2025-08-24 05:04:31.616601,2025-08-24 09:53:14.017702,2025-07-25,30.41
846,N,2025-08-24 09:53:14.017702,2025-08-25 11:35:52.519108,2025-08-13,12.48
856,N,2025-08-25 11:35:52.519108,2025-08-25 16:37:30.550109,2025-08-20,5.69
952,N,2025-08-25 16:37:30.550109,2025-08-25 21:39:08.581110,2025-08-20,5.9
987,N,2025-08-25 21:39:08.581110,2025-08-26 02:40:46.612111,2025-08-20,6.11
938,N,2025-08-26 02:40:46.612111,2025-08-26 07:29:29.013212,2025-08-21,5.31
745,N,2025-08-26 07:29:29.013212,2025-08-26 22:55:55.822716,2025-08-22,4.96
736,N,2025-08-26 22:55:55.822716,2025-08-27 00:17:48.145416,2025-08-26,1.01
737,N,2025-08-27 00:17:48.145416,2025-08-27 01:39:40.468116,2025-08-26,1.07
738,N,2025-08-27 01:39:40.468116,2025-08-27 03:01:32.790816,2025-08-26,1.13
739,N,2025-08-27 03:01:32.790816,2025-08-27 04:23:25.113516,2025-08-26,1.18
740,N,2025-08-27 04:23:25.113516,2025-08-27 05:45:17.436216,2025-08-26,1.24
741,N,2025-08-27 05:45:17.436216,2025-08-27 07:07:09.758916,2025-08-26,1.3
778,N,2025-08-27 07:07:09.758916,2025-08-27 11:46:43.014048,2025-08-27,0.49
783,N,2025-08-27 11:46:43.014048,2025-08-27 16:27:29.695477,2025-08-27,0.69
858,N,2025-08-27 16:27:29.695477,2025-08-28 09:33:03.000881,2025-08-27,1.4
887,N,2025-08-28 09:33:03.000881,2025-08-29 02:38:36.306285,2025-08-27,2.11
893,N,2025-08-29 02:38:36.306285,2025-08-29 19:44:09.611689,2025-08-27,2.82
926,N,2025-08-29 19:44:09.611689,2025-08-30 00:10:14.919008,2025-08-27,3.01
972,N,2025-08-30 00:10:14.919008,2025-08-30 03:24:09.367509,2025-08-27,3.14
979,N,2025-08-30 03:24:09.367509,2025-08-30 07:59:47.865325,2025-08-27,3.33
747,N,2025-08-30 07:59:47.865325,2025-08-30 12:38:57.593017,2025-08-28,2.53
957,N,2025-08-30 12:38:57.593017,2025-08-31 17:48:26.172824,2025-09-03,0.0
818,A,2025-09-01 05:48:26.172824,2025-09-01 12:42:12.981827,2025-09-04,0.0
923,H,2025-09-02 00:42:12.981827,2025-09-02 01:53:51.305381,2025-09-02,0.08
636,F,2025-09-02 13:53:51.305381,2025-09-02 18:16:20.995491,2025-08-07,26.76
724,C,2025-09-03 06:16:20.995491,2025-09-03 07:22:54.118446,2025-07-08,57.31
850,C,2025-09-03 07:22:54.118446,2025-09-03 08:29:27.241401,2025-07-08,57.35
851,C,2025-09-03 08:29:27.241401,2025-09-03 09:36:00.364356,2025-07-08,57.4
849,C,2025-09-03 09:36:00.364356,2025-09-03 15:15:46.307863,2025-08-11,23.64
868,C,2025-09-03 15:15:46.307863,2025-09-03 16:22:19.430818,2025-09-04,0.0
885,C,2025-09-03 16:22:19.430818,2025-09-03 17:28:52.553773,2025-09-04,0.0
895,A,2025-09-04 05:28:52.553773,2025-09-05 04:31:40.778732,2025-09-04,1.19
918,H,2025-09-05 16:31:40.778732,2025-09-06 00:53:09.043612,2025-09-03,3.04
877,F,2025-09-06 12:53:09.043612,2025-09-07 00:36:46.962935,2025-08-08,30.03
859,F,2025-09-07 00:36:46.962935,2025-09-08 07:14:14.793707,2025-09-01,7.3
878,F,2025-09-08 07:14:14.793707,2025-09-09 13:51:42.624479,2025-09-01,8.58
879,F,2025-09-09 13:51:42.624479,2025-09-10 20:29:10.455251,2025-09-01,9.85
880,F,2025-09-10 20:29:10.455251,2025-09-12 03:06:38.286023,2025-09-01,11.13
960,F,2025-09-12 03:06:38.286023,2025-09-13 09:44:06.116795,2025-09-01,12.41
962,F,2025-09-13 09:44:06.116795,2025-09-14 16:21:33.947567,2025-09-01,13.68
795,E,2025-09-15 04:21:33.947567,2025-09-15 05:39:14.922172,2025-09-02,13.24
933,A,2025-09-15 17:39:14.922172,2025-09-16 16:42:03.147131,2025-09-04,12.7
785,P,2025-09-17 04:42:03.147131,2025-09-17 11:02:09.452887,2025-09-04,13.46
800,P,2025-09-17 11:02:09.452887,2025-09-17 17:22:15.758643,2025-09-04,13.72
801,P,2025-09-17 17:22:15.758643,2025-09-17 23:42:22.064399,2025-09-04,13.99
802,P,2025-09-18 23:42:22.064399,2025-09-19 02:52:25.217277,2025-09-04,15.12
883,P,2025-09-19 02:52:25.217277,2025-09-19 14:18:43.269336,2025-09-04,15.6
884,P,2025-09-19 14:18:43.269336,2025-09-20 01:45:01.321395,2025-09-04,16.07
906,P,2025-09-20 01:45:01.321395,2025-09-20 13:11:19.373454,2025-09-04,16.55
935,A,2025-09-21 01:11:19.373454,2025-09-22 00:14:07.598413,2025-09-04,18.01
936,A,2025-09-22 00:14:07.598413,2025-09-22 23:16:55.823372,2025-09-04,18.97
968,A,2025-09-22 23:16:55.823372,2025-09-23 22:19:44.048331,2025-09-04,19.93
980,A,2025-09-23 22:19:44.048331,2025-09-24 21:22:32.273290,2025-09-04,20.89
981,A,2025-09-24 21:22:32.273290,2025-09-25 20:25:20.498249,2025-09-04,21.85
982,A,2025-09-25 20:25:20.498249,2025-09-26 19:28:08.723208,2025-09-04,22.81
814,A,2025-09-26 19:28:08.723208,2025-09-26 20:35:20.427234,2025-09-12,14.86
924,A,2025-09-26 20:35:20.427234,2025-09-27 05:18:45.279648,2025-09-15,12.22
991,H,2025-09-27 17:18:45.279648,2025-09-27 18:33:58.519380,2025-09-22,5.77
881,F,2025-09-28 06:33:58.519380,2025-09-29 13:11:26.350152,2025-09-03,26.55
961,F,2025-09-29 13:11:26.350152,2025-09-30 19:48:54.180924,2025-09-03,27.83
937,C,2025-10-01 07:48:54.180924,2025-10-01 08:55:27.303879,2025-09-04,27.37
950,C,2025-10-01 08:55:27.303879,2025-10-01 10:02:00.426834,2025-09-04,27.42
969,C,2025-10-01 10:02:00.426834,2025-10-01 11:08:33.549789,2025-09-04,27.46
970,C,2025-10-01 11:08:33.549789,2025-10-01 12:15:06.672744,2025-09-04,27.51
971,C,2025-10-01 12:15:06.672744,2025-10-01 13:21:39.795699,2025-09-04,27.56
976,C,2025-10-01 13:21:39.795699,2025-10-01 22:00:04.121874,2025-09-16,15.92
958,C,2025-10-01 22:00:04.121874,2025-10-01 23:27:38.231025,2025-10-01,0.98
994,A,2025-10-02 11:27:38.231025,2025-10-02 12:52:30.909795,2025-10-02,0.54
934,A,2025-10-02 12:52:30.909795,2025-10-02 14:17:23.588565,2025-10-07,0.0
945,P,2025-10-03 02:17:23.588565,2025-10-03 03:24:15.809022,2025-10-16,0.0
947,P,2025-10-03 03:24:15.809022,2025-10-03 04:30:07.001494,2025-10-16,0.0
963,E,2025-10-03 04:30:07.001494,2025-10-03 05:47:47.976099,2025-09-04,29.24
882,E,2025-10-03 05:47:47.976099,2025-10-03 07:05:28.950704,2025-09-05,28.3
894,E,2025-10-03 07:05:28.950704,2025-10-03 08:23:09.925309,2025-09-05,28.35
942,E,2025-10-03 08:23:09.925309,2025-10-03 09:40:50.899914,2025-09-22,11.4
943,E,2025-10-03 09:40:50.899914,2025-10-03 10:58:31.874519,2025-09-22,11.46
954,E,2025-10-03 10:58:31.874519,2025-10-03 12:20:31.792158,2025-09-22,11.51
916,E,2025-10-03 12:20:31.792158,2025-10-03 13:38:12.766763,2025-10-08,0.0
922,E,2025-10-03 13:38:12.766763,2025-10-03 14:55:53.741368,2025-10-16,0.0
940,E,2025-10-03 14:55:53.741368,2025-10-03 16:13:34.715973,2025-10-16,0.0
966,E,2025-10-03 16:13:34.715973,2025-10-03 17:31:15.690578,2025-10-16,0.0
988,E,2025-10-03 17:31:15.690578,2025-10-03 18:48:56.665183,2025-10-16,0.0
1002,E,2025-10-03 18:48:56.665183,2025-10-03 20:06:37.639788,2025-10-16,0.0
860,F,2025-10-03 20:06:37.639788,2025-10-04 03:31:24.614697,2025-09-05,29.15
974,N,2025-10-04 15:31:24.614697,2025-10-04 17:06:12.567297,2025-09-05,29.71
975,N,2025-10-04 17:06:12.567297,2025-10-04 18:41:00.519897,2025-09-05,29.78
804,N,2025-10-04 18:41:00.519897,2025-10-04 20:02:52.842597,2025-09-09,25.84
805,N,2025-10-04 20:02:52.842597,2025-10-04 21:24:45.165297,2025-09-09,25.89
806,N,2025-10-04 21:24:45.165297,2025-10-04 22:46:37.487997,2025-09-09,25.95
807,N,2025-10-04 22:46:37.487997,2025-10-05 00:08:29.810697,2025-09-09,26.01
995,N,2025-10-05 00:08:29.810697,2025-10-05 03:22:24.259198,2025-09-09,26.14
941,N,2025-10-05 03:22:24.259198,2025-10-05 20:27:57.564602,2025-09-10,25.85
825,N,2025-10-05 20:27:57.564602,2025-10-05 21:49:49.887302,2025-09-15,20.91
826,N,2025-10-05 21:49:49.887302,2025-10-05 23:11:42.210002,2025-09-15,20.97
827,N,2025-10-05 23:11:42.210002,2025-10-06 00:33:34.532702,2025-09-15,21.02
989,N,2025-10-06 00:33:34.532702,2025-10-06 17:39:07.838106,2025-09-22,14.74
1001,N,2025-10-06 17:39:07.838106,2025-10-07 10:44:41.143510,2025-09-22,15.45
869,N,2025-10-07 10:44:41.143510,2025-10-07 12:06:33.466210,2025-09-26,11.5
870,N,2025-10-07 12:06:33.466210,2025-10-07 13:28:25.788910,2025-09-26,11.56
871,N,2025-10-07 13:28:25.788910,2025-10-07 14:50:18.111610,2025-09-26,11.62
927,N,2025-10-07 14:50:18.111610,2025-10-07 16:12:10.434310,2025-10-17,0.0
928,N,2025-10-07 16:12:10.434310,2025-10-07 17:34:02.757010,2025-10-17,0.0
929,N,2025-10-07 17:34:02.757010,2025-10-07 18:55:55.079710,2025-10-17,0.0
930,N,2025-10-07 18:55:55.079710,2025-10-07 20:17:47.402410,2025-10-17,0.0
993,N,2025-10-07 20:17:47.402410,2025-10-08 22:00:25.903816,2025-10-17,0.0
919,C,2025-10-08 22:00:25.903816,2025-10-08 23:03:28.862405,2025-10-03,5.96
944,C,2025-10-08 23:03:28.862405,2025-10-09 00:06:31.820994,2025-10-03,6.0
984,F,2025-10-09 00:06:31.820994,2025-10-10 06:25:45.923286,2025-10-06,4.27
996,F,2025-10-10 06:25:45.923286,2025-10-11 12:45:00.025578,2025-10-06,5.53
983,F,2025-10-11 12:45:00.025578,2025-10-12 19:04:14.127870,2025-10-07,5.79
986,F,2025-10-12 19:04:14.127870,2025-10-14 00:50:39.518898,2025-10-07,7.04
997,F,2025-10-14 00:50:39.518898,2025-10-15 07:09:53.621190,2025-10-07,8.3
999,F,2025-10-15 07:09:53.621190,2025-10-16 12:56:19.012218,2025-10-07,9.54
965,F,2025-10-16 12:56:19.012218,2025-10-17 18:42:44.403246,2025-10-08,9.78
946,F,2025-10-17 18:42:44.403246,2025-10-19 01:01:58.505538,2025-10-09,10.04
951,F,2025-10-19 01:01:58.505538,2025-10-20 07:21:12.607830,2025-10-09,11.31
964,F,2025-10-20 07:21:12.607830,2025-10-21 13:40:26.710122,2025-10-09,12.57
985,F,2025-10-21 13:40:26.710122,2025-10-22 19:26:52.101150,2025-10-09,13.81
998,F,2025-10-22 19:26:52.101150,2025-10-24 01:46:06.203442,2025-10-09,15.07
1000,V,2025-10-24 13:46:06.203442,2025-10-26 01:40:37.853451,2025-10-21,5.07
992,V,2025-10-26 01:40:37.853451,2025-10-26 05:29:00.648352,2025-10-29,0.0
