Commande_ID,Famille,Debut,Fin,Retard_H
118,H,2025-01-06 00:00:00,2025-01-06 06:00:00,0
52,H,2025-01-06 06:00:00,2025-01-06 12:00:00,0
250,H,2025-01-06 12:00:00,2025-01-06 18:00:00,0
235,H,2025-01-06 18:00:00,2025-01-07 00:00:00,0
160,H,2025-01-07 00:00:00,2025-01-07 06:00:00,0
251,H,2025-01-07 06:00:00,2025-01-07 12:00:00,0
234,H,2025-01-07 12:00:00,2025-01-07 18:00:00,0
249,H,2025-01-07 18:00:00,2025-01-08 00:00:00,0
236,E,2025-01-08 00:00:00,2025-01-08 01:00:00,0
343,E,2025-01-08 01:00:00,2025-01-08 02:00:00,0
183,E,2025-01-08 02:00:00,2025-01-08 03:00:00,0
170,E,2025-01-08 03:00:00,2025-01-08 04:00:00,0
258,E,2025-01-08 04:00:00,2025-01-08 05:00:00,0
4,N,2025-01-08 05:00:00,2025-01-08 06:00:00,0
2,N,2025-01-08 06:00:00,2025-01-08 07:00:00,0
1,N,2025-01-08 07:00:00,2025-01-08 08:00:00,0
3,N,2025-01-08 08:00:00,2025-01-08 09:00:00,0
0,N,2025-01-08 09:00:00,2025-01-08 10:00:00,0
5,N,2025-01-08 10:00:00,2025-01-08 11:00:00,0
28,P,2025-01-08 11:00:00,2025-01-08 12:00:00,0
216,H,2025-01-08 12:00:00,2025-01-08 13:00:00,0
10,E,2025-01-08 13:00:00,2025-01-08 14:00:00,0
172,E,2025-01-08 14:00:00,2025-01-08 15:00:00,0
208,P,2025-01-08 15:00:00,2025-01-08 16:00:00,0
9,E,2025-01-08 16:00:00,2025-01-08 17:00:00,0
209,P,2025-01-08 17:00:00,2025-01-08 18:00:00,0
359,E,2025-01-08 18:00:00,2025-01-08 19:00:00,0
150,P,2025-01-08 19:00:00,2025-01-08 20:00:00,0
122,P,2025-01-08 20:00:00,2025-01-08 21:00:00,0
173,E,2025-01-08 21:00:00,2025-01-08 22:00:00,0
124,E,2025-01-08 22:00:00,2025-01-08 23:00:00,0
206,H,2025-01-08 23:00:00,2025-01-09 00:00:00,0
171,E,2025-01-09 00:00:00,2025-01-09 01:00:00,0
110,P,2025-01-09 01:00:00,2025-01-09 02:00:00,0
352,E,2025-01-09 02:00:00,2025-01-09 03:00:00,0
217,P,2025-01-09 03:00:00,2025-01-09 04:00:00,0
243,H,2025-01-09 04:00:00,2025-01-09 05:00:00,0
111,P,2025-01-09 05:00:00,2025-01-09 06:00:00,0
107,E,2025-01-09 06:00:00,2025-01-09 07:00:00,0
121,H,2025-01-09 07:00:00,2025-01-09 08:00:00,0
127,E,2025-01-09 08:00:00,2025-01-09 09:00:00,0
103,H,2025-01-09 09:00:00,2025-01-09 10:00:00,0
11,E,2025-01-09 10:00:00,2025-01-09 11:00:00,0
207,P,2025-01-09 11:00:00,2025-01-09 12:00:00,0
321,H,2025-01-09 12:00:00,2025-01-09 13:00:00,0
218,P,2025-01-09 13:00:00,2025-01-09 14:00:00,0
112,P,2025-01-09 14:00:00,2025-01-09 15:00:00,0
244,E,2025-01-09 15:00:00,2025-01-09 16:00:00,0
113,E,2025-01-09 16:00:00,2025-01-09 17:00:00,0
13,A,2025-01-09 17:00:00,2025-01-10 00:00:00,0
12,A,2025-01-10 00:00:00,2025-01-10 02:00:00,0
324,E,2025-01-10 02:00:00,2025-01-10 03:00:00,0
337,E,2025-01-10 03:00:00,2025-01-10 04:00:00,0
463,E,2025-01-10 04:00:00,2025-01-10 05:00:00,0
485,E,2025-01-10 05:00:00,2025-01-10 06:00:00,0
344,E,2025-01-10 06:00:00,2025-01-10 07:00:00,0
379,E,2025-01-10 07:00:00,2025-01-10 08:00:00,0
6,E,2025-01-10 08:00:00,2025-01-10 09:00:00,0
446,E,2025-01-10 09:00:00,2025-01-10 10:00:00,0
427,E,2025-01-10 10:00:00,2025-01-10 11:00:00,0
365,E,2025-01-10 11:00:00,2025-01-10 12:00:00,0
269,E,2025-01-10 12:00:00,2025-01-10 13:00:00,0
389,E,2025-01-10 13:00:00,2025-01-10 14:00:00,0
475,E,2025-01-10 14:00:00,2025-01-10 15:00:00,0
7,E,2025-01-10 15:00:00,2025-01-10 16:00:00,0
8,E,2025-01-10 16:00:00,2025-01-10 17:00:00,0
279,F,2025-01-10 17:00:00,2025-01-11 13:00:00,0
131,P,2025-01-11 13:00:00,2025-01-11 23:00:00,0
143,P,2025-01-11 23:00:00,2025-01-12 09:00:00,0
155,P,2025-01-12 09:00:00,2025-01-12 19:00:00,0
89,P,2025-01-12 19:00:00,2025-01-13 05:00:00,0
54,P,2025-01-13 05:00:00,2025-01-13 11:00:00,0
32,P,2025-01-13 11:00:00,2025-01-13 17:00:00,0
16,P,2025-01-13 17:00:00,2025-01-13 23:00:00,0
78,P,2025-01-13 23:00:00,2025-01-14 05:00:00,0
84,A,2025-01-14 05:00:00,2025-01-14 11:00:00,0
30,P,2025-01-14 11:00:00,2025-01-14 17:00:00,0
79,P,2025-01-14 17:00:00,2025-01-14 23:00:00,0
77,P,2025-01-14 23:00:00,2025-01-15 05:00:00,0
90,A,2025-01-15 05:00:00,2025-01-15 11:00:00,0
15,P,2025-01-15 11:00:00,2025-01-15 17:00:00,0
17,P,2025-01-15 17:00:00,2025-01-15 23:00:00,0
31,P,2025-01-15 23:00:00,2025-01-16 05:00:00,0
80,P,2025-01-16 05:00:00,2025-01-16 11:00:00,0
53,P,2025-01-16 11:00:00,2025-01-16 17:00:00,0
151,A,2025-01-16 17:00:00,2025-01-16 20:00:00,0
55,A,2025-01-16 20:00:00,2025-01-16 23:00:00,0
20,A,2025-01-16 23:00:00,2025-01-17 02:00:00,0
144,A,2025-01-17 02:00:00,2025-01-17 05:00:00,0
179,A,2025-01-17 05:00:00,2025-01-17 08:00:00,0
35,A,2025-01-17 08:00:00,2025-01-17 11:00:00,0
56,A,2025-01-17 11:00:00,2025-01-17 14:00:00,0
177,A,2025-01-17 14:00:00,2025-01-17 17:00:00,0
57,A,2025-01-17 17:00:00,2025-01-17 20:00:00,0
133,A,2025-01-17 20:00:00,2025-01-17 23:00:00,0
145,A,2025-01-17 23:00:00,2025-01-18 02:00:00,0
34,A,2025-01-18 02:00:00,2025-01-18 05:00:00,0
19,A,2025-01-18 05:00:00,2025-01-18 08:00:00,0
178,A,2025-01-18 08:00:00,2025-01-18 11:00:00,0
134,A,2025-01-18 11:00:00,2025-01-18 14:00:00,0
33,A,2025-01-18 14:00:00,2025-01-18 17:00:00,0
18,A,2025-01-18 17:00:00,2025-01-18 20:00:00,0
132,A,2025-01-18 20:00:00,2025-01-18 23:00:00,0
260,E,2025-01-18 23:00:00,2025-01-19 00:00:00,0
270,E,2025-01-19 00:00:00,2025-01-19 01:00:00,0
161,P,2025-01-19 01:00:00,2025-01-19 02:00:00,0
162,P,2025-01-19 02:00:00,2025-01-19 03:00:00,0
219,E,2025-01-19 03:00:00,2025-01-19 04:00:00,0
345,E,2025-01-19 04:00:00,2025-01-19 05:00:00,0
346,E,2025-01-19 05:00:00,2025-01-19 06:00:00,0
226,E,2025-01-19 06:00:00,2025-01-19 07:00:00,0
67,E,2025-01-19 07:00:00,2025-01-19 14:00:00,0
408,H,2025-01-19 14:00:00,2025-01-19 20:00:00,0
308,H,2025-01-19 20:00:00,2025-01-20 02:00:00,0
136,N,2025-01-20 02:00:00,2025-01-20 07:00:00,0
21,N,2025-01-20 07:00:00,2025-01-20 12:00:00,0
58,N,2025-01-20 12:00:00,2025-01-20 17:00:00,0
37,N,2025-01-20 17:00:00,2025-01-20 22:00:00,0
410,C,2025-01-20 22:00:00,2025-01-21 04:00:00,0
290,N,2025-01-21 04:00:00,2025-01-22 09:00:00,0
14,A,2025-01-22 09:00:00,2025-01-22 11:00:00,0
23,A,2025-01-22 11:00:00,2025-01-22 13:00:00,0
25,A,2025-01-22 13:00:00,2025-01-22 15:00:00,0
39,A,2025-01-22 15:00:00,2025-01-22 17:00:00,0
69,A,2025-01-22 17:00:00,2025-01-22 19:00:00,0
71,A,2025-01-22 19:00:00,2025-01-22 21:00:00,0
72,A,2025-01-22 21:00:00,2025-01-22 23:00:00,0
36,A,2025-01-22 23:00:00,2025-01-23 01:00:00,0
115,N,2025-01-23 01:00:00,2025-01-24 03:00:00,0
221,N,2025-01-24 03:00:00,2025-01-25 05:00:00,0
41,A,2025-01-25 05:00:00,2025-01-25 06:00:00,0
259,A,2025-01-25 06:00:00,2025-01-26 12:00:00,0
228,P,2025-01-26 12:00:00,2025-01-26 13:00:00,0
227,P,2025-01-26 13:00:00,2025-01-26 14:00:00,0
196,A,2025-01-26 14:00:00,2025-01-27 08:00:00,0
24,A,2025-01-27 08:00:00,2025-01-27 15:00:00,0
27,A,2025-01-27 15:00:00,2025-01-27 22:00:00,0
126,A,2025-01-27 22:00:00,2025-01-28 05:00:00,0
40,A,2025-01-28 05:00:00,2025-01-28 12:00:00,0
29,A,2025-01-28 12:00:00,2025-01-28 19:00:00,0
130,A,2025-01-28 19:00:00,2025-01-29 02:00:00,0
70,A,2025-01-29 02:00:00,2025-01-29 09:00:00,0
22,A,2025-01-29 09:00:00,2025-01-29 16:00:00,0
42,A,2025-01-29 16:00:00,2025-01-29 23:00:00,0
129,A,2025-01-29 23:00:00,2025-01-30 06:00:00,0
38,A,2025-01-30 06:00:00,2025-01-30 13:00:00,0
26,A,2025-01-30 13:00:00,2025-01-30 20:00:00,0
123,A,2025-01-30 20:00:00,2025-01-31 03:00:00,0
73,A,2025-01-31 03:00:00,2025-01-31 10:00:00,0
280,H,2025-01-31 10:00:00,2025-01-31 16:00:00,0
204,C,2025-01-31 16:00:00,2025-01-31 21:00:00,0
210,A,2025-01-31 21:00:00,2025-01-31 23:00:00,0
176,A,2025-01-31 23:00:00,2025-02-01 01:00:00,0
199,A,2025-02-01 01:00:00,2025-02-01 03:00:00,0
174,A,2025-02-01 03:00:00,2025-02-01 05:00:00,0
91,A,2025-02-01 05:00:00,2025-02-01 07:00:00,0
135,A,2025-02-01 07:00:00,2025-02-01 09:00:00,0
125,A,2025-02-01 09:00:00,2025-02-01 11:00:00,0
128,A,2025-02-01 11:00:00,2025-02-01 13:00:00,0
180,A,2025-02-01 13:00:00,2025-02-01 15:00:00,0
92,A,2025-02-01 15:00:00,2025-02-01 17:00:00,0
146,A,2025-02-01 17:00:00,2025-02-01 19:00:00,0
114,A,2025-02-01 19:00:00,2025-02-01 21:00:00,0
104,A,2025-02-01 21:00:00,2025-02-01 22:00:00,0
220,A,2025-02-01 22:00:00,2025-02-01 23:00:00,0
152,A,2025-02-01 23:00:00,2025-02-02 00:00:00,0
457,N,2025-02-02 00:00:00,2025-02-02 05:00:00,0
521,N,2025-02-02 05:00:00,2025-02-02 10:00:00,0
708,N,2025-02-02 10:00:00,2025-02-02 15:00:00,0
140,N,2025-02-02 15:00:00,2025-02-02 20:00:00,0
623,N,2025-02-02 20:00:00,2025-02-03 01:00:00,0
142,N,2025-02-03 01:00:00,2025-02-03 06:00:00,0
141,N,2025-02-03 06:00:00,2025-02-03 11:00:00,0
157,N,2025-02-03 11:00:00,2025-02-03 16:00:00,0
436,N,2025-02-03 16:00:00,2025-02-03 21:00:00,0
491,N,2025-02-03 21:00:00,2025-02-04 02:00:00,0
431,N,2025-02-04 02:00:00,2025-02-04 07:00:00,0
211,H,2025-02-04 07:00:00,2025-02-04 08:00:00,0
709,F,2025-02-04 08:00:00,2025-02-06 01:00:00,0
120,F,2025-02-06 01:00:00,2025-02-07 08:00:00,0
119,F,2025-02-07 08:00:00,2025-02-08 15:00:00,0
68,N,2025-02-08 15:00:00,2025-02-09 13:00:00,0
369,H,2025-02-09 13:00:00,2025-02-09 16:00:00,0
106,A,2025-02-09 16:00:00,2025-02-09 23:00:00,0
74,A,2025-02-09 23:00:00,2025-02-10 06:00:00,0
85,A,2025-02-10 06:00:00,2025-02-10 13:00:00,0
108,A,2025-02-10 13:00:00,2025-02-10 20:00:00,0
105,A,2025-02-10 20:00:00,2025-02-11 03:00:00,0
116,A,2025-02-11 03:00:00,2025-02-11 10:00:00,0
86,A,2025-02-11 10:00:00,2025-02-11 17:00:00,0
109,A,2025-02-11 17:00:00,2025-02-12 00:00:00,0
325,H,2025-02-12 00:00:00,2025-02-12 03:00:00,0
75,A,2025-02-12 03:00:00,2025-02-12 05:00:00,0
93,E,2025-02-12 05:00:00,2025-02-12 06:00:00,0
76,E,2025-02-12 06:00:00,2025-02-12 07:00:00,0
43,C,2025-02-12 07:00:00,2025-02-12 08:00:00,0
360,C,2025-02-12 08:00:00,2025-02-12 09:00:00,0
291,C,2025-02-12 09:00:00,2025-02-12 10:00:00,0
443,N,2025-02-12 10:00:00,2025-02-12 15:00:00,0
305,N,2025-02-12 15:00:00,2025-02-12 20:00:00,0
229,N,2025-02-12 20:00:00,2025-02-13 01:00:00,0
444,N,2025-02-13 01:00:00,2025-02-13 06:00:00,0
492,N,2025-02-13 06:00:00,2025-02-13 11:00:00,0
442,N,2025-02-13 11:00:00,2025-02-13 16:00:00,0
230,N,2025-02-13 16:00:00,2025-02-13 21:00:00,0
445,N,2025-02-13 21:00:00,2025-02-14 02:00:00,0
522,N,2025-02-14 02:00:00,2025-02-14 07:00:00,0
307,F,2025-02-14 07:00:00,2025-02-14 11:00:00,0
50,A,2025-02-14 11:00:00,2025-02-14 12:00:00,0
46,A,2025-02-14 12:00:00,2025-02-14 13:00:00,0
47,A,2025-02-14 13:00:00,2025-02-14 14:00:00,0
49,A,2025-02-14 14:00:00,2025-02-14 15:00:00,0
48,A,2025-02-14 15:00:00,2025-02-14 16:00:00,0
51,A,2025-02-14 16:00:00,2025-02-14 17:00:00,0
44,A,2025-02-14 17:00:00,2025-02-14 18:00:00,0
45,A,2025-02-14 18:00:00,2025-02-14 19:00:00,0
117,N,2025-02-14 19:00:00,2025-02-15 17:00:00,0
137,N,2025-02-15 17:00:00,2025-02-16 15:00:00,0
409,E,2025-02-16 15:00:00,2025-02-16 20:00:00,0
60,N,2025-02-16 20:00:00,2025-02-16 21:00:00,0
59,N,2025-02-16 21:00:00,2025-02-16 22:00:00,0
64,N,2025-02-16 22:00:00,2025-02-16 23:00:00,0
61,N,2025-02-16 23:00:00,2025-02-17 00:00:00,0
65,N,2025-02-17 00:00:00,2025-02-17 01:00:00,0
62,N,2025-02-17 01:00:00,2025-02-17 02:00:00,0
63,N,2025-02-17 02:00:00,2025-02-17 03:00:00,0
66,N,2025-02-17 03:00:00,2025-02-17 04:00:00,0
380,P,2025-02-17 04:00:00,2025-02-17 05:00:00,0
398,P,2025-02-17 05:00:00,2025-02-17 06:00:00,0
361,P,2025-02-17 06:00:00,2025-02-17 07:00:00,0
338,P,2025-02-17 07:00:00,2025-02-17 08:00:00,0
262,P,2025-02-17 08:00:00,2025-02-17 09:00:00,0
271,P,2025-02-17 09:00:00,2025-02-17 10:00:00,0
252,P,2025-02-17 10:00:00,2025-02-17 11:00:00,0
261,P,2025-02-17 11:00:00,2025-02-17 12:00:00,0
283,H,2025-02-17 12:00:00,2025-02-17 13:00:00,0
263,H,2025-02-17 13:00:00,2025-02-17 14:00:00,0
238,H,2025-02-17 14:00:00,2025-02-17 15:00:00,0
253,H,2025-02-17 15:00:00,2025-02-17 16:00:00,0
276,H,2025-02-17 16:00:00,2025-02-17 17:00:00,0
272,H,2025-02-17 17:00:00,2025-02-17 18:00:00,0
248,N,2025-02-17 18:00:00,2025-02-18 16:00:00,0
205,N,2025-02-18 16:00:00,2025-02-19 14:00:00,0
282,A,2025-02-19 14:00:00,2025-02-20 02:00:00,0
558,H,2025-02-20 02:00:00,2025-02-20 03:00:00,0
505,H,2025-02-20 03:00:00,2025-02-20 04:00:00,0
292,H,2025-02-20 04:00:00,2025-02-20 05:00:00,0
703,H,2025-02-20 05:00:00,2025-02-20 06:00:00,0
453,H,2025-02-20 06:00:00,2025-02-20 07:00:00,0
778,H,2025-02-20 07:00:00,2025-02-20 08:00:00,0
786,H,2025-02-20 08:00:00,2025-02-20 09:00:00,0
787,H,2025-02-20 09:00:00,2025-02-20 10:00:00,0
688,H,2025-02-20 10:00:00,2025-02-20 11:00:00,0
677,H,2025-02-20 11:00:00,2025-02-20 12:00:00,0
464,H,2025-02-20 12:00:00,2025-02-20 13:00:00,0
493,H,2025-02-20 13:00:00,2025-02-20 14:00:00,0
476,H,2025-02-20 14:00:00,2025-02-20 15:00:00,0
779,H,2025-02-20 15:00:00,2025-02-20 16:00:00,0
477,H,2025-02-20 16:00:00,2025-02-20 17:00:00,0
729,H,2025-02-20 17:00:00,2025-02-20 18:00:00,0
728,H,2025-02-20 18:00:00,2025-02-20 19:00:00,0
478,H,2025-02-20 19:00:00,2025-02-20 20:00:00,0
465,H,2025-02-20 20:00:00,2025-02-20 21:00:00,0
293,H,2025-02-20 21:00:00,2025-02-20 22:00:00,0
83,P,2025-02-20 22:00:00,2025-02-20 23:00:00,0
664,H,2025-02-20 23:00:00,2025-02-21 00:00:00,0
88,P,2025-02-21 00:00:00,2025-02-21 01:00:00,0
428,H,2025-02-21 01:00:00,2025-02-21 02:00:00,0
432,H,2025-02-21 02:00:00,2025-02-21 03:00:00,0
447,H,2025-02-21 03:00:00,2025-02-21 04:00:00,0
452,H,2025-02-21 04:00:00,2025-02-21 05:00:00,0
94,P,2025-02-21 05:00:00,2025-02-21 06:00:00,0
437,H,2025-02-21 06:00:00,2025-02-21 07:00:00,0
438,H,2025-02-21 07:00:00,2025-02-21 08:00:00,0
504,H,2025-02-21 08:00:00,2025-02-21 09:00:00,0
796,H,2025-02-21 09:00:00,2025-02-21 10:00:00,0
87,P,2025-02-21 10:00:00,2025-02-21 11:00:00,0
707,H,2025-02-21 11:00:00,2025-02-21 12:00:00,0
81,P,2025-02-21 12:00:00,2025-02-21 13:00:00,0
429,H,2025-02-21 13:00:00,2025-02-21 14:00:00,0
458,H,2025-02-21 14:00:00,2025-02-21 15:00:00,0
82,P,2025-02-21 15:00:00,2025-02-21 16:00:00,0
795,H,2025-02-21 16:00:00,2025-02-21 17:00:00,0
326,H,2025-02-21 17:00:00,2025-02-21 18:00:00,0
294,F,2025-02-21 18:00:00,2025-02-22 03:00:00,0
494,E,2025-02-22 03:00:00,2025-02-22 05:00:00,0
370,N,2025-02-22 05:00:00,2025-02-23 07:00:00,0
223,P,2025-02-23 07:00:00,2025-02-23 13:00:00,0
202,A,2025-02-23 13:00:00,2025-02-23 19:00:00,0
330,P,2025-02-23 19:00:00,2025-02-24 01:00:00,0
348,P,2025-02-24 01:00:00,2025-02-24 07:00:00,0
296,P,2025-02-24 07:00:00,2025-02-24 13:00:00,0
297,P,2025-02-24 13:00:00,2025-02-24 19:00:00,0
222,P,2025-02-24 19:00:00,2025-02-25 01:00:00,0
197,A,2025-02-25 01:00:00,2025-02-25 07:00:00,0
198,A,2025-02-25 07:00:00,2025-02-25 13:00:00,0
333,P,2025-02-25 13:00:00,2025-02-25 19:00:00,0
309,A,2025-02-25 19:00:00,2025-02-26 01:00:00,0
185,P,2025-02-26 01:00:00,2025-02-26 07:00:00,0
334,P,2025-02-26 07:00:00,2025-02-26 13:00:00,0
349,P,2025-02-26 13:00:00,2025-02-26 19:00:00,0
184,P,2025-02-26 19:00:00,2025-02-27 01:00:00,0
350,A,2025-02-27 01:00:00,2025-02-27 07:00:00,0
347,P,2025-02-27 07:00:00,2025-02-27 13:00:00,0
200,A,2025-02-27 13:00:00,2025-02-27 19:00:00,0
298,P,2025-02-27 19:00:00,2025-02-28 01:00:00,0
186,P,2025-02-28 01:00:00,2025-02-28 04:00:00,0
201,A,2025-02-28 04:00:00,2025-02-28 07:00:00,0
224,P,2025-02-28 07:00:00,2025-02-28 10:00:00,0
310,A,2025-02-28 10:00:00,2025-02-28 13:00:00,0
203,A,2025-02-28 13:00:00,2025-02-28 16:00:00,0
351,A,2025-02-28 16:00:00,2025-02-28 19:00:00,0
99,N,2025-02-28 19:00:00,2025-02-28 20:00:00,0
100,N,2025-02-28 20:00:00,2025-02-28 21:00:00,0
96,N,2025-02-28 21:00:00,2025-02-28 22:00:00,0
95,N,2025-02-28 22:00:00,2025-02-28 23:00:00,0
97,N,2025-02-28 23:00:00,2025-03-01 00:00:00,0
98,N,2025-03-01 00:00:00,2025-03-01 01:00:00,0
101,N,2025-03-01 01:00:00,2025-03-01 02:00:00,0
102,N,2025-03-01 02:00:00,2025-03-01 03:00:00,0
156,A,2025-03-01 03:00:00,2025-03-01 10:00:00,0
139,A,2025-03-01 10:00:00,2025-03-01 17:00:00,0
147,A,2025-03-01 17:00:00,2025-03-02 00:00:00,0
153,A,2025-03-02 00:00:00,2025-03-02 07:00:00,0
181,A,2025-03-02 07:00:00,2025-03-02 12:00:00,0
281,V,2025-03-02 12:00:00,2025-03-02 14:00:00,0
266,V,2025-03-02 14:00:00,2025-03-03 08:00:00,0
265,F,2025-03-03 08:00:00,2025-03-03 23:00:00,0
240,V,2025-03-03 23:00:00,2025-03-04 03:00:00,0
239,F,2025-03-04 03:00:00,2025-03-04 06:00:00,0
187,E,2025-03-04 06:00:00,2025-03-04 07:00:00,0
149,E,2025-03-04 07:00:00,2025-03-04 08:00:00,0
175,F,2025-03-04 08:00:00,2025-03-04 20:00:00,0
237,F,2025-03-04 20:00:00,2025-03-05 03:00:00,0
255,P,2025-03-05 03:00:00,2025-03-05 06:00:00,0
543,A,2025-03-05 06:00:00,2025-03-05 18:00:00,0
341,A,2025-03-05 18:00:00,2025-03-06 06:00:00,0
584,A,2025-03-06 06:00:00,2025-03-06 18:00:00,0
459,H,2025-03-06 18:00:00,2025-03-07 00:00:00,0
316,A,2025-03-07 00:00:00,2025-03-07 05:00:00,0
299,A,2025-03-07 05:00:00,2025-03-07 10:00:00,0
284,A,2025-03-07 10:00:00,2025-03-07 15:00:00,0
213,A,2025-03-07 15:00:00,2025-03-07 20:00:00,0
245,A,2025-03-07 20:00:00,2025-03-08 01:00:00,0
148,A,2025-03-08 01:00:00,2025-03-08 06:00:00,0
182,A,2025-03-08 06:00:00,2025-03-08 11:00:00,0
225,A,2025-03-08 11:00:00,2025-03-08 16:00:00,0
285,A,2025-03-08 16:00:00,2025-03-08 21:00:00,0
254,A,2025-03-08 21:00:00,2025-03-09 02:00:00,0
312,A,2025-03-09 02:00:00,2025-03-09 07:00:00,0
246,A,2025-03-09 07:00:00,2025-03-09 12:00:00,0
273,A,2025-03-09 12:00:00,2025-03-09 17:00:00,0
295,A,2025-03-09 17:00:00,2025-03-09 22:00:00,0
158,A,2025-03-09 22:00:00,2025-03-10 03:00:00,0
300,A,2025-03-10 03:00:00,2025-03-10 08:00:00,0
231,A,2025-03-10 08:00:00,2025-03-10 13:00:00,0
311,A,2025-03-10 13:00:00,2025-03-10 18:00:00,0
159,A,2025-03-10 18:00:00,2025-03-10 23:00:00,0
241,A,2025-03-10 23:00:00,2025-03-11 04:00:00,0
212,A,2025-03-11 04:00:00,2025-03-11 09:00:00,0
277,A,2025-03-11 09:00:00,2025-03-11 14:00:00,0
274,A,2025-03-11 14:00:00,2025-03-11 19:00:00,0
490,A,2025-03-11 19:00:00,2025-03-12 18:00:00,0
508,A,2025-03-12 18:00:00,2025-03-13 17:00:00,0
544,A,2025-03-13 17:00:00,2025-03-14 16:00:00,0
650,A,2025-03-14 16:00:00,2025-03-15 15:00:00,0
424,A,2025-03-15 15:00:00,2025-03-16 14:00:00,0
372,A,2025-03-16 14:00:00,2025-03-17 13:00:00,0
163,A,2025-03-17 13:00:00,2025-03-17 18:00:00,0
315,A,2025-03-17 18:00:00,2025-03-17 23:00:00,0
233,H,2025-03-17 23:00:00,2025-03-18 03:00:00,0
411,C,2025-03-18 03:00:00,2025-03-18 04:00:00,0
473,C,2025-03-18 04:00:00,2025-03-18 05:00:00,0
373,C,2025-03-18 05:00:00,2025-03-18 06:00:00,0
710,C,2025-03-18 06:00:00,2025-03-18 07:00:00,0
585,C,2025-03-18 07:00:00,2025-03-18 08:00:00,0
509,E,2025-03-18 08:00:00,2025-03-18 09:00:00,0
412,C,2025-03-18 09:00:00,2025-03-18 10:00:00,0
502,H,2025-03-18 10:00:00,2025-03-18 22:00:00,0
414,C,2025-03-18 22:00:00,2025-03-19 03:00:00,0
138,E,2025-03-19 03:00:00,2025-03-19 04:00:00,0
154,E,2025-03-19 04:00:00,2025-03-19 05:00:00,0
413,N,2025-03-19 05:00:00,2025-03-19 19:00:00,0
275,N,2025-03-19 19:00:00,2025-03-20 09:00:00,0
587,P,2025-03-20 09:00:00,2025-03-20 16:00:00,0
615,E,2025-03-20 16:00:00,2025-03-20 20:00:00,0
267,A,2025-03-20 20:00:00,2025-03-20 21:00:00,0
353,A,2025-03-20 21:00:00,2025-03-20 23:00:00,0
287,A,2025-03-20 23:00:00,2025-03-21 01:00:00,0
247,A,2025-03-21 01:00:00,2025-03-21 03:00:00,0
313,A,2025-03-21 03:00:00,2025-03-21 05:00:00,0
317,A,2025-03-21 05:00:00,2025-03-21 07:00:00,0
322,A,2025-03-21 07:00:00,2025-03-21 09:00:00,0
327,A,2025-03-21 09:00:00,2025-03-21 11:00:00,0
363,A,2025-03-21 11:00:00,2025-03-21 13:00:00,0
289,A,2025-03-21 13:00:00,2025-03-21 15:00:00,0
335,A,2025-03-21 15:00:00,2025-03-21 17:00:00,0
286,A,2025-03-21 17:00:00,2025-03-21 19:00:00,0
278,A,2025-03-21 19:00:00,2025-03-21 21:00:00,0
257,A,2025-03-21 21:00:00,2025-03-21 23:00:00,0
595,N,2025-03-21 23:00:00,2025-03-23 01:00:00,0
378,A,2025-03-23 01:00:00,2025-03-23 02:00:00,0
342,A,2025-03-23 02:00:00,2025-03-23 03:00:00,0
609,H,2025-03-23 03:00:00,2025-03-23 09:00:00,0
166,N,2025-03-23 09:00:00,2025-03-23 10:00:00,0
169,N,2025-03-23 10:00:00,2025-03-23 11:00:00,0
165,N,2025-03-23 11:00:00,2025-03-23 12:00:00,0
164,N,2025-03-23 12:00:00,2025-03-23 13:00:00,0
168,N,2025-03-23 13:00:00,2025-03-23 14:00:00,0
167,N,2025-03-23 14:00:00,2025-03-23 15:00:00,0
497,A,2025-03-23 15:00:00,2025-03-23 16:00:00,0
383,A,2025-03-23 16:00:00,2025-03-23 17:00:00,0
399,P,2025-03-23 17:00:00,2025-03-23 18:00:00,0
367,P,2025-03-23 18:00:00,2025-03-23 19:00:00,0
510,A,2025-03-23 19:00:00,2025-03-23 20:00:00,0
405,P,2025-03-23 20:00:00,2025-03-23 21:00:00,0
496,A,2025-03-23 21:00:00,2025-03-23 22:00:00,0
524,A,2025-03-23 22:00:00,2025-03-23 23:00:00,0
393,P,2025-03-23 23:00:00,2025-03-24 00:00:00,0
512,A,2025-03-24 00:00:00,2025-03-24 01:00:00,0
404,P,2025-03-24 01:00:00,2025-03-24 02:00:00,0
538,A,2025-03-24 02:00:00,2025-03-24 03:00:00,0
374,A,2025-03-24 03:00:00,2025-03-24 04:00:00,0
421,P,2025-03-24 04:00:00,2025-03-24 05:00:00,0
439,P,2025-03-24 05:00:00,2025-03-24 06:00:00,0
537,A,2025-03-24 06:00:00,2025-03-24 07:00:00,0
392,P,2025-03-24 07:00:00,2025-03-24 08:00:00,0
400,P,2025-03-24 08:00:00,2025-03-24 09:00:00,0
511,A,2025-03-24 09:00:00,2025-03-24 10:00:00,0
382,A,2025-03-24 10:00:00,2025-03-24 11:00:00,0
268,F,2025-03-24 11:00:00,2025-03-24 12:00:00,0
415,H,2025-03-24 12:00:00,2025-03-24 13:00:00,0
192,N,2025-03-24 13:00:00,2025-03-24 14:00:00,0
195,N,2025-03-24 14:00:00,2025-03-24 15:00:00,0
194,N,2025-03-24 15:00:00,2025-03-24 16:00:00,0
711,A,2025-03-24 16:00:00,2025-03-24 17:00:00,0
188,N,2025-03-24 17:00:00,2025-03-24 18:00:00,0
193,N,2025-03-24 18:00:00,2025-03-24 19:00:00,0
191,N,2025-03-24 19:00:00,2025-03-24 20:00:00,0
189,N,2025-03-24 20:00:00,2025-03-24 21:00:00,0
190,N,2025-03-24 21:00:00,2025-03-24 22:00:00,0
441,N,2025-03-24 22:00:00,2025-03-25 00:00:00,0
214,P,2025-03-25 00:00:00,2025-03-25 01:00:00,0
242,P,2025-03-25 01:00:00,2025-03-25 02:00:00,0
232,P,2025-03-25 02:00:00,2025-03-25 03:00:00,0
215,P,2025-03-25 03:00:00,2025-03-25 04:00:00,0
319,H,2025-03-25 04:00:00,2025-03-25 07:00:00,0
394,H,2025-03-25 07:00:00,2025-03-25 19:00:00,0
264,N,2025-03-25 19:00:00,2025-03-26 07:00:00,0
498,C,2025-03-26 07:00:00,2025-03-26 16:00:00,0
416,V,2025-03-26 16:00:00,2025-03-26 18:00:00,0
535,P,2025-03-26 18:00:00,2025-03-26 19:00:00,0
536,P,2025-03-26 19:00:00,2025-03-26 20:00:00,0
909,P,2025-03-26 20:00:00,2025-03-26 21:00:00,0
906,P,2025-03-26 21:00:00,2025-03-26 22:00:00,0
460,P,2025-03-26 22:00:00,2025-03-26 23:00:00,0
888,P,2025-03-26 23:00:00,2025-03-27 00:00:00,0
863,P,2025-03-27 00:00:00,2025-03-27 01:00:00,0
919,P,2025-03-27 01:00:00,2025-03-27 02:00:00,0
861,P,2025-03-27 02:00:00,2025-03-27 03:00:00,0
564,P,2025-03-27 03:00:00,2025-03-27 04:00:00,0
887,P,2025-03-27 04:00:00,2025-03-27 05:00:00,0
486,P,2025-03-27 05:00:00,2025-03-27 06:00:00,0
506,P,2025-03-27 06:00:00,2025-03-27 07:00:00,0
489,P,2025-03-27 07:00:00,2025-03-27 08:00:00,0
569,P,2025-03-27 08:00:00,2025-03-27 09:00:00,0
898,P,2025-03-27 09:00:00,2025-03-27 10:00:00,0
467,P,2025-03-27 10:00:00,2025-03-27 11:00:00,0
495,P,2025-03-27 11:00:00,2025-03-27 12:00:00,0
440,P,2025-03-27 12:00:00,2025-03-27 13:00:00,0
523,P,2025-03-27 13:00:00,2025-03-27 14:00:00,0
468,P,2025-03-27 14:00:00,2025-03-27 15:00:00,0
579,P,2025-03-27 15:00:00,2025-03-27 16:00:00,0
565,E,2025-03-27 16:00:00,2025-03-27 17:00:00,0
897,P,2025-03-27 17:00:00,2025-03-27 18:00:00,0
559,P,2025-03-27 18:00:00,2025-03-27 19:00:00,0
466,P,2025-03-27 19:00:00,2025-03-27 20:00:00,0
568,P,2025-03-27 20:00:00,2025-03-27 21:00:00,0
860,P,2025-03-27 21:00:00,2025-03-27 22:00:00,0
548,P,2025-03-27 22:00:00,2025-03-27 23:00:00,0
549,E,2025-03-27 23:00:00,2025-03-28 00:00:00,0
507,P,2025-03-28 00:00:00,2025-03-28 01:00:00,0
433,P,2025-03-28 01:00:00,2025-03-28 02:00:00,0
689,F,2025-03-28 02:00:00,2025-03-29 08:00:00,0
455,P,2025-03-29 08:00:00,2025-03-29 14:00:00,0
358,P,2025-03-29 14:00:00,2025-03-29 20:00:00,0
454,P,2025-03-29 20:00:00,2025-03-30 02:00:00,0
332,A,2025-03-30 02:00:00,2025-03-30 08:00:00,0
354,A,2025-03-30 08:00:00,2025-03-30 14:00:00,0
388,P,2025-03-30 14:00:00,2025-03-30 20:00:00,0
356,P,2025-03-30 20:00:00,2025-03-31 02:00:00,0
384,P,2025-03-31 02:00:00,2025-03-31 08:00:00,0
331,A,2025-03-31 08:00:00,2025-03-31 14:00:00,0
425,P,2025-03-31 14:00:00,2025-03-31 20:00:00,0
525,P,2025-03-31 20:00:00,2025-04-01 02:00:00,0
461,P,2025-04-01 02:00:00,2025-04-01 08:00:00,0
526,P,2025-04-01 08:00:00,2025-04-01 14:00:00,0
355,A,2025-04-01 14:00:00,2025-04-01 20:00:00,0
357,P,2025-04-01 20:00:00,2025-04-02 02:00:00,0
527,P,2025-04-02 02:00:00,2025-04-02 08:00:00,0
435,A,2025-04-02 08:00:00,2025-04-02 11:00:00,0
320,H,2025-04-02 11:00:00,2025-04-02 14:00:00,0
426,A,2025-04-02 14:00:00,2025-04-02 17:00:00,0
418,A,2025-04-02 17:00:00,2025-04-02 20:00:00,0
390,P,2025-04-02 20:00:00,2025-04-02 21:00:00,0
318,H,2025-04-02 21:00:00,2025-04-02 22:00:00,0
712,F,2025-04-02 22:00:00,2025-04-04 04:00:00,0
256,P,2025-04-04 04:00:00,2025-04-04 05:00:00,0
288,E,2025-04-04 05:00:00,2025-04-04 06:00:00,0
368,E,2025-04-04 06:00:00,2025-04-04 07:00:00,0
314,E,2025-04-04 07:00:00,2025-04-04 08:00:00,0
395,E,2025-04-04 08:00:00,2025-04-04 09:00:00,0
760,A,2025-04-04 09:00:00,2025-04-04 10:00:00,0
836,A,2025-04-04 10:00:00,2025-04-04 11:00:00,0
910,A,2025-04-04 11:00:00,2025-04-04 12:00:00,0
705,A,2025-04-04 12:00:00,2025-04-04 13:00:00,0
668,A,2025-04-04 13:00:00,2025-04-04 14:00:00,0
896,A,2025-04-04 14:00:00,2025-04-04 15:00:00,0
750,A,2025-04-04 15:00:00,2025-04-04 16:00:00,0
513,A,2025-04-04 16:00:00,2025-04-04 17:00:00,0
514,A,2025-04-04 17:00:00,2025-04-04 18:00:00,0
885,A,2025-04-04 18:00:00,2025-04-04 19:00:00,0
654,A,2025-04-04 19:00:00,2025-04-04 20:00:00,0
840,A,2025-04-04 20:00:00,2025-04-04 21:00:00,0
751,A,2025-04-04 21:00:00,2025-04-04 22:00:00,0
913,A,2025-04-04 22:00:00,2025-04-04 23:00:00,0
895,A,2025-04-04 23:00:00,2025-04-05 00:00:00,0
680,A,2025-04-05 00:00:00,2025-04-05 01:00:00,0
807,A,2025-04-05 01:00:00,2025-04-05 02:00:00,0
891,A,2025-04-05 02:00:00,2025-04-05 03:00:00,0
831,A,2025-04-05 03:00:00,2025-04-05 04:00:00,0
890,A,2025-04-05 04:00:00,2025-04-05 05:00:00,0
821,A,2025-04-05 05:00:00,2025-04-05 06:00:00,0
843,A,2025-04-05 06:00:00,2025-04-05 07:00:00,0
829,A,2025-04-05 07:00:00,2025-04-05 08:00:00,0
865,A,2025-04-05 08:00:00,2025-04-05 09:00:00,0
908,A,2025-04-05 09:00:00,2025-04-05 10:00:00,0
652,A,2025-04-05 10:00:00,2025-04-05 11:00:00,0
866,A,2025-04-05 11:00:00,2025-04-05 12:00:00,0
841,A,2025-04-05 12:00:00,2025-04-05 13:00:00,0
515,A,2025-04-05 13:00:00,2025-04-05 14:00:00,0
809,A,2025-04-05 14:00:00,2025-04-05 15:00:00,0
653,A,2025-04-05 15:00:00,2025-04-05 16:00:00,0
692,A,2025-04-05 16:00:00,2025-04-05 17:00:00,0
912,A,2025-04-05 17:00:00,2025-04-05 18:00:00,0
900,A,2025-04-05 18:00:00,2025-04-05 19:00:00,0
651,A,2025-04-05 19:00:00,2025-04-05 20:00:00,0
768,A,2025-04-05 20:00:00,2025-04-05 21:00:00,0
820,A,2025-04-05 21:00:00,2025-04-05 22:00:00,0
911,A,2025-04-05 22:00:00,2025-04-05 23:00:00,0
830,A,2025-04-05 23:00:00,2025-04-06 00:00:00,0
901,A,2025-04-06 00:00:00,2025-04-06 01:00:00,0
907,A,2025-04-06 01:00:00,2025-04-06 02:00:00,0
681,A,2025-04-06 02:00:00,2025-04-06 03:00:00,0
832,A,2025-04-06 03:00:00,2025-04-06 04:00:00,0
759,A,2025-04-06 04:00:00,2025-04-06 05:00:00,0
818,A,2025-04-06 05:00:00,2025-04-06 06:00:00,0
769,A,2025-04-06 06:00:00,2025-04-06 07:00:00,0
704,A,2025-04-06 07:00:00,2025-04-06 08:00:00,0
916,A,2025-04-06 08:00:00,2025-04-06 09:00:00,0
822,A,2025-04-06 09:00:00,2025-04-06 10:00:00,0
828,A,2025-04-06 10:00:00,2025-04-06 11:00:00,0
810,A,2025-04-06 11:00:00,2025-04-06 12:00:00,0
827,A,2025-04-06 12:00:00,2025-04-06 13:00:00,0
864,A,2025-04-06 13:00:00,2025-04-06 14:00:00,0
842,A,2025-04-06 14:00:00,2025-04-06 15:00:00,0
691,A,2025-04-06 15:00:00,2025-04-06 16:00:00,0
819,A,2025-04-06 16:00:00,2025-04-06 17:00:00,0
669,A,2025-04-06 17:00:00,2025-04-06 18:00:00,0
872,C,2025-04-06 18:00:00,2025-04-06 19:00:00,0
551,E,2025-04-06 19:00:00,2025-04-06 20:00:00,0
554,C,2025-04-06 20:00:00,2025-04-06 21:00:00,0
552,C,2025-04-06 21:00:00,2025-04-06 22:00:00,0
553,C,2025-04-06 22:00:00,2025-04-06 23:00:00,0
871,C,2025-04-06 23:00:00,2025-04-07 00:00:00,0
480,E,2025-04-07 00:00:00,2025-04-07 01:00:00,0
550,E,2025-04-07 01:00:00,2025-04-07 02:00:00,0
528,E,2025-04-07 02:00:00,2025-04-07 03:00:00,0
873,C,2025-04-07 03:00:00,2025-04-07 04:00:00,0
588,C,2025-04-07 04:00:00,2025-04-07 05:00:00,0
417,N,2025-04-07 05:00:00,2025-04-07 22:00:00,0
474,N,2025-04-07 22:00:00,2025-04-08 15:00:00,0
329,N,2025-04-08 15:00:00,2025-04-09 08:00:00,0
539,A,2025-04-09 08:00:00,2025-04-09 09:00:00,0
430,A,2025-04-09 09:00:00,2025-04-09 10:00:00,0
462,A,2025-04-09 10:00:00,2025-04-09 11:00:00,0
499,A,2025-04-09 11:00:00,2025-04-09 12:00:00,0
391,A,2025-04-09 12:00:00,2025-04-09 13:00:00,0
402,A,2025-04-09 13:00:00,2025-04-09 14:00:00,0
449,A,2025-04-09 14:00:00,2025-04-09 15:00:00,0
450,A,2025-04-09 15:00:00,2025-04-09 16:00:00,0
470,A,2025-04-09 16:00:00,2025-04-09 17:00:00,0
469,A,2025-04-09 17:00:00,2025-04-09 18:00:00,0
448,A,2025-04-09 18:00:00,2025-04-09 19:00:00,0
451,A,2025-04-09 19:00:00,2025-04-09 20:00:00,0
482,A,2025-04-09 20:00:00,2025-04-09 21:00:00,0
401,A,2025-04-09 21:00:00,2025-04-09 22:00:00,0
422,A,2025-04-09 22:00:00,2025-04-09 23:00:00,0
396,A,2025-04-09 23:00:00,2025-04-10 00:00:00,0
456,A,2025-04-10 00:00:00,2025-04-10 01:00:00,0
385,A,2025-04-10 01:00:00,2025-04-10 02:00:00,0
471,A,2025-04-10 02:00:00,2025-04-10 03:00:00,0
406,A,2025-04-10 03:00:00,2025-04-10 04:00:00,0
339,A,2025-04-10 04:00:00,2025-04-10 09:00:00,0
340,A,2025-04-10 09:00:00,2025-04-10 11:00:00,0
690,N,2025-04-10 11:00:00,2025-04-10 16:00:00,0
646,N,2025-04-10 16:00:00,2025-04-10 21:00:00,0
639,N,2025-04-10 21:00:00,2025-04-11 02:00:00,0
302,N,2025-04-11 02:00:00,2025-04-11 03:00:00,0
303,N,2025-04-11 03:00:00,2025-04-11 04:00:00,0
301,N,2025-04-11 04:00:00,2025-04-11 05:00:00,0
304,N,2025-04-11 05:00:00,2025-04-11 06:00:00,0
706,E,2025-04-11 06:00:00,2025-04-11 07:00:00,0
483,E,2025-04-11 07:00:00,2025-04-11 08:00:00,0
844,H,2025-04-11 08:00:00,2025-04-11 09:00:00,0
530,E,2025-04-11 09:00:00,2025-04-11 10:00:00,0
811,H,2025-04-11 10:00:00,2025-04-11 11:00:00,0
725,E,2025-04-11 11:00:00,2025-04-11 12:00:00,0
693,E,2025-04-11 12:00:00,2025-04-11 13:00:00,0
500,E,2025-04-11 13:00:00,2025-04-11 14:00:00,0
472,E,2025-04-11 14:00:00,2025-04-11 15:00:00,0
487,E,2025-04-11 15:00:00,2025-04-11 16:00:00,0
670,E,2025-04-11 16:00:00,2025-04-11 17:00:00,0
694,E,2025-04-11 17:00:00,2025-04-11 18:00:00,0
665,E,2025-04-11 18:00:00,2025-04-11 19:00:00,0
529,E,2025-04-11 19:00:00,2025-04-11 20:00:00,0
682,E,2025-04-11 20:00:00,2025-04-11 21:00:00,0
823,H,2025-04-11 21:00:00,2025-04-11 22:00:00,0
671,E,2025-04-11 22:00:00,2025-04-11 23:00:00,0
306,N,2025-04-11 23:00:00,2025-04-12 01:00:00,0
328,A,2025-04-12 01:00:00,2025-04-12 08:00:00,0
407,A,2025-04-12 08:00:00,2025-04-12 15:00:00,0
376,A,2025-04-12 15:00:00,2025-04-12 22:00:00,0
323,A,2025-04-12 22:00:00,2025-04-13 05:00:00,0
387,A,2025-04-13 05:00:00,2025-04-13 12:00:00,0
364,A,2025-04-13 12:00:00,2025-04-13 19:00:00,0
403,A,2025-04-13 19:00:00,2025-04-14 02:00:00,0
377,A,2025-04-14 02:00:00,2025-04-14 09:00:00,0
386,A,2025-04-14 09:00:00,2025-04-14 14:00:00,0
336,A,2025-04-14 14:00:00,2025-04-14 18:00:00,0
555,H,2025-04-14 18:00:00,2025-04-14 19:00:00,0
423,A,2025-04-14 19:00:00,2025-04-14 20:00:00,0
603,P,2025-04-14 20:00:00,2025-04-15 00:00:00,0
743,H,2025-04-15 00:00:00,2025-04-15 06:00:00,0
397,A,2025-04-15 06:00:00,2025-04-15 13:00:00,0
761,E,2025-04-15 13:00:00,2025-04-15 14:00:00,0
780,E,2025-04-15 14:00:00,2025-04-15 15:00:00,0
733,E,2025-04-15 15:00:00,2025-04-15 16:00:00,0
730,E,2025-04-15 16:00:00,2025-04-15 17:00:00,0
516,M,2025-04-15 17:00:00,2025-04-15 18:00:00,0
726,E,2025-04-15 18:00:00,2025-04-15 19:00:00,0
797,E,2025-04-15 19:00:00,2025-04-15 20:00:00,0
366,P,2025-04-15 20:00:00,2025-04-15 21:00:00,0
381,P,2025-04-15 21:00:00,2025-04-15 22:00:00,0
479,P,2025-04-15 22:00:00,2025-04-15 23:00:00,0
375,P,2025-04-15 23:00:00,2025-04-16 00:00:00,0
371,P,2025-04-16 00:00:00,2025-04-16 01:00:00,0
362,P,2025-04-16 01:00:00,2025-04-16 02:00:00,0
542,A,2025-04-16 02:00:00,2025-04-16 03:00:00,0
606,H,2025-04-16 03:00:00,2025-04-16 04:00:00,0
766,N,2025-04-16 04:00:00,2025-04-16 09:00:00,0
930,P,2025-04-16 09:00:00,2025-04-16 20:00:00,0
420,A,2025-04-16 20:00:00,2025-04-16 23:00:00,0
419,A,2025-04-16 23:00:00,2025-04-17 02:00:00,0
586,E,2025-04-17 02:00:00,2025-04-17 03:00:00,0
638,E,2025-04-17 03:00:00,2025-04-17 04:00:00,0
624,E,2025-04-17 04:00:00,2025-04-17 05:00:00,0
608,E,2025-04-17 05:00:00,2025-04-17 06:00:00,0
617,E,2025-04-17 06:00:00,2025-04-17 07:00:00,0
434,A,2025-04-17 07:00:00,2025-04-17 10:00:00,0
640,E,2025-04-17 10:00:00,2025-04-17 11:00:00,0
667,N,2025-04-17 11:00:00,2025-04-18 16:00:00,0
562,E,2025-04-18 16:00:00,2025-04-18 17:00:00,0
590,E,2025-04-18 17:00:00,2025-04-18 18:00:00,0
573,P,2025-04-18 18:00:00,2025-04-19 02:00:00,0
574,P,2025-04-19 02:00:00,2025-04-19 10:00:00,0
575,P,2025-04-19 10:00:00,2025-04-19 14:00:00,0
591,A,2025-04-19 14:00:00,2025-04-19 15:00:00,0
955,A,2025-04-19 15:00:00,2025-04-19 16:00:00,0
954,A,2025-04-19 16:00:00,2025-04-19 17:00:00,0
747,H,2025-04-19 17:00:00,2025-04-20 05:00:00,0
481,A,2025-04-20 05:00:00,2025-04-20 07:00:00,0
947,H,2025-04-20 07:00:00,2025-04-20 08:00:00,0
673,E,2025-04-20 08:00:00,2025-04-20 09:00:00,0
924,H,2025-04-20 09:00:00,2025-04-20 10:00:00,0
938,H,2025-04-20 10:00:00,2025-04-20 11:00:00,0
948,H,2025-04-20 11:00:00,2025-04-20 12:00:00,0
852,H,2025-04-20 12:00:00,2025-04-20 13:00:00,0
812,H,2025-04-20 13:00:00,2025-04-20 14:00:00,0
856,H,2025-04-20 14:00:00,2025-04-20 15:00:00,0
853,H,2025-04-20 15:00:00,2025-04-20 16:00:00,0
854,H,2025-04-20 16:00:00,2025-04-20 17:00:00,0
582,N,2025-04-20 17:00:00,2025-04-21 10:00:00,0
556,N,2025-04-21 10:00:00,2025-04-22 03:00:00,0
503,N,2025-04-22 03:00:00,2025-04-22 13:00:00,0
589,A,2025-04-22 13:00:00,2025-04-22 14:00:00,0
618,A,2025-04-22 14:00:00,2025-04-22 15:00:00,0
657,A,2025-04-22 15:00:00,2025-04-22 16:00:00,0
545,A,2025-04-22 16:00:00,2025-04-22 17:00:00,0
567,A,2025-04-22 17:00:00,2025-04-22 18:00:00,0
619,A,2025-04-22 18:00:00,2025-04-22 19:00:00,0
636,A,2025-04-22 19:00:00,2025-04-22 20:00:00,0
604,A,2025-04-22 20:00:00,2025-04-22 21:00:00,0
610,A,2025-04-22 21:00:00,2025-04-22 22:00:00,0
572,A,2025-04-22 22:00:00,2025-04-22 23:00:00,0
560,A,2025-04-22 23:00:00,2025-04-23 00:00:00,0
518,A,2025-04-23 00:00:00,2025-04-23 01:00:00,0
641,A,2025-04-23 01:00:00,2025-04-23 02:00:00,0
570,A,2025-04-23 02:00:00,2025-04-23 03:00:00,0
672,A,2025-04-23 03:00:00,2025-04-23 04:00:00,0
540,A,2025-04-23 04:00:00,2025-04-23 05:00:00,0
546,A,2025-04-23 05:00:00,2025-04-23 06:00:00,0
656,A,2025-04-23 06:00:00,2025-04-23 07:00:00,0
655,A,2025-04-23 07:00:00,2025-04-23 08:00:00,0
695,A,2025-04-23 08:00:00,2025-04-23 09:00:00,0
580,A,2025-04-23 09:00:00,2025-04-23 10:00:00,0
566,A,2025-04-23 10:00:00,2025-04-23 11:00:00,0
561,A,2025-04-23 11:00:00,2025-04-23 12:00:00,0
596,A,2025-04-23 12:00:00,2025-04-23 13:00:00,0
594,A,2025-04-23 13:00:00,2025-04-23 14:00:00,0
519,A,2025-04-23 14:00:00,2025-04-23 21:00:00,0
581,A,2025-04-23 21:00:00,2025-04-24 04:00:00,0
592,A,2025-04-24 04:00:00,2025-04-24 11:00:00,0
605,A,2025-04-24 11:00:00,2025-04-24 18:00:00,0
611,A,2025-04-24 18:00:00,2025-04-25 01:00:00,0
658,A,2025-04-25 01:00:00,2025-04-25 08:00:00,0
597,A,2025-04-25 08:00:00,2025-04-25 15:00:00,0
637,A,2025-04-25 15:00:00,2025-04-25 20:00:00,0
659,A,2025-04-25 20:00:00,2025-04-26 01:00:00,0
501,A,2025-04-26 01:00:00,2025-04-26 03:00:00,0
484,A,2025-04-26 03:00:00,2025-04-26 05:00:00,0
488,A,2025-04-26 05:00:00,2025-04-26 07:00:00,0
625,H,2025-04-26 07:00:00,2025-04-26 08:00:00,0
931,A,2025-04-26 08:00:00,2025-04-26 20:00:00,0
920,H,2025-04-26 20:00:00,2025-04-27 02:00:00,0
563,A,2025-04-27 02:00:00,2025-04-27 09:00:00,0
547,A,2025-04-27 09:00:00,2025-04-27 16:00:00,0
520,A,2025-04-27 16:00:00,2025-04-27 23:00:00,0
541,A,2025-04-27 23:00:00,2025-04-28 06:00:00,0
616,A,2025-04-28 06:00:00,2025-04-29 11:00:00,0
775,P,2025-04-29 11:00:00,2025-04-29 14:00:00,0
774,P,2025-04-29 14:00:00,2025-04-29 17:00:00,0
614,P,2025-04-29 17:00:00,2025-04-29 20:00:00,0
601,P,2025-04-29 20:00:00,2025-04-29 23:00:00,0
630,P,2025-04-29 23:00:00,2025-04-30 02:00:00,0
602,P,2025-04-30 02:00:00,2025-04-30 05:00:00,0
715,P,2025-04-30 05:00:00,2025-04-30 08:00:00,0
717,P,2025-04-30 08:00:00,2025-04-30 11:00:00,0
716,P,2025-04-30 11:00:00,2025-04-30 14:00:00,0
773,P,2025-04-30 14:00:00,2025-04-30 17:00:00,0
772,P,2025-04-30 17:00:00,2025-04-30 20:00:00,0
771,P,2025-04-30 20:00:00,2025-04-30 23:00:00,0
770,P,2025-04-30 23:00:00,2025-05-01 02:00:00,0
631,P,2025-05-01 02:00:00,2025-05-01 05:00:00,0
634,P,2025-05-01 05:00:00,2025-05-01 08:00:00,0
613,P,2025-05-01 08:00:00,2025-05-01 11:00:00,0
632,P,2025-05-01 11:00:00,2025-05-01 14:00:00,0
612,P,2025-05-01 14:00:00,2025-05-01 17:00:00,0
633,P,2025-05-01 17:00:00,2025-05-01 20:00:00,0
714,P,2025-05-01 20:00:00,2025-05-01 23:00:00,0
718,P,2025-05-01 23:00:00,2025-05-02 02:00:00,0
678,P,2025-05-02 02:00:00,2025-05-02 03:00:00,0
593,H,2025-05-02 03:00:00,2025-05-02 04:00:00,0
679,P,2025-05-02 04:00:00,2025-05-02 05:00:00,0
767,N,2025-05-02 05:00:00,2025-05-02 10:00:00,0
649,V,2025-05-02 10:00:00,2025-05-03 18:00:00,0
557,H,2025-05-03 18:00:00,2025-05-04 18:00:00,0
697,A,2025-05-04 18:00:00,2025-05-04 21:00:00,0
699,A,2025-05-04 21:00:00,2025-05-05 00:00:00,0
698,A,2025-05-05 00:00:00,2025-05-05 03:00:00,0
629,A,2025-05-05 03:00:00,2025-05-05 06:00:00,0
627,A,2025-05-05 06:00:00,2025-05-05 09:00:00,0
628,A,2025-05-05 09:00:00,2025-05-05 12:00:00,0
696,A,2025-05-05 12:00:00,2025-05-05 15:00:00,0
850,C,2025-05-05 15:00:00,2025-05-05 16:00:00,0
849,C,2025-05-05 16:00:00,2025-05-05 17:00:00,0
723,C,2025-05-05 17:00:00,2025-05-05 18:00:00,0
833,A,2025-05-05 18:00:00,2025-05-06 06:00:00,0
790,A,2025-05-06 06:00:00,2025-05-06 18:00:00,0
731,A,2025-05-06 18:00:00,2025-05-07 06:00:00,0
752,A,2025-05-07 06:00:00,2025-05-07 16:00:00,0
684,A,2025-05-07 16:00:00,2025-05-08 01:00:00,0
517,M,2025-05-08 01:00:00,2025-05-08 04:00:00,0
713,N,2025-05-08 04:00:00,2025-05-09 06:00:00,0
577,A,2025-05-09 06:00:00,2025-05-09 10:00:00,0
578,A,2025-05-09 10:00:00,2025-05-09 14:00:00,0
533,A,2025-05-09 14:00:00,2025-05-09 17:00:00,0
600,A,2025-05-09 17:00:00,2025-05-09 20:00:00,0
598,A,2025-05-09 20:00:00,2025-05-09 23:00:00,0
531,A,2025-05-09 23:00:00,2025-05-10 02:00:00,0
534,A,2025-05-10 02:00:00,2025-05-10 05:00:00,0
599,A,2025-05-10 05:00:00,2025-05-10 08:00:00,0
788,P,2025-05-10 08:00:00,2025-05-10 09:00:00,0
758,P,2025-05-10 09:00:00,2025-05-10 10:00:00,0
742,P,2025-05-10 10:00:00,2025-05-10 11:00:00,0
789,P,2025-05-10 11:00:00,2025-05-10 12:00:00,0
765,P,2025-05-10 12:00:00,2025-05-10 13:00:00,0
749,P,2025-05-10 13:00:00,2025-05-10 14:00:00,0
532,A,2025-05-10 14:00:00,2025-05-10 17:00:00,0
727,E,2025-05-10 17:00:00,2025-05-10 18:00:00,0
683,E,2025-05-10 18:00:00,2025-05-10 19:00:00,0
576,A,2025-05-10 19:00:00,2025-05-11 02:00:00,0
724,N,2025-05-11 02:00:00,2025-05-11 16:00:00,0
748,N,2025-05-11 16:00:00,2025-05-12 06:00:00,0
644,N,2025-05-12 06:00:00,2025-05-12 20:00:00,0
620,M,2025-05-12 20:00:00,2025-05-13 01:00:00,0
734,A,2025-05-13 01:00:00,2025-05-13 04:00:00,0
702,A,2025-05-13 04:00:00,2025-05-13 07:00:00,0
776,A,2025-05-13 07:00:00,2025-05-13 10:00:00,0
802,A,2025-05-13 10:00:00,2025-05-13 13:00:00,0
798,A,2025-05-13 13:00:00,2025-05-13 15:00:00,0
762,A,2025-05-13 15:00:00,2025-05-13 17:00:00,0
701,A,2025-05-13 17:00:00,2025-05-13 19:00:00,0
732,A,2025-05-13 19:00:00,2025-05-13 21:00:00,0
700,V,2025-05-13 21:00:00,2025-05-15 12:00:00,0
791,A,2025-05-15 12:00:00,2025-05-15 18:00:00,0
958,A,2025-05-15 18:00:00,2025-05-16 00:00:00,0
647,M,2025-05-16 00:00:00,2025-05-16 01:00:00,0
571,H,2025-05-16 01:00:00,2025-05-16 02:00:00,0
686,H,2025-05-16 02:00:00,2025-05-16 20:00:00,0
685,A,2025-05-16 20:00:00,2025-05-17 14:00:00,0
899,N,2025-05-17 14:00:00,2025-05-17 19:00:00,0
626,A,2025-05-17 19:00:00,2025-05-18 00:00:00,0
621,A,2025-05-18 00:00:00,2025-05-18 05:00:00,0
889,N,2025-05-18 05:00:00,2025-05-18 08:00:00,0
989,H,2025-05-18 08:00:00,2025-05-18 14:00:00,0
583,P,2025-05-18 14:00:00,2025-05-18 17:00:00,0
834,H,2025-05-18 17:00:00,2025-05-18 20:00:00,0
874,H,2025-05-18 20:00:00,2025-05-18 23:00:00,0
622,F,2025-05-18 23:00:00,2025-05-19 08:00:00,0
642,E,2025-05-19 08:00:00,2025-05-19 09:00:00,0
607,P,2025-05-19 09:00:00,2025-05-19 10:00:00,0
755,F,2025-05-19 10:00:00,2025-05-20 17:00:00,0
785,F,2025-05-20 17:00:00,2025-05-22 00:00:00,0
745,F,2025-05-22 00:00:00,2025-05-23 07:00:00,0
756,F,2025-05-23 07:00:00,2025-05-24 14:00:00,0
753,E,2025-05-24 14:00:00,2025-05-24 15:00:00,0
875,H,2025-05-24 15:00:00,2025-05-24 16:00:00,0
764,E,2025-05-24 16:00:00,2025-05-24 17:00:00,0
754,E,2025-05-24 17:00:00,2025-05-24 18:00:00,0
781,E,2025-05-24 18:00:00,2025-05-24 19:00:00,0
763,E,2025-05-24 19:00:00,2025-05-24 20:00:00,0
793,A,2025-05-24 20:00:00,2025-05-26 01:00:00,0
846,A,2025-05-26 01:00:00,2025-05-26 08:00:00,0
741,A,2025-05-26 08:00:00,2025-05-26 15:00:00,0
837,A,2025-05-26 15:00:00,2025-05-26 22:00:00,0
847,A,2025-05-26 22:00:00,2025-05-27 05:00:00,0
808,A,2025-05-27 05:00:00,2025-05-27 07:00:00,0
862,E,2025-05-27 07:00:00,2025-05-27 08:00:00,0
757,E,2025-05-27 08:00:00,2025-05-27 09:00:00,0
648,M,2025-05-27 09:00:00,2025-05-27 11:00:00,0
643,P,2025-05-27 11:00:00,2025-05-27 12:00:00,0
645,P,2025-05-27 12:00:00,2025-05-27 13:00:00,0
662,A,2025-05-27 13:00:00,2025-05-27 20:00:00,0
666,E,2025-05-27 20:00:00,2025-05-27 21:00:00,0
635,F,2025-05-27 21:00:00,2025-05-28 01:00:00,0
876,F,2025-05-28 01:00:00,2025-05-28 13:00:00,0
663,A,2025-05-28 13:00:00,2025-05-28 20:00:00,0
676,E,2025-05-28 20:00:00,2025-05-28 21:00:00,0
661,E,2025-05-28 21:00:00,2025-05-28 22:00:00,0
675,E,2025-05-28 22:00:00,2025-05-28 23:00:00,0
660,E,2025-05-28 23:00:00,2025-05-29 00:00:00,0
687,E,2025-05-29 00:00:00,2025-05-29 01:00:00,0
674,E,2025-05-29 01:00:00,2025-05-29 02:00:00,0
848,C,2025-05-29 02:00:00,2025-05-29 08:00:00,0
845,N,2025-05-29 08:00:00,2025-05-30 10:00:00,0
851,A,2025-05-30 10:00:00,2025-05-30 13:00:00,0
720,E,2025-05-30 13:00:00,2025-05-30 14:00:00,0
722,E,2025-05-30 14:00:00,2025-05-30 15:00:00,0
721,E,2025-05-30 15:00:00,2025-05-30 16:00:00,0
719,E,2025-05-30 16:00:00,2025-05-30 17:00:00,0
792,H,2025-05-30 17:00:00,2025-05-30 20:00:00,0
855,N,2025-05-30 20:00:00,2025-05-31 01:00:00,0
986,N,2025-05-31 01:00:00,2025-05-31 06:00:00,0
951,N,2025-05-31 06:00:00,2025-05-31 11:00:00,0
937,N,2025-05-31 11:00:00,2025-05-31 16:00:00,0
744,N,2025-05-31 16:00:00,2025-06-01 07:00:00,0
736,N,2025-06-01 07:00:00,2025-06-01 08:00:00,0
737,N,2025-06-01 08:00:00,2025-06-01 09:00:00,0
738,N,2025-06-01 09:00:00,2025-06-01 10:00:00,0
740,N,2025-06-01 10:00:00,2025-06-01 11:00:00,0
739,N,2025-06-01 11:00:00,2025-06-01 12:00:00,0
735,N,2025-06-01 12:00:00,2025-06-01 13:00:00,0
892,N,2025-06-01 13:00:00,2025-06-02 06:00:00,0
886,N,2025-06-02 06:00:00,2025-06-02 23:00:00,0
857,N,2025-06-02 23:00:00,2025-06-03 16:00:00,0
978,N,2025-06-03 16:00:00,2025-06-03 21:00:00,0
782,N,2025-06-03 21:00:00,2025-06-04 02:00:00,0
777,N,2025-06-04 02:00:00,2025-06-04 07:00:00,0
925,N,2025-06-04 07:00:00,2025-06-04 11:00:00,0
971,N,2025-06-04 11:00:00,2025-06-04 14:00:00,0
972,A,2025-06-04 14:00:00,2025-06-04 21:00:00,0
976,A,2025-06-04 21:00:00,2025-06-05 04:00:00,0
835,A,2025-06-05 04:00:00,2025-06-05 11:00:00,0
966,A,2025-06-05 11:00:00,2025-06-05 18:00:00,0
952,A,2025-06-05 18:00:00,2025-06-06 01:00:00,0
746,N,2025-06-06 01:00:00,2025-06-06 06:00:00,0
977,A,2025-06-06 06:00:00,2025-06-06 10:00:00,0
959,F,2025-06-06 10:00:00,2025-06-07 17:00:00,0
878,F,2025-06-07 17:00:00,2025-06-09 00:00:00,0
858,F,2025-06-09 00:00:00,2025-06-10 07:00:00,0
961,F,2025-06-10 07:00:00,2025-06-11 14:00:00,0
879,F,2025-06-11 14:00:00,2025-06-12 21:00:00,0
877,F,2025-06-12 21:00:00,2025-06-14 04:00:00,0
838,P,2025-06-14 04:00:00,2025-06-14 10:00:00,0
815,P,2025-06-14 10:00:00,2025-06-14 16:00:00,0
816,P,2025-06-14 16:00:00,2025-06-14 22:00:00,0
902,A,2025-06-14 22:00:00,2025-06-15 01:00:00,0
814,A,2025-06-15 01:00:00,2025-06-15 04:00:00,0
839,P,2025-06-15 04:00:00,2025-06-15 07:00:00,0
903,A,2025-06-15 07:00:00,2025-06-15 10:00:00,0
880,F,2025-06-15 10:00:00,2025-06-16 17:00:00,0
960,F,2025-06-16 17:00:00,2025-06-18 00:00:00,0
956,N,2025-06-18 00:00:00,2025-06-19 05:00:00,0
914,H,2025-06-19 05:00:00,2025-06-19 06:00:00,0
922,H,2025-06-19 06:00:00,2025-06-19 07:00:00,0
904,H,2025-06-19 07:00:00,2025-06-19 08:00:00,0
794,E,2025-06-19 08:00:00,2025-06-19 09:00:00,0
917,H,2025-06-19 09:00:00,2025-06-19 17:00:00,0
935,A,2025-06-19 17:00:00,2025-06-20 16:00:00,0
894,A,2025-06-20 16:00:00,2025-06-21 15:00:00,0
932,A,2025-06-21 15:00:00,2025-06-22 14:00:00,0
980,A,2025-06-22 14:00:00,2025-06-23 13:00:00,0
981,A,2025-06-23 13:00:00,2025-06-24 12:00:00,0
934,A,2025-06-24 12:00:00,2025-06-25 11:00:00,0
979,A,2025-06-25 11:00:00,2025-06-26 10:00:00,0
967,A,2025-06-26 10:00:00,2025-06-27 09:00:00,0
883,P,2025-06-27 09:00:00,2025-06-27 20:00:00,0
882,P,2025-06-27 20:00:00,2025-06-28 07:00:00,0
905,P,2025-06-28 07:00:00,2025-06-28 18:00:00,0
817,A,2025-06-28 18:00:00,2025-06-29 01:00:00,0
783,A,2025-06-29 01:00:00,2025-06-29 08:00:00,0
800,P,2025-06-29 08:00:00,2025-06-29 14:00:00,0
784,P,2025-06-29 14:00:00,2025-06-29 20:00:00,0
799,P,2025-06-29 20:00:00,2025-06-30 02:00:00,0
801,P,2025-06-30 02:00:00,2025-06-30 05:00:00,0
968,C,2025-06-30 05:00:00,2025-06-30 06:00:00,0
949,C,2025-06-30 06:00:00,2025-06-30 07:00:00,0
936,C,2025-06-30 07:00:00,2025-06-30 08:00:00,0
867,C,2025-06-30 08:00:00,2025-06-30 09:00:00,0
970,C,2025-06-30 09:00:00,2025-06-30 10:00:00,0
962,E,2025-06-30 10:00:00,2025-06-30 11:00:00,0
969,C,2025-06-30 11:00:00,2025-06-30 12:00:00,0
884,C,2025-06-30 12:00:00,2025-06-30 13:00:00,0
859,F,2025-06-30 13:00:00,2025-06-30 20:00:00,0
973,N,2025-06-30 20:00:00,2025-06-30 22:00:00,0
974,N,2025-06-30 22:00:00,2025-07-01 00:00:00,0
893,E,2025-07-01 00:00:00,2025-07-01 01:00:00,0
881,E,2025-07-01 01:00:00,2025-07-01 02:00:00,0
994,N,2025-07-01 02:00:00,2025-07-01 05:00:00,0
804,N,2025-07-01 05:00:00,2025-07-01 06:00:00,0
806,N,2025-07-01 06:00:00,2025-07-01 07:00:00,0
805,N,2025-07-01 07:00:00,2025-07-01 08:00:00,0
803,N,2025-07-01 08:00:00,2025-07-01 09:00:00,0
940,N,2025-07-01 09:00:00,2025-07-02 02:00:00,0
813,A,2025-07-02 02:00:00,2025-07-02 03:00:00,0
923,A,2025-07-02 03:00:00,2025-07-02 12:00:00,0
825,N,2025-07-02 12:00:00,2025-07-02 13:00:00,0
826,N,2025-07-02 13:00:00,2025-07-02 14:00:00,0
824,N,2025-07-02 14:00:00,2025-07-02 15:00:00,0
975,C,2025-07-02 15:00:00,2025-07-03 00:00:00,0
988,N,2025-07-03 00:00:00,2025-07-03 17:00:00,0
1000,N,2025-07-03 17:00:00,2025-07-04 10:00:00,0
942,E,2025-07-04 10:00:00,2025-07-04 11:00:00,0
941,E,2025-07-04 11:00:00,2025-07-04 12:00:00,0
953,E,2025-07-04 12:00:00,2025-07-04 13:00:00,0
990,H,2025-07-04 13:00:00,2025-07-04 14:00:00,0
868,N,2025-07-04 14:00:00,2025-07-04 15:00:00,0
869,N,2025-07-04 15:00:00,2025-07-04 16:00:00,0
870,N,2025-07-04 16:00:00,2025-07-04 17:00:00,0
957,C,2025-07-04 17:00:00,2025-07-04 18:00:00,0
993,A,2025-07-04 18:00:00,2025-07-04 19:00:00,0
943,C,2025-07-04 19:00:00,2025-07-04 20:00:00,0
918,C,2025-07-04 20:00:00,2025-07-04 21:00:00,0
983,F,2025-07-04 21:00:00,2025-07-06 03:00:00,0
995,F,2025-07-06 03:00:00,2025-07-07 09:00:00,0
982,F,2025-07-07 09:00:00,2025-07-08 15:00:00,0
996,F,2025-07-08 15:00:00,2025-07-09 21:00:00,0
985,F,2025-07-09 21:00:00,2025-07-11 03:00:00,0
998,F,2025-07-11 03:00:00,2025-07-12 09:00:00,0
964,F,2025-07-12 09:00:00,2025-07-13 15:00:00,0
933,A,2025-07-13 15:00:00,2025-07-13 16:00:00,0
950,F,2025-07-13 16:00:00,2025-07-14 22:00:00,0
984,F,2025-07-14 22:00:00,2025-07-16 04:00:00,0
945,F,2025-07-16 04:00:00,2025-07-17 10:00:00,0
963,F,2025-07-17 10:00:00,2025-07-18 16:00:00,0
997,F,2025-07-18 16:00:00,2025-07-19 22:00:00,0
915,E,2025-07-19 22:00:00,2025-07-19 23:00:00,0
992,N,2025-07-19 23:00:00,2025-07-21 01:00:00,0
946,P,2025-07-21 01:00:00,2025-07-21 02:00:00,0
921,E,2025-07-21 02:00:00,2025-07-21 03:00:00,0
965,E,2025-07-21 03:00:00,2025-07-21 04:00:00,0
939,E,2025-07-21 04:00:00,2025-07-21 05:00:00,0
944,P,2025-07-21 05:00:00,2025-07-21 06:00:00,0
987,E,2025-07-21 06:00:00,2025-07-21 07:00:00,0
1001,E,2025-07-21 07:00:00,2025-07-21 08:00:00,0
926,N,2025-07-21 08:00:00,2025-07-21 09:00:00,0
927,N,2025-07-21 09:00:00,2025-07-21 10:00:00,0
928,N,2025-07-21 10:00:00,2025-07-21 11:00:00,0
929,N,2025-07-21 11:00:00,2025-07-21 12:00:00,0
999,V,2025-07-21 12:00:00,2025-07-23 00:00:00,0
991,V,2025-07-23 00:00:00,2025-07-23 04:00:00,0
